{
  "sum_areas": 0.3982741677784662,
  "final_score": 0.8532166288583135,
  "final_size_score": 0.6574257647597836,
  "final_matched_text_score": 0.9747804646988315,
  "final_position_score": 0.8893943375594823,
  "final_text_color_score": 0.8460301761122752,
  "final_clip_score": 0.8984524011611938
}