{
  "sum_areas": 0.6021405925825972,
  "final_score": 0.7667594084559715,
  "final_size_score": 0.16384727100456659,
  "final_matched_text_score": 0.9567828206732041,
  "final_position_score": 0.9229736933599941,
  "final_text_color_score": 0.8602034424837917,
  "final_clip_score": 0.9299898147583008
}