{
  "sum_areas": 0.33174028739594547,
  "final_score": 0.8656924633610761,
  "final_size_score": 0.7043959437604386,
  "final_matched_text_score": 0.9727609185323925,
  "final_position_score": 0.8403555031629893,
  "final_text_color_score": 0.8828667699683344,
  "final_clip_score": 0.9280831813812256
}