{
  "sum_areas": 0.2070049389643219,
  "final_score": 0.742663872353001,
  "final_size_score": 0.4101189839252019,
  "final_matched_text_score": 0.9580014480265062,
  "final_position_score": 0.8842560644160364,
  "final_text_color_score": 0.5688664326923345,
  "final_clip_score": 0.8920764327049255
}