{
  "sum_areas": 0.2610231199826812,
  "final_score": 0.9037821339562392,
  "final_size_score": 0.9856891172814034,
  "final_matched_text_score": 0.9809282486527011,
  "final_position_score": 0.8866457857892172,
  "final_text_color_score": 0.7345467919302492,
  "final_clip_score": 0.9311007261276245
}