{
  "sum_areas": 0.25809735653223864,
  "final_score": 0.7637645474346717,
  "final_size_score": 0.38081216459668266,
  "final_matched_text_score": 0.9697593982303843,
  "final_position_score": 0.8015946859051447,
  "final_text_color_score": 0.8494026603924406,
  "final_clip_score": 0.817253828048706
}