{
  "sum_areas": 0.0797775607638889,
  "final_score": 0.9450434447261042,
  "final_size_score": 0.9999999999999998,
  "final_matched_text_score": 0.9282079215131017,
  "final_position_score": 0.9549603174603174,
  "final_text_color_score": 0.9437057792051372,
  "final_clip_score": 0.8983432054519653
}