{
  "sum_areas": 0.046898367847862145,
  "final_score": 0.8706041997825106,
  "final_size_score": 0.98430744833654,
  "final_matched_text_score": 0.9888369812093148,
  "final_position_score": 0.8758907568198284,
  "final_text_color_score": 0.5625253223201233,
  "final_clip_score": 0.9414604902267456
}