{
  "sum_areas": 0.3563368394943238,
  "final_score": 0.939703837533007,
  "final_size_score": 0.9831086178244384,
  "final_matched_text_score": 0.9919413267232274,
  "final_position_score": 0.9526973002180096,
  "final_text_color_score": 0.8693775756813422,
  "final_clip_score": 0.9013943672180176
}