{
  "sum_areas": 0.22401679451417036,
  "final_score": 0.8743986004006667,
  "final_size_score": 0.8995650961157735,
  "final_matched_text_score": 0.9846991788168258,
  "final_position_score": 0.7734604754350796,
  "final_text_color_score": 0.8192092025061679,
  "final_clip_score": 0.8950590491294861
}