{
  "sum_areas": 0.011051432291666666,
  "final_score": 0.8221164024435659,
  "final_size_score": 0.36593028964162994,
  "final_matched_text_score": 1.0,
  "final_position_score": 0.8424913194444446,
  "final_text_color_score": 0.9722112387411905,
  "final_clip_score": 0.929949164390564
}