{
  "sum_areas": 0.45622545803690756,
  "final_score": 0.8908444447116595,
  "final_size_score": 0.9617481851853864,
  "final_matched_text_score": 0.8782782427715196,
  "final_position_score": 0.8930400993757904,
  "final_text_color_score": 0.793416314435439,
  "final_clip_score": 0.9277393817901611
}