{
  "sum_areas": 0.07994953356649993,
  "final_score": 0.7813273025897636,
  "final_size_score": 1.0,
  "final_matched_text_score": 0.9755926051603011,
  "final_position_score": 0.791875,
  "final_text_color_score": 0.2360770598919403,
  "final_clip_score": 0.9030918478965759
}