{
  "sum_areas": 0.15518856861560004,
  "final_score": 0.8317006565507022,
  "final_size_score": 0.6130229507102146,
  "final_matched_text_score": 0.9575791070905165,
  "final_position_score": 0.8937256689743875,
  "final_text_color_score": 0.749248698030089,
  "final_clip_score": 0.9449268579483032
}