{
  "sum_areas": 0.19541986124968327,
  "final_score": 0.7630773076648756,
  "final_size_score": 0.29436724044772195,
  "final_matched_text_score": 1.0,
  "final_position_score": 0.8025716145833334,
  "final_text_color_score": 0.7938377837724482,
  "final_clip_score": 0.924609899520874
}