{
  "sum_areas": 0.2054144575664474,
  "final_score": 0.7779902754799704,
  "final_size_score": 0.36616026387644707,
  "final_matched_text_score": 0.9856582125603864,
  "final_position_score": 0.8466745950426143,
  "final_text_color_score": 0.8160376759422242,
  "final_clip_score": 0.8754206299781799
}