{
  "sum_areas": 0.27450347611167686,
  "final_score": 0.7883885336996583,
  "final_size_score": 0.46308842042019815,
  "final_matched_text_score": 0.99978584944847,
  "final_position_score": 0.7784226893103645,
  "final_text_color_score": 0.8456455710364834,
  "final_clip_score": 0.8550001382827759
}