{
  "sum_areas": 0.23057151764808537,
  "final_score": 0.8885864958199639,
  "final_size_score": 0.8640308689366174,
  "final_matched_text_score": 0.990517156711636,
  "final_position_score": 0.908292692385774,
  "final_text_color_score": 0.7388441786301838,
  "final_clip_score": 0.9412475824356079
}