{
  "sum_areas": 0.21819944347701917,
  "final_score": 0.7210071624406622,
  "final_size_score": 0.4430528191793538,
  "final_matched_text_score": 0.9191014762361991,
  "final_position_score": 0.8822498812275884,
  "final_text_color_score": 0.5397973564998059,
  "final_clip_score": 0.8208342790603638
}