{
  "sum_areas": 0.46051571911660133,
  "final_score": 0.9137670892837882,
  "final_size_score": 0.9417022615781419,
  "final_matched_text_score": 0.9450735428221034,
  "final_position_score": 0.9277079538641847,
  "final_text_color_score": 0.827649129160218,
  "final_clip_score": 0.9267025589942932
}