{
  "sum_areas": 0.33630422313017166,
  "final_score": 0.7036934452161234,
  "final_size_score": 0.1667930913379306,
  "final_matched_text_score": 0.9789189292396991,
  "final_position_score": 0.739879460253727,
  "final_text_color_score": 0.7354231523995283,
  "final_clip_score": 0.8974525928497314
}