{
  "sum_areas": 0.040222513062883235,
  "final_score": 0.8218306439010408,
  "final_size_score": 0.4732732685770411,
  "final_matched_text_score": 1.0,
  "final_position_score": 0.938871954223045,
  "final_text_color_score": 0.8067325183420802,
  "final_clip_score": 0.8902754783630371
}