{
  "sum_areas": 0.024810423130265994,
  "final_score": 0.9024057863139912,
  "final_size_score": 0.921572110379287,
  "final_matched_text_score": 1.0,
  "final_position_score": 0.9064217284742838,
  "final_text_color_score": 0.7565108836938625,
  "final_clip_score": 0.927524209022522
}