{
  "sum_areas": 0.5938723055998961,
  "final_score": 0.9015040156830904,
  "final_size_score": 0.9968015319978568,
  "final_matched_text_score": 0.9833395038874491,
  "final_position_score": 0.8353039135858077,
  "final_text_color_score": 0.8080053285674459,
  "final_clip_score": 0.8840698003768921
}