{
  "sum_areas": 0.41042908307264103,
  "final_score": 0.7991554664341642,
  "final_size_score": 0.573107563960576,
  "final_matched_text_score": 0.9602705576819907,
  "final_position_score": 0.7606211425342646,
  "final_text_color_score": 0.7557561535118732,
  "final_clip_score": 0.9460219144821167
}