{
  "sum_areas": 0.2155974673086553,
  "final_score": 0.9273962873702551,
  "final_size_score": 0.9956862694742071,
  "final_matched_text_score": 0.9716418208027552,
  "final_position_score": 0.9244178310316149,
  "final_text_color_score": 0.787365330167485,
  "final_clip_score": 0.9578701853752136
}