{
  "sum_areas": 0.22362737607310337,
  "final_score": 0.8779080293719925,
  "final_size_score": 0.9875513098872436,
  "final_matched_text_score": 0.988432881239701,
  "final_position_score": 0.7952249488845115,
  "final_text_color_score": 0.8086094773647114,
  "final_clip_score": 0.8097215294837952
}