{
  "sum_areas": 0.36349203171149647,
  "final_score": 0.9178294709032905,
  "final_size_score": 0.9958559116061579,
  "final_matched_text_score": 0.9802206978889373,
  "final_position_score": 0.89068562843302,
  "final_text_color_score": 0.843544789325459,
  "final_clip_score": 0.8788403272628784
}