{
  "sum_areas": 0.1880901810288106,
  "final_score": 0.9188426343914579,
  "final_size_score": 0.9999999999999997,
  "final_matched_text_score": 0.998192864622894,
  "final_position_score": 0.8896297186667227,
  "final_text_color_score": 0.7927877596881809,
  "final_clip_score": 0.9136028289794922
}