{
  "sum_areas": 0.16961819990203675,
  "final_score": 0.7145592671366372,
  "final_size_score": 0.5739825090948207,
  "final_matched_text_score": 0.9038055849274887,
  "final_position_score": 0.6503062937878609,
  "final_text_color_score": 0.6268955251625972,
  "final_clip_score": 0.8178064227104187
}