{
  "sum_areas": 0.0878920660872591,
  "final_score": 0.9472806235340823,
  "final_size_score": 0.9999177512200658,
  "final_matched_text_score": 0.9883513203552313,
  "final_position_score": 0.8908921031877575,
  "final_text_color_score": 0.9113174224148033,
  "final_clip_score": 0.9459245204925537
}