{
  "sum_areas": 0.2164929887128618,
  "final_score": 0.9091524336990194,
  "final_size_score": 0.9757292918704016,
  "final_matched_text_score": 0.9832912176290293,
  "final_position_score": 0.9155110518772722,
  "final_text_color_score": 0.7901268530748145,
  "final_clip_score": 0.8811037540435791
}