{
  "sum_areas": 0.08048113129821308,
  "final_score": 0.8861540923687082,
  "final_size_score": 0.9785856731842613,
  "final_matched_text_score": 0.9522010996502495,
  "final_position_score": 0.8020101348516381,
  "final_text_color_score": 0.8158372092477242,
  "final_clip_score": 0.882136344909668
}