{
  "sum_areas": 0.2915551847417529,
  "final_score": 0.7215057799232047,
  "final_size_score": 0.1518067002430253,
  "final_matched_text_score": 1.0,
  "final_position_score": 0.7561409163825874,
  "final_text_color_score": 0.7985201057366876,
  "final_clip_score": 0.9010611772537231
}