{
  "sum_areas": 0.020237630208333336,
  "final_score": 0.9389100717839942,
  "final_size_score": 0.9839150715779313,
  "final_matched_text_score": 1.0,
  "final_position_score": 0.8399305555555555,
  "final_text_color_score": 0.9960362528207245,
  "final_clip_score": 0.8746684789657593
}