{
  "sum_areas": 0.15450380477453846,
  "final_score": 0.938016706726164,
  "final_size_score": 0.9985145564739151,
  "final_matched_text_score": 0.9901839677288777,
  "final_position_score": 0.9091988863804005,
  "final_text_color_score": 0.8861206590278515,
  "final_clip_score": 0.9060654640197754
}