{
  "sum_areas": 0.3912053930163002,
  "final_score": 0.9418251294198288,
  "final_size_score": 0.9601706074570449,
  "final_matched_text_score": 0.9670048651900042,
  "final_position_score": 0.9382365792419471,
  "final_text_color_score": 0.9304705994711642,
  "final_clip_score": 0.9132429957389832
}