{
  "sum_areas": 0.06948932798842837,
  "final_score": 0.9046258739036586,
  "final_size_score": 0.9587522891125083,
  "final_matched_text_score": 0.8500625795513955,
  "final_position_score": 0.911452913520488,
  "final_text_color_score": 0.8786694567682576,
  "final_clip_score": 0.9241921305656433
}