{
  "sum_areas": 0.15474809645391688,
  "final_score": 0.9216964898720983,
  "final_size_score": 0.9768177215457859,
  "final_matched_text_score": 0.991138827909502,
  "final_position_score": 0.8089972547227937,
  "final_text_color_score": 0.9247658068187622,
  "final_clip_score": 0.9067628383636475
}