{
  "sum_areas": 0.05964379626592956,
  "final_score": 0.9086268555515039,
  "final_size_score": 0.8988813688698486,
  "final_matched_text_score": 0.9631558641975309,
  "final_position_score": 0.9152417118263786,
  "final_text_color_score": 0.8473614063386453,
  "final_clip_score": 0.918493926525116
}