{
  "sum_areas": 0.11467226323352224,
  "final_score": 0.7735154653541573,
  "final_size_score": 0.3970868154811195,
  "final_matched_text_score": 0.9932584269662922,
  "final_position_score": 0.7709433769294647,
  "final_text_color_score": 0.9352732421343577,
  "final_clip_score": 0.771015465259552
}