{
  "sum_areas": 0.034438747458075666,
  "final_score": 0.9062347157776101,
  "final_size_score": 0.8827735244197011,
  "final_matched_text_score": 0.9954594017094016,
  "final_position_score": 0.8954916124197514,
  "final_text_color_score": 0.8355043029048093,
  "final_clip_score": 0.9219447374343872
}