{
  "sum_areas": 0.1070883947714548,
  "final_score": 0.9310931379521006,
  "final_size_score": 0.9458057855759509,
  "final_matched_text_score": 1.0,
  "final_position_score": 0.8465961490543142,
  "final_text_color_score": 0.9219577933306153,
  "final_clip_score": 0.9411059617996216
}