{
  "sum_areas": 0.1674153448863383,
  "final_score": 0.8939223333193809,
  "final_size_score": 0.8198205656390105,
  "final_matched_text_score": 0.9741310801625824,
  "final_position_score": 0.8906146151767723,
  "final_text_color_score": 0.8448013865870143,
  "final_clip_score": 0.9402440190315247
}