{
  "sum_areas": 0.1307968142370082,
  "final_score": 0.5321775939474661,
  "final_size_score": 0.1061202253447012,
  "final_matched_text_score": 0.8647058823529411,
  "final_position_score": 0.36624016967228173,
  "final_text_color_score": 0.43916597833237214,
  "final_clip_score": 0.8846557140350342
}