{
  "sum_areas": 0.16521426734047745,
  "final_score": 0.5989433309034636,
  "final_size_score": 0.32219189642774015,
  "final_matched_text_score": 0.8201135918527223,
  "final_position_score": 0.2968701203417166,
  "final_text_color_score": 0.7107930257230198,
  "final_clip_score": 0.8447480201721191
}