{
  "sum_areas": 0.312306883351435,
  "final_score": 0.6572549995580252,
  "final_size_score": 0.03316904616229812,
  "final_matched_text_score": 0.9423076923076923,
  "final_position_score": 0.68994140625,
  "final_text_color_score": 0.6896416860245423,
  "final_clip_score": 0.9312151670455933
}