{
  "sum_areas": 0.22869288258155285,
  "final_score": 0.5755890651497689,
  "final_size_score": 0.4181068376669097,
  "final_matched_text_score": 0.7726045883940621,
  "final_position_score": 0.5941877296933677,
  "final_text_color_score": 0.41388938975158535,
  "final_clip_score": 0.6791567802429199
}