{
  "sum_areas": 0.07938585069444444,
  "final_score": 0.5771344377533956,
  "final_size_score": 0.0672070200377245,
  "final_matched_text_score": 0.7896613190730838,
  "final_position_score": 0.6194010416666668,
  "final_text_color_score": 0.5601331794647224,
  "final_clip_score": 0.8492696285247803
}