{
  "sum_areas": 0.07900775453976884,
  "final_score": 0.5255862414844786,
  "final_size_score": 0.06243173131475687,
  "final_matched_text_score": 0.7373737373737373,
  "final_position_score": 0.6059895833333333,
  "final_text_color_score": 0.4381253278592139,
  "final_clip_score": 0.7840108275413513
}