{
  "sum_areas": 0.3997496439023968,
  "final_score": 0.6832347129865246,
  "final_size_score": 0.1588725817902374,
  "final_matched_text_score": 0.8248366013071896,
  "final_position_score": 0.7554869697861827,
  "final_text_color_score": 0.8551705639998498,
  "final_clip_score": 0.8218068480491638
}