{
  "sum_areas": 0.1684823049759523,
  "final_score": 0.6115252366185722,
  "final_size_score": 0.007772039290497266,
  "final_matched_text_score": 0.7857142857142857,
  "final_position_score": 0.7708249327956989,
  "final_text_color_score": 0.625050190547353,
  "final_clip_score": 0.8682647347450256
}