{
  "sum_areas": 0.19477239979906932,
  "final_score": 0.547313052402594,
  "final_size_score": 0.01406079451179463,
  "final_matched_text_score": 1.0,
  "final_position_score": 0.6664062500000001,
  "final_text_color_score": 0.2190893836159823,
  "final_clip_score": 0.8370088338851929
}