{
  "sum_areas": 0.2916719769888595,
  "final_score": 0.5031101872429987,
  "final_size_score": 0.08418401119416351,
  "final_matched_text_score": 0.5693430656934306,
  "final_position_score": 0.7046874999999999,
  "final_text_color_score": 0.3133183768444898,
  "final_clip_score": 0.8440179824829102
}