{
  "sum_areas": 0.14943475853500432,
  "final_score": 0.6385344418632297,
  "final_size_score": 0.047129461395012985,
  "final_matched_text_score": 0.7450980392156863,
  "final_position_score": 0.585546875,
  "final_text_color_score": 0.9841185196643115,
  "final_clip_score": 0.8307793140411377
}