{
  "sum_areas": 0.1449174740969055,
  "final_score": 0.6720230561302115,
  "final_size_score": 0.1990880738458304,
  "final_matched_text_score": 0.927536231884058,
  "final_position_score": 0.78828125,
  "final_text_color_score": 0.5791828465642352,
  "final_clip_score": 0.8660268783569336
}