{
  "sum_areas": 0.24791483744883833,
  "final_score": 0.6074178548703852,
  "final_size_score": 0.09803349480422276,
  "final_matched_text_score": 0.8846153846153846,
  "final_position_score": 0.4373046875,
  "final_text_color_score": 0.7604813614430912,
  "final_clip_score": 0.8566543459892273
}