{
  "sum_areas": 0.08104176760857146,
  "final_score": 0.5757419307298463,
  "final_size_score": 0.04200283728094382,
  "final_matched_text_score": 0.7788461538461539,
  "final_position_score": 0.6365008396668705,
  "final_text_color_score": 0.589554474458962,
  "final_clip_score": 0.8318053483963013
}