{
  "sum_areas": 0.09202619070030121,
  "final_score": 0.5241146986008024,
  "final_size_score": 0.1903418231905515,
  "final_matched_text_score": 0.9927536231884058,
  "final_position_score": 0.6087704986613119,
  "final_text_color_score": 1.509796425658294e-07,
  "final_clip_score": 0.8287073969841003
}