{
  "sum_areas": 0.05847623043554356,
  "final_score": 0.6635632458832099,
  "final_size_score": 0.04765653925484978,
  "final_matched_text_score": 1.0,
  "final_position_score": 0.7828124999999999,
  "final_text_color_score": 0.6565356300072382,
  "final_clip_score": 0.8308115601539612
}