{
  "sum_areas": 0.13064399965978227,
  "final_score": 0.5719435054840106,
  "final_size_score": 0.007191021089762007,
  "final_matched_text_score": 0.5714285714285714,
  "final_position_score": 0.7881624239513288,
  "final_text_color_score": 0.6316613281539127,
  "final_clip_score": 0.8612741827964783
}