{
  "sum_areas": 0.049366777901347525,
  "final_score": 0.5683924406469517,
  "final_size_score": 0.05371988520423631,
  "final_matched_text_score": 0.7745098039215685,
  "final_position_score": 0.7018229166666666,
  "final_text_color_score": 0.5687277131534992,
  "final_clip_score": 0.7431818842887878
}