{
  "sum_areas": 0.35174391876163874,
  "final_score": 0.5174345502372413,
  "final_size_score": 0.018304127768538226,
  "final_matched_text_score": 0.7043478260869566,
  "final_position_score": 0.49015625000000007,
  "final_text_color_score": 0.5560195966547472,
  "final_clip_score": 0.8183449506759644
}