{
  "sum_areas": 0.26630601544889404,
  "final_score": 0.6737316920933321,
  "final_size_score": 0.09398248739200106,
  "final_matched_text_score": 0.7933333333333333,
  "final_position_score": 0.843359375,
  "final_text_color_score": 0.7810628436178211,
  "final_clip_score": 0.8569204211235046
}