{
  "sum_areas": 0.5432809034594969,
  "final_score": 0.592274772603458,
  "final_size_score": 0.6838488429949648,
  "final_matched_text_score": 0.5578231292517006,
  "final_position_score": 0.5452043339150668,
  "final_text_color_score": 0.3833604575895051,
  "final_clip_score": 0.7911370992660522
}