{
  "sum_areas": 0.08340494791666667,
  "final_score": 0.9346118679384209,
  "final_size_score": 1.0,
  "final_matched_text_score": 0.8742400047831219,
  "final_position_score": 0.9535714285714286,
  "final_text_color_score": 0.9437057792051372,
  "final_clip_score": 0.9015421271324158
}