{
  "sum_areas": 0.46156766489908135,
  "final_score": 0.8764888974090237,
  "final_size_score": 0.6785872585340375,
  "final_matched_text_score": 0.992681084347751,
  "final_position_score": 0.8615778562112238,
  "final_text_color_score": 0.9065846198918027,
  "final_clip_score": 0.9430136680603027
}