{
  "sum_areas": 0.09620539990061847,
  "final_score": 0.8513402971499204,
  "final_size_score": 0.8428496568671409,
  "final_matched_text_score": 0.9744503862150922,
  "final_position_score": 0.9051398254924361,
  "final_text_color_score": 0.5900677771480778,
  "final_clip_score": 0.9441938400268555
}