{
  "sum_areas": 0.0999533910674805,
  "final_score": 0.9191297135579873,
  "final_size_score": 0.944155146882485,
  "final_matched_text_score": 0.9872182655273634,
  "final_position_score": 0.9147366819778955,
  "final_text_color_score": 0.8738018195974139,
  "final_clip_score": 0.875736653804779
}