{
  "sum_areas": 0.2803848370015631,
  "final_score": 0.8913954924027755,
  "final_size_score": 0.9976486287343636,
  "final_matched_text_score": 0.988112925462228,
  "final_position_score": 0.7824204946282537,
  "final_text_color_score": 0.8059328452874208,
  "final_clip_score": 0.8828625679016113
}