{
  "sum_areas": 0.22155468930296185,
  "final_score": 0.8989684940238964,
  "final_size_score": 0.989715782281255,
  "final_matched_text_score": 0.9862550261644643,
  "final_position_score": 0.9694651148174522,
  "final_text_color_score": 0.6383435313953425,
  "final_clip_score": 0.911063015460968
}