{
  "sum_areas": 0.2546719771973747,
  "final_score": 0.9261838978627026,
  "final_size_score": 0.999844768423424,
  "final_matched_text_score": 0.9978796829323314,
  "final_position_score": 0.8857349965949429,
  "final_text_color_score": 0.8361392358131926,
  "final_clip_score": 0.9113208055496216
}