{
  "sum_areas": 0.16864600873540136,
  "final_score": 0.9031426467550653,
  "final_size_score": 0.9856675964258165,
  "final_matched_text_score": 0.9752651444780703,
  "final_position_score": 0.8294906508380016,
  "final_text_color_score": 0.8523404802322905,
  "final_clip_score": 0.8729493618011475
}