{
  "sum_areas": 0.3539823115463503,
  "final_score": 0.9312658267115919,
  "final_size_score": 0.9942120000209336,
  "final_matched_text_score": 0.9769714780972052,
  "final_position_score": 0.8883142097919946,
  "final_text_color_score": 0.8622442054287095,
  "final_clip_score": 0.9345872402191162
}