{
  "sum_areas": 0.208359375,
  "final_score": 0.8874939621460938,
  "final_size_score": 0.9924488605590968,
  "final_matched_text_score": 0.8858223471045765,
  "final_position_score": 0.8300555555555555,
  "final_text_color_score": 0.864834749877115,
  "final_clip_score": 0.8643082976341248
}