{
  "sum_areas": 0.31873627784574204,
  "final_score": 0.9015255720810977,
  "final_size_score": 0.7848573858742727,
  "final_matched_text_score": 0.9487938217107691,
  "final_position_score": 0.822290949081099,
  "final_text_color_score": 0.9924077758638297,
  "final_clip_score": 0.9592779278755188
}