{
  "sum_areas": 0.29243172032792125,
  "final_score": 0.8056042316598729,
  "final_size_score": 0.4043235927494499,
  "final_matched_text_score": 0.9922836155738892,
  "final_position_score": 0.866041569559253,
  "final_text_color_score": 0.8162833897284484,
  "final_clip_score": 0.949088990688324
}