{
  "sum_areas": 0.5338426353277331,
  "final_score": 0.9358232077628075,
  "final_size_score": 0.8826692442083085,
  "final_matched_text_score": 0.9614099266844804,
  "final_position_score": 0.9670706278247773,
  "final_text_color_score": 0.9490315372232409,
  "final_clip_score": 0.91893470287323
}