{
  "sum_areas": 0.22954178755299567,
  "final_score": 0.9018123010185756,
  "final_size_score": 0.9938278455169811,
  "final_matched_text_score": 0.9900435269893398,
  "final_position_score": 0.8265638484175456,
  "final_text_color_score": 0.772438768910222,
  "final_clip_score": 0.9261875152587891
}