{
  "sum_areas": 0.27297466251196156,
  "final_score": 0.9337818317164004,
  "final_size_score": 0.9938723537931448,
  "final_matched_text_score": 0.9396950466224329,
  "final_position_score": 0.9262071073634573,
  "final_text_color_score": 0.8749325757983895,
  "final_clip_score": 0.9342020750045776
}