{
  "sum_areas": 0.6465573695968412,
  "final_score": 0.8767012250859818,
  "final_size_score": 0.9958477087417783,
  "final_matched_text_score": 0.9492624495625652,
  "final_position_score": 0.8619606345735055,
  "final_text_color_score": 0.6519367745076263,
  "final_clip_score": 0.9244985580444336
}