{
  "sum_areas": 0.21345501074715184,
  "final_score": 0.9508334585192822,
  "final_size_score": 1.0,
  "final_matched_text_score": 0.9997611084567606,
  "final_position_score": 0.9679553315379313,
  "final_text_color_score": 0.8457286255051611,
  "final_clip_score": 0.9407222270965576
}