{
  "sum_areas": 0.3086747885428681,
  "final_score": 0.8122590059825662,
  "final_size_score": 0.5483585698371687,
  "final_matched_text_score": 0.922638195721332,
  "final_position_score": 0.7862750604735358,
  "final_text_color_score": 0.8901508426976285,
  "final_clip_score": 0.9138723611831665
}