{
  "sum_areas": 0.3756752848918003,
  "final_score": 0.9290862824569923,
  "final_size_score": 0.9951421652866412,
  "final_matched_text_score": 0.9827865072491089,
  "final_position_score": 0.8656060450303902,
  "final_text_color_score": 0.9149373803725073,
  "final_clip_score": 0.8869593143463135
}