{
  "sum_areas": 0.17375298789868768,
  "final_score": 0.8791580826777556,
  "final_size_score": 0.917618990669645,
  "final_matched_text_score": 0.9949262118120249,
  "final_position_score": 0.8012927161766781,
  "final_text_color_score": 0.7665722552437357,
  "final_clip_score": 0.9153802394866943
}