{
  "sum_areas": 0.2771215283114815,
  "final_score": 0.8619368871400002,
  "final_size_score": 0.7087784785016985,
  "final_matched_text_score": 0.9846462454722161,
  "final_position_score": 0.8784322690673043,
  "final_text_color_score": 0.8344055638440839,
  "final_clip_score": 0.9034218788146973
}