{
  "sum_areas": 0.30575208820093464,
  "final_score": 0.8231107078402062,
  "final_size_score": 0.49471122617516505,
  "final_matched_text_score": 0.9996806621716819,
  "final_position_score": 0.8977337961501222,
  "final_text_color_score": 0.858727239298025,
  "final_clip_score": 0.8647006154060364
}