{
  "sum_areas": 0.16814988026067842,
  "final_score": 0.905399517561094,
  "final_size_score": 0.9961476624336674,
  "final_matched_text_score": 0.9859912908250301,
  "final_position_score": 0.8955249336962591,
  "final_text_color_score": 0.8159100863485599,
  "final_clip_score": 0.8334236145019531
}