{
  "sum_areas": 0.617659212085308,
  "final_score": 0.7738388332969997,
  "final_size_score": 0.1658487064299048,
  "final_matched_text_score": 0.9645146871709371,
  "final_position_score": 0.8897664580864929,
  "final_text_color_score": 0.9310537819416757,
  "final_clip_score": 0.9180105328559875
}