{
  "sum_areas": 0.0878102109841022,
  "final_score": 0.8606419215199573,
  "final_size_score": 0.9999999999999999,
  "final_matched_text_score": 0.9755926051603011,
  "final_position_score": 0.9392853091905539,
  "final_text_color_score": 0.48448948247927776,
  "final_clip_score": 0.9038422107696533
}