{
  "sum_areas": 0.08026739663657144,
  "final_score": 0.9062331038917366,
  "final_size_score": 0.9061419154170622,
  "final_matched_text_score": 0.9941981110543985,
  "final_position_score": 0.8748416483318493,
  "final_text_color_score": 0.8476324232991719,
  "final_clip_score": 0.9083514213562012
}