{
  "sum_areas": 0.12998423992111813,
  "final_score": 0.9425652135768833,
  "final_size_score": 0.9450695250979746,
  "final_matched_text_score": 1.0,
  "final_position_score": 0.8855632176175098,
  "final_text_color_score": 0.9563313108752606,
  "final_clip_score": 0.9258620142936707
}