{
  "sum_areas": 0.13370617427874135,
  "final_score": 0.8644536710869691,
  "final_size_score": 0.7129047676281646,
  "final_matched_text_score": 0.9934444825983464,
  "final_position_score": 0.8378815237090217,
  "final_text_color_score": 0.8447780347425686,
  "final_clip_score": 0.9332595467567444
}