{
  "sum_areas": 0.11486373213834072,
  "final_score": 0.8742175762917969,
  "final_size_score": 0.9912030767445931,
  "final_matched_text_score": 0.9532295476052506,
  "final_position_score": 0.7764089101537326,
  "final_text_color_score": 0.7874431262065064,
  "final_clip_score": 0.8628032207489014
}