{
  "sum_areas": 0.13229866528584097,
  "final_score": 0.9201985841836309,
  "final_size_score": 0.9521310308610711,
  "final_matched_text_score": 0.9828195892316877,
  "final_position_score": 0.9354553936351561,
  "final_text_color_score": 0.8009335606516952,
  "final_clip_score": 0.9296533465385437
}