{
  "sum_areas": 0.053470058915480415,
  "final_score": 0.878891978267793,
  "final_size_score": 0.975599704713933,
  "final_matched_text_score": 0.9945867917719234,
  "final_position_score": 0.7851483190130979,
  "final_text_color_score": 0.8134753971328884,
  "final_clip_score": 0.8256496787071228
}