{
  "sum_areas": 0.20548647872676007,
  "final_score": 0.8767352602389415,
  "final_size_score": 0.6990508210286108,
  "final_matched_text_score": 0.9899926623141597,
  "final_position_score": 0.8699626864903374,
  "final_text_color_score": 0.8947803928018769,
  "final_clip_score": 0.9298897385597229
}