{
  "sum_areas": 0.18472436811033946,
  "final_score": 0.9246282883701286,
  "final_size_score": 0.9660386797423596,
  "final_matched_text_score": 0.9934678414867651,
  "final_position_score": 0.8758488896822157,
  "final_text_color_score": 0.8460430743009663,
  "final_clip_score": 0.9417429566383362
}