{
  "sum_areas": 0.36619080257802394,
  "final_score": 0.8975554547085018,
  "final_size_score": 0.9848418570725386,
  "final_matched_text_score": 0.9354158571130747,
  "final_position_score": 0.8917725531729807,
  "final_text_color_score": 0.7986611416399998,
  "final_clip_score": 0.8770858645439148
}