{
  "sum_areas": 0.18772726209512794,
  "final_score": 0.9301090950221789,
  "final_size_score": 0.9892573405981302,
  "final_matched_text_score": 0.9935680830135212,
  "final_position_score": 0.8714658964448447,
  "final_text_color_score": 0.8967187374976352,
  "final_clip_score": 0.8995354175567627
}