{
  "sum_areas": 0.18477219425397579,
  "final_score": 0.8837496765997749,
  "final_size_score": 0.9964681638250111,
  "final_matched_text_score": 0.955701342788969,
  "final_position_score": 0.5741008721878502,
  "final_text_color_score": 0.9883760959901049,
  "final_clip_score": 0.9041019082069397
}