{
  "sum_areas": 0.4049359102605141,
  "final_score": 0.9481801526627809,
  "final_size_score": 0.9168099814796528,
  "final_matched_text_score": 0.98902045653275,
  "final_position_score": 0.9686517185499359,
  "final_text_color_score": 0.9615635938578886,
  "final_clip_score": 0.9048550128936768
}