{
  "sum_areas": 0.4574262199240008,
  "final_score": 0.9261193319534291,
  "final_size_score": 0.9057245705213411,
  "final_matched_text_score": 0.9706672688864861,
  "final_position_score": 0.9611495474413333,
  "final_text_color_score": 0.875074065547227,
  "final_clip_score": 0.9179812073707581
}