{
  "sum_areas": 0.3380207559512018,
  "final_score": 0.8675176462855574,
  "final_size_score": 0.9999999999999999,
  "final_matched_text_score": 0.8890188468498639,
  "final_position_score": 0.682840949110759,
  "final_text_color_score": 0.8461488103374641,
  "final_clip_score": 0.9195796251296997
}