{
  "sum_areas": 0.16623943191126406,
  "final_score": 0.9150472859955884,
  "final_size_score": 0.996268006906473,
  "final_matched_text_score": 0.9881177673711299,
  "final_position_score": 0.8744178906438221,
  "final_text_color_score": 0.8068233280676859,
  "final_clip_score": 0.9096094369888306
}