{
  "sum_areas": 0.2189744026423993,
  "final_score": 0.8925086143592911,
  "final_size_score": 0.9465419474529734,
  "final_matched_text_score": 0.9976896094890413,
  "final_position_score": 0.8432848082893819,
  "final_text_color_score": 0.7589543379432324,
  "final_clip_score": 0.9160723686218262
}