{
  "sum_areas": 0.6522764630617585,
  "final_score": 0.9114481603497979,
  "final_size_score": 0.9999629753044587,
  "final_matched_text_score": 0.9822389666307858,
  "final_position_score": 0.7963071114373215,
  "final_text_color_score": 0.8656037299972121,
  "final_clip_score": 0.9131280183792114
}