{
  "sum_areas": 0.10003137727130325,
  "final_score": 0.8622878327261865,
  "final_size_score": 0.9708914173135486,
  "final_matched_text_score": 0.950497854739006,
  "final_position_score": 0.6642242069167484,
  "final_text_color_score": 0.7803731733510514,
  "final_clip_score": 0.9454525113105774
}