{
  "sum_areas": 0.15633217690750031,
  "final_score": 0.8788010465543542,
  "final_size_score": 0.958856947620184,
  "final_matched_text_score": 0.9658255890989651,
  "final_position_score": 0.8289396434536924,
  "final_text_color_score": 0.738966810476279,
  "final_clip_score": 0.9014162421226501
}