{
  "sum_areas": 0.17979434173886139,
  "final_score": 0.91361821184497,
  "final_size_score": 0.9971605346584171,
  "final_matched_text_score": 0.9901973505576983,
  "final_position_score": 0.8956508541479148,
  "final_text_color_score": 0.773871544485453,
  "final_clip_score": 0.9112107753753662
}