{
  "sum_areas": 0.10374342220920164,
  "final_score": 0.7494820820236137,
  "final_size_score": 0.29839328200564763,
  "final_matched_text_score": 0.8568027210884354,
  "final_position_score": 0.7681288236169073,
  "final_text_color_score": 0.9719233414713481,
  "final_clip_score": 0.85216224193573
}