{
  "sum_areas": 0.32143630188704175,
  "final_score": 0.9450720551803731,
  "final_size_score": 0.9861408331431765,
  "final_matched_text_score": 0.9431774930550975,
  "final_position_score": 0.8574234969151886,
  "final_text_color_score": 0.9823015048513909,
  "final_clip_score": 0.9563169479370117
}