{
  "sum_areas": 0.3183756316055864,
  "final_score": 0.7798476483317167,
  "final_size_score": 0.36412127306066094,
  "final_matched_text_score": 0.9877930915134476,
  "final_position_score": 0.8284462597892314,
  "final_text_color_score": 0.8289901651696941,
  "final_clip_score": 0.8898874521255493
}