{
  "sum_areas": 0.61403024286073,
  "final_score": 0.8842516899314425,
  "final_size_score": 1.0,
  "final_matched_text_score": 0.9382369589835936,
  "final_position_score": 0.86856222632602,
  "final_text_color_score": 0.6928384185529212,
  "final_clip_score": 0.9216208457946777
}