{
  "sum_areas": 0.24462617882843177,
  "final_score": 0.8707274781870066,
  "final_size_score": 0.6293093880148716,
  "final_matched_text_score": 0.993528893038697,
  "final_position_score": 0.8478987267961426,
  "final_text_color_score": 0.9396562834683166,
  "final_clip_score": 0.9432440996170044
}