{
  "sum_areas": 0.3168575677223706,
  "final_score": 0.7141410956718465,
  "final_size_score": 0.32470157183618464,
  "final_matched_text_score": 0.9310217417871288,
  "final_position_score": 0.8104486403614242,
  "final_text_color_score": 0.6456755946679208,
  "final_clip_score": 0.8588579297065735
}