{
  "sum_areas": 0.39002668609877317,
  "final_score": 0.8399166316329977,
  "final_size_score": 0.5701256632885794,
  "final_matched_text_score": 0.9955260921298656,
  "final_position_score": 0.8686361845665462,
  "final_text_color_score": 0.8168442952139935,
  "final_clip_score": 0.9484509229660034
}