{
  "sum_areas": 0.27026617534421604,
  "final_score": 0.8569669610588314,
  "final_size_score": 0.7391249463987923,
  "final_matched_text_score": 0.9987502789222538,
  "final_position_score": 0.7373246136322318,
  "final_text_color_score": 0.9282777733477147,
  "final_clip_score": 0.8813571929931641
}