{
  "sum_areas": 0.30809608675574895,
  "final_score": 0.8587049134049457,
  "final_size_score": 0.9502245139881514,
  "final_matched_text_score": 0.9215127785521666,
  "final_position_score": 0.690306015693991,
  "final_text_color_score": 0.8317859815763684,
  "final_clip_score": 0.8996952772140503
}