{
  "sum_areas": 0.1724327256944445,
  "final_score": 0.8112408362246584,
  "final_size_score": 0.6908264847653447,
  "final_matched_text_score": 0.9408256814233371,
  "final_position_score": 0.7278472222222222,
  "final_text_color_score": 0.8370662209731912,
  "final_clip_score": 0.8596385717391968
}