{
  "sum_areas": 0.14792564233726344,
  "final_score": 0.8534140250734078,
  "final_size_score": 0.9861510751027168,
  "final_matched_text_score": 0.9242798706517348,
  "final_position_score": 0.761083495497558,
  "final_text_color_score": 0.7551869960084929,
  "final_clip_score": 0.8403686881065369
}