{
  "sum_areas": 0.47873655984052144,
  "final_score": 0.8637852795940362,
  "final_size_score": 0.9371491043729956,
  "final_matched_text_score": 0.9024171686665181,
  "final_position_score": 0.7470082956326051,
  "final_text_color_score": 0.8427701490002105,
  "final_clip_score": 0.8895816802978516
}