{
  "sum_areas": 0.2558164309556149,
  "final_score": 0.7693755454306146,
  "final_size_score": 0.7767186042894426,
  "final_matched_text_score": 0.9895763656633223,
  "final_position_score": 0.7424920358802448,
  "final_text_color_score": 0.5419259702672062,
  "final_clip_score": 0.7961647510528564
}