{
  "sum_areas": 0.41145792445375573,
  "final_score": 0.9311140101019912,
  "final_size_score": 0.9439683073077226,
  "final_matched_text_score": 0.9684870615673983,
  "final_position_score": 0.9011154440409083,
  "final_text_color_score": 0.9522123981087591,
  "final_clip_score": 0.8897868394851685
}