{
  "sum_areas": 0.16703532828483408,
  "final_score": 0.8850048397461407,
  "final_size_score": 0.9816976453536915,
  "final_matched_text_score": 0.973479376888047,
  "final_position_score": 0.833283528321813,
  "final_text_color_score": 0.7826021208195869,
  "final_clip_score": 0.8539615273475647
}