{
  "sum_areas": 0.3724890211950607,
  "final_score": 0.7552358767163017,
  "final_size_score": 0.4607567798776533,
  "final_matched_text_score": 0.9787168864360887,
  "final_position_score": 0.8981348230386008,
  "final_text_color_score": 0.6191201581833273,
  "final_clip_score": 0.8194507360458374
}