{
  "sum_areas": 0.10882424591516382,
  "final_score": 0.7681322241660405,
  "final_size_score": 0.36054649800840594,
  "final_matched_text_score": 0.9285598730432639,
  "final_position_score": 0.7918190942352354,
  "final_text_color_score": 0.880215835329979,
  "final_clip_score": 0.8795198202133179
}