{
  "sum_areas": 0.2015212673611111,
  "final_score": 0.8879954738727007,
  "final_size_score": 0.9730941945488417,
  "final_matched_text_score": 0.9921962501250429,
  "final_position_score": 0.8393456514550264,
  "final_text_color_score": 0.80710803119968,
  "final_clip_score": 0.8282332420349121
}