{
  "sum_areas": 0.1721219124025291,
  "final_score": 0.8943528347349963,
  "final_size_score": 0.8122123953085371,
  "final_matched_text_score": 0.9881658789606589,
  "final_position_score": 0.9054646629857367,
  "final_text_color_score": 0.8762788785938158,
  "final_clip_score": 0.8896423578262329
}