{
  "sum_areas": 0.07688433362011989,
  "final_score": 0.9168808218902265,
  "final_size_score": 0.9999059754456963,
  "final_matched_text_score": 0.9909594634004083,
  "final_position_score": 0.8340509127178574,
  "final_text_color_score": 0.816760847772882,
  "final_clip_score": 0.9427269101142883
}