{
  "sum_areas": 0.2336221732257095,
  "final_score": 0.8834954851910585,
  "final_size_score": 0.8480242809538173,
  "final_matched_text_score": 0.9996690568119139,
  "final_position_score": 0.9152596021552577,
  "final_text_color_score": 0.7305455612830212,
  "final_clip_score": 0.9239789247512817
}