{
  "sum_areas": 0.314472956235007,
  "final_score": 0.9425993705620699,
  "final_size_score": 0.9871583159588532,
  "final_matched_text_score": 0.9872560287216855,
  "final_position_score": 0.9050411606617434,
  "final_text_color_score": 0.9054643649698983,
  "final_clip_score": 0.928076982498169
}