{
  "sum_areas": 0.12188179730643522,
  "final_score": 0.8550649428767745,
  "final_size_score": 0.9904719021429462,
  "final_matched_text_score": 0.9434137128415487,
  "final_position_score": 0.7704619471591184,
  "final_text_color_score": 0.6819008001208137,
  "final_clip_score": 0.8890763521194458
}