{
  "sum_areas": 0.24823335122074686,
  "final_score": 0.8890292175221624,
  "final_size_score": 0.9920551056142158,
  "final_matched_text_score": 0.962966472525296,
  "final_position_score": 0.8629337988110164,
  "final_text_color_score": 0.7440543786252183,
  "final_clip_score": 0.8831363320350647
}