{
  "sum_areas": 0.4395392016914137,
  "final_score": 0.9047149563459179,
  "final_size_score": 0.9998561432854582,
  "final_matched_text_score": 0.9226688793743002,
  "final_position_score": 0.8814753552988729,
  "final_text_color_score": 0.8109985709271775,
  "final_clip_score": 0.9085758328437805
}