{
  "sum_areas": 0.16158593846852745,
  "final_score": 0.7421518465435931,
  "final_size_score": 0.4524908018791656,
  "final_matched_text_score": 0.9033556459979545,
  "final_position_score": 0.7757390436864737,
  "final_text_color_score": 0.6981944416090836,
  "final_clip_score": 0.8809792995452881
}