{
  "sum_areas": 0.38266468669598774,
  "final_score": 0.8186685105086036,
  "final_size_score": 0.5853954484269389,
  "final_matched_text_score": 0.9813730787672744,
  "final_position_score": 0.9429745332319094,
  "final_text_color_score": 0.6883890471896795,
  "final_clip_score": 0.8952104449272156
}