{
  "sum_areas": 0.4593105695407754,
  "final_score": 0.9111619182669938,
  "final_size_score": 0.9952238851072015,
  "final_matched_text_score": 0.9813131563889033,
  "final_position_score": 0.8749101068553329,
  "final_text_color_score": 0.8209106235636703,
  "final_clip_score": 0.8834518194198608
}