{
  "sum_areas": 0.13491315425668723,
  "final_score": 0.8460265039804258,
  "final_size_score": 0.928942521620782,
  "final_matched_text_score": 0.9803312849853807,
  "final_position_score": 0.7248503778885722,
  "final_text_color_score": 0.8123751628953394,
  "final_clip_score": 0.7836331725120544
}