{
  "sum_areas": 0.2591910279854786,
  "final_score": 0.9310326476199603,
  "final_size_score": 0.9784432081929649,
  "final_matched_text_score": 0.9897638094841309,
  "final_position_score": 0.9525828770578858,
  "final_text_color_score": 0.8091258529587834,
  "final_clip_score": 0.9252474904060364
}