{
  "sum_areas": 0.38517094633011967,
  "final_score": 0.8719114099588403,
  "final_size_score": 0.9843018052162574,
  "final_matched_text_score": 0.9857120886056923,
  "final_position_score": 0.839328722978631,
  "final_text_color_score": 0.6582365267665089,
  "final_clip_score": 0.8919779062271118
}