{
  "sum_areas": 0.45238865694993413,
  "final_score": 0.7640286238931774,
  "final_size_score": 0.43108199534135505,
  "final_matched_text_score": 0.9459214139024483,
  "final_position_score": 0.8223935261430733,
  "final_text_color_score": 0.7412150985878299,
  "final_clip_score": 0.8795310854911804
}