{
  "sum_areas": 0.2171273504004718,
  "final_score": 0.9142914149936703,
  "final_size_score": 0.998563021396293,
  "final_matched_text_score": 0.9870116521365364,
  "final_position_score": 0.9145543097851873,
  "final_text_color_score": 0.7181073665908252,
  "final_clip_score": 0.9532207250595093
}