{
  "sum_areas": 0.004801432291666666,
  "final_score": 0.8758700050457258,
  "final_size_score": 0.9663276836158193,
  "final_matched_text_score": 1.0,
  "final_position_score": 0.8536241319444444,
  "final_text_color_score": 0.6836132761013185,
  "final_clip_score": 0.8757849335670471
}