{
  "sum_areas": 0.3074179728018793,
  "final_score": 0.9083289325360737,
  "final_size_score": 0.9932137121560021,
  "final_matched_text_score": 0.9409089734861242,
  "final_position_score": 0.9253703207944353,
  "final_text_color_score": 0.7550378848052077,
  "final_clip_score": 0.9271137714385986
}