{
  "sum_areas": 0.06274167037239439,
  "final_score": 0.87797989414888,
  "final_size_score": 0.9848387097061132,
  "final_matched_text_score": 0.9914529914529915,
  "final_position_score": 0.874261493800479,
  "final_text_color_score": 0.5889574270032303,
  "final_clip_score": 0.9503888487815857
}