{
  "sum_areas": 0.2263953460302976,
  "final_score": 0.8445938347872439,
  "final_size_score": 0.7349698534319891,
  "final_matched_text_score": 0.9863793954247675,
  "final_position_score": 0.8604049269886359,
  "final_text_color_score": 0.7597996309643618,
  "final_clip_score": 0.8814153671264648
}