{
  "sum_areas": 0.4311499277206967,
  "final_score": 0.9286749606264574,
  "final_size_score": 0.996542277914249,
  "final_matched_text_score": 0.9820505933075756,
  "final_position_score": 0.8783525193885036,
  "final_text_color_score": 0.8914407564779521,
  "final_clip_score": 0.8949886560440063
}