{
  "sum_areas": 0.1589591259180257,
  "final_score": 0.9146812225062959,
  "final_size_score": 0.9854157275944324,
  "final_matched_text_score": 0.912510552782264,
  "final_position_score": 0.8855312876885553,
  "final_text_color_score": 0.8591765975591843,
  "final_clip_score": 0.9307719469070435
}