{
  "sum_areas": 0.34409988198412345,
  "final_score": 0.8777123118906407,
  "final_size_score": 0.9665414645352368,
  "final_matched_text_score": 0.967589671868391,
  "final_position_score": 0.8255203032025088,
  "final_text_color_score": 0.7244389608657427,
  "final_clip_score": 0.9044711589813232
}