{
  "sum_areas": 0.028659939236111112,
  "final_score": 0.9334733684120606,
  "final_size_score": 0.9524855184946807,
  "final_matched_text_score": 1.0,
  "final_position_score": 0.84375,
  "final_text_color_score": 0.9839651214972933,
  "final_clip_score": 0.8871662020683289
}