{
  "sum_areas": 0.5060082900387002,
  "final_score": 0.937927238736588,
  "final_size_score": 0.9999999999999998,
  "final_matched_text_score": 0.9684175616269423,
  "final_position_score": 0.9527420909496092,
  "final_text_color_score": 0.9052793336555219,
  "final_clip_score": 0.8631972074508667
}