{
  "sum_areas": 0.5646988972880299,
  "final_score": 0.8863468624407039,
  "final_size_score": 1.0,
  "final_matched_text_score": 0.9540894557898233,
  "final_position_score": 0.9065848373594633,
  "final_text_color_score": 0.637228804149448,
  "final_clip_score": 0.9338312149047852
}