{
  "sum_areas": 0.23946023836806202,
  "final_score": 0.9325747420001291,
  "final_size_score": 0.9953044721408271,
  "final_matched_text_score": 0.9870777977666563,
  "final_position_score": 0.9248454660899906,
  "final_text_color_score": 0.8274077013362403,
  "final_clip_score": 0.9282382726669312
}