{
  "sum_areas": 0.46132760240391424,
  "final_score": 0.9051811899259224,
  "final_size_score": 0.9998629376062953,
  "final_matched_text_score": 0.9208574434359831,
  "final_position_score": 0.8842687740641406,
  "final_text_color_score": 0.8079202639903558,
  "final_clip_score": 0.9129965305328369
}