{
  "sum_areas": 0.24000325520833335,
  "final_score": 0.9039212156310233,
  "final_size_score": 1.0,
  "final_matched_text_score": 0.9121353665534548,
  "final_position_score": 0.7346100983796297,
  "final_text_color_score": 0.9583362964343122,
  "final_clip_score": 0.9145243167877197
}