{
  "sum_areas": 0.1768934720968181,
  "final_score": 0.8456239464783736,
  "final_size_score": 0.8084465490981448,
  "final_matched_text_score": 0.9931221778276721,
  "final_position_score": 0.7401115266399757,
  "final_text_color_score": 0.8295334224219615,
  "final_clip_score": 0.8569060564041138
}