{
  "sum_areas": 0.31978895532264234,
  "final_score": 0.7833716179737789,
  "final_size_score": 0.37388382662114095,
  "final_matched_text_score": 0.9946974145447427,
  "final_position_score": 0.8545131268226968,
  "final_text_color_score": 0.8145949730247228,
  "final_clip_score": 0.8791687488555908
}