{
  "sum_areas": 0.1200736864322606,
  "final_score": 0.9010900366050816,
  "final_size_score": 0.8259086371257387,
  "final_matched_text_score": 0.9847146401985112,
  "final_position_score": 0.8811284567027545,
  "final_text_color_score": 0.8839855574197285,
  "final_clip_score": 0.9297128915786743
}