{
  "sum_areas": 0.5237346865254565,
  "final_score": 0.9176944199860935,
  "final_size_score": 0.9857593290549204,
  "final_matched_text_score": 0.9732045136579468,
  "final_position_score": 0.8814099922623825,
  "final_text_color_score": 0.8170852172600576,
  "final_clip_score": 0.9310130476951599
}