{
  "sum_areas": 0.3646098882899666,
  "final_score": 0.8229038177528903,
  "final_size_score": 0.7716879513969362,
  "final_matched_text_score": 0.9657466107362944,
  "final_position_score": 0.9440767615598319,
  "final_text_color_score": 0.5370483281779259,
  "final_clip_score": 0.8959594368934631
}