{
  "sum_areas": 0.15845978413428038,
  "final_score": 0.9135944380093026,
  "final_size_score": 0.9954463840889288,
  "final_matched_text_score": 0.9852822100500119,
  "final_position_score": 0.8040130876068375,
  "final_text_color_score": 0.8852433809966576,
  "final_clip_score": 0.8979871273040771
}