{
  "sum_areas": 0.7025885840153184,
  "final_score": 0.9280860260235496,
  "final_size_score": 0.8771583244919651,
  "final_matched_text_score": 0.9702257165419347,
  "final_position_score": 0.8998772513985562,
  "final_text_color_score": 0.9635199018904619,
  "final_clip_score": 0.9296489357948303
}