{
  "sum_areas": 0.06556953635317185,
  "final_score": 0.9176713665836034,
  "final_size_score": 0.9942645853104873,
  "final_matched_text_score": 0.9914529914529915,
  "final_position_score": 0.8453837981092275,
  "final_text_color_score": 0.8160109750512308,
  "final_clip_score": 0.9412444829940796
}