{
  "sum_areas": 0.28329977051666266,
  "final_score": 0.8397559786048909,
  "final_size_score": 0.8180316414239515,
  "final_matched_text_score": 0.9827049235468672,
  "final_position_score": 0.7771631998666758,
  "final_text_color_score": 0.7367745650232024,
  "final_clip_score": 0.8841055631637573
}