{
  "sum_areas": 0.4644103878015424,
  "final_score": 0.7279554290513638,
  "final_size_score": 0.2529678511922358,
  "final_matched_text_score": 0.9563112469596722,
  "final_position_score": 0.8716258713937552,
  "final_text_color_score": 0.7559803252396587,
  "final_clip_score": 0.8028918504714966
}