{
  "sum_areas": 0.29102037950365917,
  "final_score": 0.9249923456522078,
  "final_size_score": 0.9868360010422264,
  "final_matched_text_score": 0.9445549293834209,
  "final_position_score": 0.9255082765169845,
  "final_text_color_score": 0.8765976918735218,
  "final_clip_score": 0.8914648294448853
}