{
  "sum_areas": 0.09169081303383497,
  "final_score": 0.9392518401584811,
  "final_size_score": 0.9999211587839347,
  "final_matched_text_score": 0.9909594634004083,
  "final_position_score": 0.8436867565198075,
  "final_text_color_score": 0.8942009106044903,
  "final_clip_score": 0.9674909114837646
}