{
  "sum_areas": 0.22501842724992294,
  "final_score": 0.8930316650812244,
  "final_size_score": 0.9213177547622655,
  "final_matched_text_score": 0.9524394022294442,
  "final_position_score": 0.8655564121052202,
  "final_text_color_score": 0.7907416974941903,
  "final_clip_score": 0.9351030588150024
}