{
  "sum_areas": 0.49475683470636644,
  "final_score": 0.870912885729244,
  "final_size_score": 0.9545138825239842,
  "final_matched_text_score": 0.9854611058049455,
  "final_position_score": 0.8105834685452366,
  "final_text_color_score": 0.8604489358490492,
  "final_clip_score": 0.7435570359230042
}