{
  "sum_areas": 0.1351711258638687,
  "final_score": 0.9116905435741931,
  "final_size_score": 0.9907934879956893,
  "final_matched_text_score": 0.9875006143601913,
  "final_position_score": 0.8285615808823529,
  "final_text_color_score": 0.9396703121061809,
  "final_clip_score": 0.8119267225265503
}