{
  "sum_areas": 0.38394540447496955,
  "final_score": 0.9263240540636147,
  "final_size_score": 0.8712942184746758,
  "final_matched_text_score": 0.996652695609604,
  "final_position_score": 0.9493044650163975,
  "final_text_color_score": 0.8952886934062698,
  "final_clip_score": 0.9190801978111267
}