{
  "sum_areas": 0.32480685763888884,
  "final_score": 0.8612781890501465,
  "final_size_score": 0.9094246714460383,
  "final_matched_text_score": 0.9315810975193128,
  "final_position_score": 0.8194004629629629,
  "final_text_color_score": 0.7642847936217959,
  "final_clip_score": 0.8816999197006226
}