{
  "sum_areas": 0.21607938788677866,
  "final_score": 0.9039637832211049,
  "final_size_score": 0.8464361271645804,
  "final_matched_text_score": 0.9968965398472104,
  "final_position_score": 0.9227403718459101,
  "final_text_color_score": 0.8622288341341154,
  "final_clip_score": 0.8915170431137085
}