{
  "sum_areas": 0.31668440580208956,
  "final_score": 0.7407163907526364,
  "final_size_score": 0.4310178350750027,
  "final_matched_text_score": 0.9727433205236778,
  "final_position_score": 0.7400682045012401,
  "final_text_color_score": 0.7179977399378277,
  "final_clip_score": 0.8417548537254333
}