{
  "files_processed": 53,
  "mean_ir": 0.11314488490126354,
  "mean_iwir": 0.5650199421077831,
  "status_counts": {
    "Yellow": 51,
    "Green": 1,
    "Red": 1
  }
}