{
  "sum_areas": 0.21669006946551325,
  "final_score": 0.9161752152829568,
  "final_size_score": 0.9975749876526441,
  "final_matched_text_score": 0.982892803842708,
  "final_position_score": 0.9331419073001412,
  "final_text_color_score": 0.7638652412209747,
  "final_clip_score": 0.9034011363983154
}