{
  "sum_areas": 0.2103608097730154,
  "final_score": 0.8489888202484099,
  "final_size_score": 0.8276073762415945,
  "final_matched_text_score": 0.9867534412642763,
  "final_position_score": 0.722953737652758,
  "final_text_color_score": 0.801678582586259,
  "final_clip_score": 0.9059509634971619
}