{
  "sum_areas": 0.13967064855742217,
  "final_score": 0.9201384089725633,
  "final_size_score": 0.9981464543041969,
  "final_matched_text_score": 0.9878687658717714,
  "final_position_score": 0.8398584545576763,
  "final_text_color_score": 0.8569485638394988,
  "final_clip_score": 0.9178698062896729
}