{
  "sum_areas": 0.027527335531018122,
  "final_score": 0.8970106098880187,
  "final_size_score": 0.9287100618639104,
  "final_matched_text_score": 1.0,
  "final_position_score": 0.8642708333333334,
  "final_text_color_score": 0.752477885444021,
  "final_clip_score": 0.9395942687988281
}