{
  "sum_areas": 0.17858533958648667,
  "final_score": 0.859847166613095,
  "final_size_score": 0.6944246389102489,
  "final_matched_text_score": 0.9481503524473083,
  "final_position_score": 0.8202840478891728,
  "final_text_color_score": 0.8958455400040475,
  "final_clip_score": 0.9405312538146973
}