{
  "sum_areas": 0.2439518800255848,
  "final_score": 0.9332168329755972,
  "final_size_score": 0.9864231879850973,
  "final_matched_text_score": 0.9861658087054415,
  "final_position_score": 0.76900828460039,
  "final_text_color_score": 0.9876011690561118,
  "final_clip_score": 0.9368857145309448
}