{
  "sum_areas": 0.06814864955477992,
  "final_score": 0.9594661605022203,
  "final_size_score": 0.9965141813098178,
  "final_matched_text_score": 0.9925255159535079,
  "final_position_score": 0.8961723800033167,
  "final_text_color_score": 0.9408506078166338,
  "final_clip_score": 0.9712681174278259
}