{
  "sum_areas": 0.33582306170735915,
  "final_score": 0.9469895525526297,
  "final_size_score": 0.9947525046778474,
  "final_matched_text_score": 0.9971684704122435,
  "final_position_score": 0.9423439026612913,
  "final_text_color_score": 0.8957254713383656,
  "final_clip_score": 0.9049574136734009
}