{
  "sum_areas": 0.24832812794376907,
  "final_score": 0.8880771328663555,
  "final_size_score": 0.8603718459580764,
  "final_matched_text_score": 0.9996807151979566,
  "final_position_score": 0.8715109032732526,
  "final_text_color_score": 0.7595717998361159,
  "final_clip_score": 0.9492504000663757
}