{
  "sum_areas": 0.1904194716890586,
  "final_score": 0.8711965760492544,
  "final_size_score": 0.7127657143566516,
  "final_matched_text_score": 0.9921434664919062,
  "final_position_score": 0.8522374466035416,
  "final_text_color_score": 0.8569165683840769,
  "final_clip_score": 0.9419196844100952
}