{
  "sum_areas": 0.3006449946070678,
  "final_score": 0.8892766776034492,
  "final_size_score": 0.9800376674040081,
  "final_matched_text_score": 0.9371976664154071,
  "final_position_score": 0.8095086419609144,
  "final_text_color_score": 0.7900428093201989,
  "final_clip_score": 0.9295966029167175
}