{
  "sum_areas": 0.007580295138888889,
  "final_score": 0.8836187264020161,
  "final_size_score": 0.6379902662467792,
  "final_matched_text_score": 1.0,
  "final_position_score": 0.9166666666666667,
  "final_text_color_score": 0.90567845124431,
  "final_clip_score": 0.9577582478523254
}