{
  "sum_areas": 0.29749090976277504,
  "final_score": 0.817418106524916,
  "final_size_score": 0.40342100053644026,
  "final_matched_text_score": 0.9506967464702272,
  "final_position_score": 0.8591975674408875,
  "final_text_color_score": 0.909849916148369,
  "final_clip_score": 0.963925302028656
}