{
  "sum_areas": 0.18145989759737507,
  "final_score": 0.9080158171019704,
  "final_size_score": 0.8643381384760788,
  "final_matched_text_score": 0.9973277129950626,
  "final_position_score": 0.9116613011943492,
  "final_text_color_score": 0.8601263639776321,
  "final_clip_score": 0.9066255688667297
}