{
  "sum_areas": 0.5619857372068972,
  "final_score": 0.8809008019369678,
  "final_size_score": 0.9858665556076324,
  "final_matched_text_score": 0.9671607403533236,
  "final_position_score": 0.6987015375667114,
  "final_text_color_score": 0.8500858384267644,
  "final_clip_score": 0.9026893377304077
}