{
  "sum_areas": 0.26918302651683634,
  "final_score": 0.7680042529934727,
  "final_size_score": 0.4317794233354457,
  "final_matched_text_score": 0.9158656776369105,
  "final_position_score": 0.8589028716349769,
  "final_text_color_score": 0.7324646267983549,
  "final_clip_score": 0.901008665561676
}