{
  "sum_areas": 0.5355241347553235,
  "final_score": 0.8850863740323188,
  "final_size_score": 0.9974157493909012,
  "final_matched_text_score": 0.9153707409362837,
  "final_position_score": 0.8357106474711143,
  "final_text_color_score": 0.883592142031264,
  "final_clip_score": 0.7933425903320312
}