{
  "sum_areas": 0.25184030878209945,
  "final_score": 0.9082551961432517,
  "final_size_score": 0.986795469168653,
  "final_matched_text_score": 0.98817929621881,
  "final_position_score": 0.8880649849691743,
  "final_text_color_score": 0.7767879805427262,
  "final_clip_score": 0.9014482498168945
}