{
  "sum_areas": 0.15255296154842798,
  "final_score": 0.9286463673030312,
  "final_size_score": 0.9000616941625302,
  "final_matched_text_score": 0.9836827614826291,
  "final_position_score": 0.9269790135062299,
  "final_text_color_score": 0.8924214065712247,
  "final_clip_score": 0.9400869607925415
}