{
  "sum_areas": 0.031760435393979894,
  "final_score": 0.9112119903408292,
  "final_size_score": 0.8828059593078721,
  "final_matched_text_score": 0.9954594017094016,
  "final_position_score": 0.9020668656453984,
  "final_text_color_score": 0.8493482232218628,
  "final_clip_score": 0.9263795018196106
}