{
  "sum_areas": 0.2449943169941472,
  "final_score": 0.8999539687680301,
  "final_size_score": 0.9999999999999999,
  "final_matched_text_score": 0.9679231553928807,
  "final_position_score": 0.7087790435711632,
  "final_text_color_score": 0.8776940501152117,
  "final_clip_score": 0.9453735947608948
}