{
  "sum_areas": 0.1578327328470511,
  "final_score": 0.9340914621663551,
  "final_size_score": 0.9733406722814416,
  "final_matched_text_score": 0.9676162921567681,
  "final_position_score": 0.9140055353528439,
  "final_text_color_score": 0.8607160205667842,
  "final_clip_score": 0.954778790473938
}