{
  "sum_areas": 0.19159888785294327,
  "final_score": 0.9351191578743301,
  "final_size_score": 0.9972574157402909,
  "final_matched_text_score": 0.9841969310997991,
  "final_position_score": 0.9240457875180456,
  "final_text_color_score": 0.8539500918879039,
  "final_clip_score": 0.9161455631256104
}