{
  "sum_areas": 0.37949085720535314,
  "final_score": 0.8360039662170236,
  "final_size_score": 0.9979697244814679,
  "final_matched_text_score": 0.9826833099215795,
  "final_position_score": 0.5691831420401178,
  "final_text_color_score": 0.7939967688082128,
  "final_clip_score": 0.8361868858337402
}