{
  "sum_areas": 0.16203398853855763,
  "final_score": 0.8174498396002803,
  "final_size_score": 0.742456352587191,
  "final_matched_text_score": 0.9863804279912528,
  "final_position_score": 0.9035426228206997,
  "final_text_color_score": 0.6317782280396046,
  "final_clip_score": 0.8230915665626526
}