{
  "sum_areas": 0.18086221939981098,
  "final_score": 0.8857777819176381,
  "final_size_score": 0.845915717197331,
  "final_matched_text_score": 0.9965277777777778,
  "final_position_score": 0.8889570241734601,
  "final_text_color_score": 0.9158423771797336,
  "final_clip_score": 0.7816460132598877
}