{
  "sum_areas": 0.5261013598003779,
  "final_score": 0.9475828905259631,
  "final_size_score": 0.9974446837051864,
  "final_matched_text_score": 0.9676789192730697,
  "final_position_score": 0.9267834680027165,
  "final_text_color_score": 0.9478761303136989,
  "final_clip_score": 0.898131251335144
}