{
  "sum_areas": 0.40225507753108963,
  "final_score": 0.8715101448181845,
  "final_size_score": 0.9566159566172506,
  "final_matched_text_score": 0.8879060319293821,
  "final_position_score": 0.8712654257539065,
  "final_text_color_score": 0.7389572661655044,
  "final_clip_score": 0.9028060436248779
}