{
  "sum_areas": 0.36674334997363994,
  "final_score": 0.9384558232600851,
  "final_size_score": 0.859399648649898,
  "final_matched_text_score": 0.9915841322976253,
  "final_position_score": 0.9384606671419922,
  "final_text_color_score": 0.9857047939814791,
  "final_clip_score": 0.9171298742294312
}