{
  "sum_areas": 0.18562541389246848,
  "final_score": 0.9007874771789641,
  "final_size_score": 1.0,
  "final_matched_text_score": 0.9975026173340089,
  "final_position_score": 0.8225285250214778,
  "final_text_color_score": 0.8128674490218171,
  "final_clip_score": 0.8710387945175171
}