{
  "sum_areas": 0.4739759193822798,
  "final_score": 0.7604246877875065,
  "final_size_score": 0.36226070989742243,
  "final_matched_text_score": 0.951893036327574,
  "final_position_score": 0.7744469903317628,
  "final_text_color_score": 0.8734146653858388,
  "final_clip_score": 0.8401080369949341
}