{
  "sum_areas": 0.28681342824055023,
  "final_score": 0.8484152559215934,
  "final_size_score": 0.6547437299499979,
  "final_matched_text_score": 0.9761520545153429,
  "final_position_score": 0.8651145365044572,
  "final_text_color_score": 0.9080073677491918,
  "final_clip_score": 0.838058590888977
}