{
  "sum_areas": 0.519694690702164,
  "final_score": 0.8330728166725221,
  "final_size_score": 0.5612464670572332,
  "final_matched_text_score": 0.906337503610956,
  "final_position_score": 0.8870049786568587,
  "final_text_color_score": 0.8576553792463028,
  "final_clip_score": 0.9531197547912598
}