{
  "sum_areas": 0.2995896642233766,
  "final_score": 0.9215260397463475,
  "final_size_score": 1.0,
  "final_matched_text_score": 0.9920982759220063,
  "final_position_score": 0.8864236107613973,
  "final_text_color_score": 0.8019329094070372,
  "final_clip_score": 0.9271754026412964
}