{
  "sum_areas": 0.1267393473683883,
  "final_score": 0.8755775482124554,
  "final_size_score": 0.9866596662094694,
  "final_matched_text_score": 0.9880919565576934,
  "final_position_score": 0.8799989935178023,
  "final_text_color_score": 0.6013294780259073,
  "final_clip_score": 0.9218076467514038
}