{
  "sum_areas": 0.356392622506247,
  "final_score": 0.9227436576694145,
  "final_size_score": 0.9993713516787731,
  "final_matched_text_score": 0.9906997475068149,
  "final_position_score": 0.8771768190609073,
  "final_text_color_score": 0.8106530688272302,
  "final_clip_score": 0.935817301273346
}