{
  "sum_areas": 0.08206261915155187,
  "final_score": 0.8451487903936722,
  "final_size_score": 0.9789983641036674,
  "final_matched_text_score": 0.939622481727458,
  "final_position_score": 0.8077080180085879,
  "final_text_color_score": 0.5951644663329929,
  "final_clip_score": 0.9042506217956543
}