{
  "sum_areas": 0.24099438439402582,
  "final_score": 0.9007512133601209,
  "final_size_score": 0.9380332147662934,
  "final_matched_text_score": 0.9697503435801451,
  "final_position_score": 0.7668289112163129,
  "final_text_color_score": 0.981183959595946,
  "final_clip_score": 0.8479596376419067
}