{
  "sum_areas": 0.3208306701441513,
  "final_score": 0.8846836290560957,
  "final_size_score": 0.9433515419246519,
  "final_matched_text_score": 0.9513780346276184,
  "final_position_score": 0.8092147917240746,
  "final_text_color_score": 0.7934955932577955,
  "final_clip_score": 0.9259781837463379
}