{
  "sum_areas": 0.17822914072287882,
  "final_score": 0.8950954481881848,
  "final_size_score": 0.9794676358774279,
  "final_matched_text_score": 0.9705647846048799,
  "final_position_score": 0.7925905634250994,
  "final_text_color_score": 0.8331513504249347,
  "final_clip_score": 0.8997029066085815
}