{
  "sum_areas": 0.4811862722734363,
  "final_score": 0.750644515543827,
  "final_size_score": 0.3650634340796704,
  "final_matched_text_score": 0.951893036327574,
  "final_position_score": 0.7673819243213843,
  "final_text_color_score": 0.8003214846262482,
  "final_clip_score": 0.8685626983642578
}