{
  "sum_areas": 0.190638046735049,
  "final_score": 0.6988046234523441,
  "final_size_score": 0.5403621222488713,
  "final_matched_text_score": 0.8783696209170978,
  "final_position_score": 0.6374349335524745,
  "final_text_color_score": 0.6198559451094697,
  "final_clip_score": 0.8180004954338074
}