{
  "sum_areas": 0.2462847222222222,
  "final_score": 0.8676450226679174,
  "final_size_score": 0.8868074157620188,
  "final_matched_text_score": 0.9430939142199118,
  "final_position_score": 0.8507743969298245,
  "final_text_color_score": 0.8125987700681214,
  "final_clip_score": 0.8449506163597107
}