{
  "sum_areas": 0.19210616035116926,
  "final_score": 0.9192941756160669,
  "final_size_score": 0.9074745878732675,
  "final_matched_text_score": 0.9997176736307171,
  "final_position_score": 0.9157997554692073,
  "final_text_color_score": 0.8712634399073429,
  "final_clip_score": 0.9022154211997986
}