{
  "sum_areas": 0.34490903741523093,
  "final_score": 0.7280624339250882,
  "final_size_score": 0.40983864202160414,
  "final_matched_text_score": 0.947728716805402,
  "final_position_score": 0.7562628741977039,
  "final_text_color_score": 0.7179977399378277,
  "final_clip_score": 0.8084841966629028
}