{
  "sum_areas": 0.1788844879857944,
  "final_score": 0.8716629774544785,
  "final_size_score": 0.9874806140516453,
  "final_matched_text_score": 0.9947604790419161,
  "final_position_score": 0.75927734375,
  "final_text_color_score": 0.7385249898956886,
  "final_clip_score": 0.8782714605331421
}