{
  "sum_areas": 0.30264346305737533,
  "final_score": 0.6633360204509755,
  "final_size_score": 0.16906036762273685,
  "final_matched_text_score": 0.7904636822656624,
  "final_position_score": 0.6895373403306095,
  "final_text_color_score": 0.8073093496243697,
  "final_clip_score": 0.860309362411499
}