{
  "sum_areas": 0.0762202808807818,
  "final_score": 0.7307842435050436,
  "final_size_score": 0.22091793132195647,
  "final_matched_text_score": 1.0,
  "final_position_score": 0.9079284623119465,
  "final_text_color_score": 0.7361895285002322,
  "final_clip_score": 0.7888852953910828
}