{
  "sum_areas": 0.1710400896092133,
  "final_score": 0.8346603622039837,
  "final_size_score": 0.9938719825956739,
  "final_matched_text_score": 0.9790368065853157,
  "final_position_score": 0.8078336551296719,
  "final_text_color_score": 0.6545506887498145,
  "final_clip_score": 0.7380086779594421
}