{
  "sum_areas": 0.33164118862264425,
  "final_score": 0.6116384380662642,
  "final_size_score": 0.19292784045813213,
  "final_matched_text_score": 0.7229813664596273,
  "final_position_score": 0.5049458002061249,
  "final_text_color_score": 0.8084995500745016,
  "final_clip_score": 0.8288376331329346
}