{
  "sum_areas": 0.18911640174978592,
  "final_score": 0.8545749764762066,
  "final_size_score": 0.668643677371006,
  "final_matched_text_score": 0.9926446752978152,
  "final_position_score": 0.8430712882546816,
  "final_text_color_score": 0.8470892432466235,
  "final_clip_score": 0.921425998210907
}