{
  "sum_areas": 0.0851971193876781,
  "final_score": 0.9395739048796327,
  "final_size_score": 0.9981446924309044,
  "final_matched_text_score": 0.9981240981240982,
  "final_position_score": 0.8899803901333544,
  "final_text_color_score": 0.9021565804728064,
  "final_clip_score": 0.9094637632369995
}