{
  "sum_areas": 0.03371429499609242,
  "final_score": 0.8949251933351583,
  "final_size_score": 0.680574337940663,
  "final_matched_text_score": 1.0,
  "final_position_score": 0.938995587924864,
  "final_text_color_score": 0.9171270661818153,
  "final_clip_score": 0.9379289746284485
}