{
  "sum_areas": 0.03229697629070999,
  "final_score": 0.9175371314260424,
  "final_size_score": 0.8752174493677712,
  "final_matched_text_score": 0.9954594017094016,
  "final_position_score": 0.9150641498775942,
  "final_text_color_score": 0.8863948414743651,
  "final_clip_score": 0.9155498147010803
}