{
  "sum_areas": 0.32511785899798684,
  "final_score": 0.9417914434867258,
  "final_size_score": 1.0,
  "final_matched_text_score": 0.9479153116712721,
  "final_position_score": 0.9627914580114354,
  "final_text_color_score": 0.8564127197273929,
  "final_clip_score": 0.941837728023529
}