{
  "sum_areas": 0.14417477496051165,
  "final_score": 0.926075961957174,
  "final_size_score": 0.9821303665819556,
  "final_matched_text_score": 0.9761737690719038,
  "final_position_score": 0.9357655228468379,
  "final_text_color_score": 0.7938118845882426,
  "final_clip_score": 0.9424982666969299
}