{
  "sum_areas": 0.27745768229166673,
  "final_score": 0.9074003346233944,
  "final_size_score": 0.9939930779609316,
  "final_matched_text_score": 0.962324839695596,
  "final_position_score": 0.7196691078650489,
  "final_text_color_score": 0.9447348548097507,
  "final_clip_score": 0.9162797927856445
}