{
  "sum_areas": 0.12088779818272007,
  "final_score": 0.8538004787635304,
  "final_size_score": 0.695521813912201,
  "final_matched_text_score": 0.9982905982905982,
  "final_position_score": 0.8169264946087863,
  "final_text_color_score": 0.8788245502957084,
  "final_clip_score": 0.8794389367103577
}