{
  "sum_areas": 0.40396505100291763,
  "final_score": 0.909381576178067,
  "final_size_score": 0.9431923247109574,
  "final_matched_text_score": 0.9569724628289038,
  "final_position_score": 0.9370129282018337,
  "final_text_color_score": 0.8274635244854929,
  "final_clip_score": 0.882266640663147
}