{
  "sum_areas": 0.1359771566660539,
  "final_score": 0.862501286846465,
  "final_size_score": 0.9536890095666187,
  "final_matched_text_score": 0.9468237030440588,
  "final_position_score": 0.8122012707886862,
  "final_text_color_score": 0.7320838870283348,
  "final_clip_score": 0.8677085638046265
}