{
  "sum_areas": 0.2213228199296314,
  "final_score": 0.8570252431418933,
  "final_size_score": 0.7043242765594213,
  "final_matched_text_score": 0.9923608092662353,
  "final_position_score": 0.7976459218671721,
  "final_text_color_score": 0.9099006662762206,
  "final_clip_score": 0.8808945417404175
}