{
  "sum_areas": 0.32824373224679015,
  "final_score": 0.7338345877909112,
  "final_size_score": 0.41660390651076523,
  "final_matched_text_score": 0.9666392915549167,
  "final_position_score": 0.7447706373493612,
  "final_text_color_score": 0.7179977399378277,
  "final_clip_score": 0.8231613636016846
}