{
  "sum_areas": 0.13697942389795978,
  "final_score": 0.8658278257189997,
  "final_size_score": 0.9538825578737145,
  "final_matched_text_score": 0.9458019682890303,
  "final_position_score": 0.8123067095521731,
  "final_text_color_score": 0.7320838870283348,
  "final_clip_score": 0.8850640058517456
}