{
  "sum_areas": 0.29943730142580594,
  "final_score": 0.8780230510020948,
  "final_size_score": 0.9193242348143259,
  "final_matched_text_score": 0.9664940153530721,
  "final_position_score": 0.8181512824973609,
  "final_text_color_score": 0.7498876447242553,
  "final_clip_score": 0.93625807762146
}