{
  "sum_areas": 0.01703884548611111,
  "final_score": 0.7192995256211683,
  "final_size_score": 0.28192065210469336,
  "final_matched_text_score": 1.0,
  "final_position_score": 0.9666666666666666,
  "final_text_color_score": 0.48609688331671996,
  "final_clip_score": 0.8618134260177612
}