{
  "sum_areas": 0.3771084496615905,
  "final_score": 0.7391665543669202,
  "final_size_score": 0.5785007887126457,
  "final_matched_text_score": 0.9631803331747352,
  "final_position_score": 0.5450112274393684,
  "final_text_color_score": 0.7326666380611353,
  "final_clip_score": 0.8764737844467163
}