{
  "sum_areas": 0.06210229056271501,
  "final_score": 0.9265176747821748,
  "final_size_score": 0.9644279251679053,
  "final_matched_text_score": 1.0,
  "final_position_score": 0.9630573140833066,
  "final_text_color_score": 0.7784423585213562,
  "final_clip_score": 0.9266607761383057
}