{
  "sum_areas": 0.3526872830965039,
  "final_score": 0.9277878521662362,
  "final_size_score": 0.9414298941910288,
  "final_matched_text_score": 0.9609076310784358,
  "final_position_score": 0.9505593650759835,
  "final_text_color_score": 0.9100511452431178,
  "final_clip_score": 0.8759912252426147
}