{
  "sum_areas": 0.0879548331661927,
  "final_score": 0.8958757344894057,
  "final_size_score": 0.9999999999999999,
  "final_matched_text_score": 0.9886758563074353,
  "final_position_score": 0.8128356641862859,
  "final_text_color_score": 0.7531509773507982,
  "final_clip_score": 0.9247161746025085
}