{
  "sum_areas": 0.16934165959386396,
  "final_score": 0.8732367245672231,
  "final_size_score": 0.7229064745232427,
  "final_matched_text_score": 0.9938239964166851,
  "final_position_score": 0.8625684477528145,
  "final_text_color_score": 0.8626519828146376,
  "final_clip_score": 0.9242327213287354
}