{
  "sum_areas": 0.17492586720577655,
  "final_score": 0.9158950438919498,
  "final_size_score": 0.8937267110792739,
  "final_matched_text_score": 0.9780689082159669,
  "final_position_score": 0.9151425104147607,
  "final_text_color_score": 0.9017213548864663,
  "final_clip_score": 0.8908157348632812
}