{
  "sum_areas": 0.12656220216070144,
  "final_score": 0.9252713518128575,
  "final_size_score": 0.9456102972448677,
  "final_matched_text_score": 1.0,
  "final_position_score": 0.8605945760076548,
  "final_text_color_score": 0.9076451862496924,
  "final_clip_score": 0.9125066995620728
}