{
  "sum_areas": 0.0816301712119605,
  "final_score": 0.8992877282193263,
  "final_size_score": 0.8999028724094238,
  "final_matched_text_score": 0.9872609669711119,
  "final_position_score": 0.8520449287434617,
  "final_text_color_score": 0.8421545708486106,
  "final_clip_score": 0.9150753021240234
}