{
  "sum_areas": 0.19792317708333335,
  "final_score": 0.8931830105706364,
  "final_size_score": 0.8635242261767704,
  "final_matched_text_score": 0.9592310504295749,
  "final_position_score": 0.7506863064236111,
  "final_text_color_score": 0.9800079570706925,
  "final_clip_score": 0.912465512752533
}