{
  "sum_areas": 0.3733171395642663,
  "final_score": 0.9165660810154876,
  "final_size_score": 0.9785583401943772,
  "final_matched_text_score": 0.9804268141758572,
  "final_position_score": 0.8730481906611889,
  "final_text_color_score": 0.8593372373912901,
  "final_clip_score": 0.8914598226547241
}