{
  "sum_areas": 0.024150390625,
  "final_score": 0.9366502638274604,
  "final_size_score": 0.9374578784202723,
  "final_matched_text_score": 1.0,
  "final_position_score": 0.8357638888888889,
  "final_text_color_score": 0.9960362528207245,
  "final_clip_score": 0.9139932990074158
}