{
  "sum_areas": 0.0765623883771095,
  "final_score": 0.8870072849680499,
  "final_size_score": 0.9877592486765244,
  "final_matched_text_score": 0.9934982540024557,
  "final_position_score": 0.9635478946752827,
  "final_text_color_score": 0.5625253223201233,
  "final_clip_score": 0.927705705165863
}