{
  "sum_areas": 0.6413609720273967,
  "final_score": 0.879209335263829,
  "final_size_score": 0.981875496849165,
  "final_matched_text_score": 0.9259585019158703,
  "final_position_score": 0.863996403666759,
  "final_text_color_score": 0.6845667515828161,
  "final_clip_score": 0.9396495223045349
}