{
  "sum_areas": 0.1469425910649586,
  "final_score": 0.9174917160402233,
  "final_size_score": 1.0,
  "final_matched_text_score": 0.9835658576712082,
  "final_position_score": 0.7842780701249904,
  "final_text_color_score": 0.9005404746629133,
  "final_clip_score": 0.9190741777420044
}