{
  "sum_areas": 0.19125966611216724,
  "final_score": 0.9028099548944377,
  "final_size_score": 0.8898067676173121,
  "final_matched_text_score": 0.9956105149936805,
  "final_position_score": 0.9059749865012544,
  "final_text_color_score": 0.8402324951556261,
  "final_clip_score": 0.8824250102043152
}