{
  "sum_areas": 0.18275258714596948,
  "final_score": 0.908430122352868,
  "final_size_score": 0.9822499847879189,
  "final_matched_text_score": 0.9929863865709455,
  "final_position_score": 0.8701033404536583,
  "final_text_color_score": 0.7848787891653787,
  "final_clip_score": 0.911932110786438
}