{
  "sum_areas": 0.23850442395482416,
  "final_score": 0.8641744001466137,
  "final_size_score": 0.8528668447483296,
  "final_matched_text_score": 0.9773230989859092,
  "final_position_score": 0.9158955276284279,
  "final_text_color_score": 0.6401891563616735,
  "final_clip_score": 0.934597373008728
}