{
  "sum_areas": 0.21200400500756839,
  "final_score": 0.7260643506602817,
  "final_size_score": 0.4176243298202364,
  "final_matched_text_score": 0.921675801797376,
  "final_position_score": 0.7987006823332854,
  "final_text_color_score": 0.6256467545513166,
  "final_clip_score": 0.8666741847991943
}