{
  "sum_areas": 0.00791232638888889,
  "final_score": 0.863607956458732,
  "final_size_score": 0.5696653867251782,
  "final_matched_text_score": 1.0,
  "final_position_score": 0.8708333333333333,
  "final_text_color_score": 0.9722112387411905,
  "final_clip_score": 0.9053298234939575
}