{
  "sum_areas": 0.24622822324692853,
  "final_score": 0.8474628622432704,
  "final_size_score": 0.7274140542903145,
  "final_matched_text_score": 0.9613171310087658,
  "final_position_score": 0.7824797453703703,
  "final_text_color_score": 0.9352527793506117,
  "final_clip_score": 0.8308506011962891
}