{
  "sum_areas": 0.179906149521269,
  "final_score": 0.8811765178703986,
  "final_size_score": 0.9847765413126258,
  "final_matched_text_score": 0.9756604288883255,
  "final_position_score": 0.8360573474452152,
  "final_text_color_score": 0.6844646133348556,
  "final_clip_score": 0.9249236583709717
}