{
  "sum_areas": 0.07272737549776198,
  "final_score": 0.9141229655600349,
  "final_size_score": 0.9999006011814381,
  "final_matched_text_score": 0.9916012806637807,
  "final_position_score": 0.8221757071942458,
  "final_text_color_score": 0.8119069071490764,
  "final_clip_score": 0.9450303316116333
}