{
  "sum_areas": 0.2996950891802504,
  "final_score": 0.9020411570076048,
  "final_size_score": 0.9633182231192237,
  "final_matched_text_score": 0.9810891004527895,
  "final_position_score": 0.81484375,
  "final_text_color_score": 0.8360803365995252,
  "final_clip_score": 0.9148743748664856
}