{
  "sum_areas": 0.551353001565701,
  "final_score": 0.9100559200702958,
  "final_size_score": 0.9177172143994369,
  "final_matched_text_score": 0.9765848296079149,
  "final_position_score": 0.8451937171075041,
  "final_text_color_score": 0.9170405626405532,
  "final_clip_score": 0.8937432765960693
}