{
  "sum_areas": 0.21554543215601885,
  "final_score": 0.9267195277658768,
  "final_size_score": 0.9956852280899194,
  "final_matched_text_score": 0.9719313863097119,
  "final_position_score": 0.924512528001312,
  "final_text_color_score": 0.7875015212163432,
  "final_clip_score": 0.9539669752120972
}