{
  "sum_areas": 0.3298104390752521,
  "final_score": 0.8674359977290078,
  "final_size_score": 0.7085176366121895,
  "final_matched_text_score": 0.972826586889502,
  "final_position_score": 0.8403555031629893,
  "final_text_color_score": 0.8828667699683344,
  "final_clip_score": 0.9326134920120239
}