{
  "sum_areas": 0.04577930228531857,
  "final_score": 0.7421697078777151,
  "final_size_score": 0.2562874849992469,
  "final_matched_text_score": 0.9910822510822511,
  "final_position_score": 0.6294182825484765,
  "final_text_color_score": 0.9693957277440743,
  "final_clip_score": 0.8646647930145264
}