{
  "sum_areas": 0.08781538950919443,
  "final_score": 0.944713752012373,
  "final_size_score": 0.9999176794040091,
  "final_matched_text_score": 0.9904014636157493,
  "final_position_score": 0.8367838960107798,
  "final_text_color_score": 0.9461160325013578,
  "final_clip_score": 0.9503496885299683
}