{
  "sum_areas": 0.019466145833333334,
  "final_score": 0.9497181990118015,
  "final_size_score": 0.9792642140468227,
  "final_matched_text_score": 1.0,
  "final_position_score": 0.8159722222222222,
  "final_text_color_score": 0.9960362528207245,
  "final_clip_score": 0.9573183059692383
}