{
  "sum_areas": 0.36317735088205344,
  "final_score": 0.9088271780536854,
  "final_size_score": 0.9965708559444859,
  "final_matched_text_score": 0.9539509325255272,
  "final_position_score": 0.9265277012265487,
  "final_text_color_score": 0.7347046514187282,
  "final_clip_score": 0.9323817491531372
}