{
  "sum_areas": 0.22796579828540567,
  "final_score": 0.8827622222262086,
  "final_size_score": 0.9719886127219747,
  "final_matched_text_score": 0.9321409080324704,
  "final_position_score": 0.9077497407035972,
  "final_text_color_score": 0.6858669912364158,
  "final_clip_score": 0.9160648584365845
}