{
  "sum_areas": 0.058177874470054944,
  "final_score": 0.9241312803734743,
  "final_size_score": 0.9203772053256781,
  "final_matched_text_score": 0.9996807151979566,
  "final_position_score": 0.8812834583572644,
  "final_text_color_score": 0.8946504064016939,
  "final_clip_score": 0.9246646165847778
}