{
  "sum_areas": 0.08449079738173212,
  "final_score": 0.905874907831888,
  "final_size_score": 0.9999999999999999,
  "final_matched_text_score": 0.9856342957130358,
  "final_position_score": 0.791430127290375,
  "final_text_color_score": 0.8212850283226245,
  "final_clip_score": 0.9310250878334045
}