{
  "sum_areas": 0.14952389471805042,
  "final_score": 0.8984741663348679,
  "final_size_score": 0.9870596927918469,
  "final_matched_text_score": 0.9419842426468503,
  "final_position_score": 0.7872350254721566,
  "final_text_color_score": 0.846652981736843,
  "final_clip_score": 0.9294388890266418
}