{
  "sum_areas": 0.2092523272857031,
  "final_score": 0.9073762695516662,
  "final_size_score": 0.9477918465703621,
  "final_matched_text_score": 0.9790385391264727,
  "final_position_score": 0.8704885701985312,
  "final_text_color_score": 0.8537376519299504,
  "final_clip_score": 0.8858247399330139
}