{
  "sum_areas": 0.12918817443332534,
  "final_score": 0.8413869398626034,
  "final_size_score": 0.6978555642969795,
  "final_matched_text_score": 0.9595632333098318,
  "final_position_score": 0.7824009837666503,
  "final_text_color_score": 0.8340841934141034,
  "final_clip_score": 0.9330307245254517
}