{
  "sum_areas": 0.40778630501405705,
  "final_score": 0.9139592657053804,
  "final_size_score": 0.9430899584047531,
  "final_matched_text_score": 0.9569724628289038,
  "final_position_score": 0.9409799617950761,
  "final_text_color_score": 0.8314395162150265,
  "final_clip_score": 0.8973144292831421
}