{
  "sum_areas": 0.30875997688203105,
  "final_score": 0.9230960049749964,
  "final_size_score": 0.9884112254495693,
  "final_matched_text_score": 0.9307892158792347,
  "final_position_score": 0.9249169287782011,
  "final_text_color_score": 0.8466124459133009,
  "final_clip_score": 0.9247502088546753
}