{
  "sum_areas": 0.20546449322334304,
  "final_score": 0.90739194172925,
  "final_size_score": 0.9948932703570226,
  "final_matched_text_score": 0.9997412008281573,
  "final_position_score": 0.8192745423764216,
  "final_text_color_score": 0.8465721422663499,
  "final_clip_score": 0.8764785528182983
}