{
  "sum_areas": 0.17543219422101763,
  "final_score": 0.8938793386241399,
  "final_size_score": 0.9592070609719612,
  "final_matched_text_score": 0.9526970344137223,
  "final_position_score": 0.7907382787695217,
  "final_text_color_score": 0.8607692020068756,
  "final_clip_score": 0.9059851169586182
}