{
  "sum_areas": 0.1657156127283546,
  "final_score": 0.8691483495882478,
  "final_size_score": 0.9384320802592306,
  "final_matched_text_score": 0.9473768022705022,
  "final_position_score": 0.839693928328579,
  "final_text_color_score": 0.7251406680971788,
  "final_clip_score": 0.8950982689857483
}