{
  "sum_areas": 0.1863695290514098,
  "final_score": 0.8331884000026758,
  "final_size_score": 0.8986045897076438,
  "final_matched_text_score": 0.9432384996432258,
  "final_position_score": 0.8093955845052966,
  "final_text_color_score": 0.6891513394628767,
  "final_clip_score": 0.8255519866943359
}