{
  "sum_areas": 0.3149877092133897,
  "final_score": 0.618290502811959,
  "final_size_score": 0.0360561270518185,
  "final_matched_text_score": 1.0,
  "final_position_score": 0.5587384392601127,
  "final_text_color_score": 0.72063396379248,
  "final_clip_score": 0.7760239839553833
}