{
  "sum_areas": 0.29626973843854465,
  "final_score": 0.8789816387467515,
  "final_size_score": 0.981676652978504,
  "final_matched_text_score": 0.9641946025671608,
  "final_position_score": 0.7038593543692144,
  "final_text_color_score": 0.8287997413925772,
  "final_clip_score": 0.9163778424263
}