{
  "sum_areas": 0.5121140387740013,
  "final_score": 0.8468880014555742,
  "final_size_score": 0.9008353552785017,
  "final_matched_text_score": 0.8975803331194961,
  "final_position_score": 0.8710303522597873,
  "final_text_color_score": 0.665890742342589,
  "final_clip_score": 0.8991032242774963
}