{
  "sum_areas": 0.20851795052475794,
  "final_score": 0.7453699853904084,
  "final_size_score": 0.709430666246525,
  "final_matched_text_score": 1.0,
  "final_position_score": 0.5539675153848292,
  "final_text_color_score": 0.6587253234876498,
  "final_clip_score": 0.8047264218330383
}