{
  "sum_areas": 0.3537276317751981,
  "final_score": 0.8741184797126158,
  "final_size_score": 0.9335629762757203,
  "final_matched_text_score": 0.9668982159881129,
  "final_position_score": 0.8609702230862509,
  "final_text_color_score": 0.6830721136413089,
  "final_clip_score": 0.9260888695716858
}