{
  "sum_areas": 0.510961351659053,
  "final_score": 0.9113329813538384,
  "final_size_score": 0.9455930072123493,
  "final_matched_text_score": 0.9684080065251615,
  "final_position_score": 0.9315130378462317,
  "final_text_color_score": 0.8502843681592349,
  "final_clip_score": 0.8608664870262146
}