{
  "sum_areas": 0.16775370316213606,
  "final_score": 0.8414281770072514,
  "final_size_score": 0.884024645822065,
  "final_matched_text_score": 0.9886010700576527,
  "final_position_score": 0.7567187499999999,
  "final_text_color_score": 0.68281098176335,
  "final_clip_score": 0.8949854373931885
}