{
  "sum_areas": 0.09522937931988908,
  "final_score": 0.8218883448563509,
  "final_size_score": 0.8667198402815414,
  "final_matched_text_score": 0.9882505575570424,
  "final_position_score": 0.7407433607572999,
  "final_text_color_score": 0.6706363585920594,
  "final_clip_score": 0.843091607093811
}