{
  "sum_areas": 0.2708003404739225,
  "final_score": 0.7600558406151259,
  "final_size_score": 0.6533097283885747,
  "final_matched_text_score": 0.9865441819028541,
  "final_position_score": 0.706131784253007,
  "final_text_color_score": 0.5788213801399272,
  "final_clip_score": 0.8754721283912659
}