{
  "sum_areas": 0.18634752716850783,
  "final_score": 0.8988970518737625,
  "final_size_score": 0.9747593389130521,
  "final_matched_text_score": 0.9706509001811016,
  "final_position_score": 0.7531378911864142,
  "final_text_color_score": 0.903573282786212,
  "final_clip_score": 0.8923638463020325
}