{
  "sum_areas": 0.08740548018864754,
  "final_score": 0.9432789688822268,
  "final_size_score": 0.9999172933414932,
  "final_matched_text_score": 0.9888322783181515,
  "final_position_score": 0.8771683050649769,
  "final_text_color_score": 0.9058956974686173,
  "final_clip_score": 0.9445812702178955
}