{
  "sum_areas": 0.33401367570015666,
  "final_score": 0.888930412943212,
  "final_size_score": 0.9754572049286929,
  "final_matched_text_score": 0.9325308896693039,
  "final_position_score": 0.873470313331047,
  "final_text_color_score": 0.784605695590117,
  "final_clip_score": 0.8785879611968994
}