{
  "sum_areas": 0.41861109281217984,
  "final_score": 0.8965565874622192,
  "final_size_score": 0.9866760666593256,
  "final_matched_text_score": 0.9482046788259251,
  "final_position_score": 0.8461765549516908,
  "final_text_color_score": 0.7804112185582668,
  "final_clip_score": 0.9213144183158875
}