{
  "sum_areas": 0.10091061818293393,
  "final_score": 0.9085028685480463,
  "final_size_score": 0.9770261719184324,
  "final_matched_text_score": 0.9508928571428572,
  "final_position_score": 0.8127161770541693,
  "final_text_color_score": 0.8387646961836406,
  "final_clip_score": 0.9631144404411316
}