{
  "sum_areas": 0.10251006878338358,
  "final_score": 0.8943716694061108,
  "final_size_score": 0.9584722967418055,
  "final_matched_text_score": 0.9705306423156711,
  "final_position_score": 0.8567247071672047,
  "final_text_color_score": 0.7694066149980722,
  "final_clip_score": 0.9167240858078003
}