{
  "sum_areas": 0.3389892319775132,
  "final_score": 0.7723568280912757,
  "final_size_score": 0.4354537697567715,
  "final_matched_text_score": 0.960677081467791,
  "final_position_score": 0.8373615244708995,
  "final_text_color_score": 0.7580414204844879,
  "final_clip_score": 0.8702503442764282
}