{
  "sum_areas": 0.22174846708434692,
  "final_score": 0.9023107456029651,
  "final_size_score": 0.9180073101976309,
  "final_matched_text_score": 0.9562163007696924,
  "final_position_score": 0.9036800376307607,
  "final_text_color_score": 0.8093205601448911,
  "final_clip_score": 0.9243295192718506
}