{
  "sum_areas": 0.1865806202227921,
  "final_score": 0.7880221130284335,
  "final_size_score": 0.4706969705626661,
  "final_matched_text_score": 0.9981430648296186,
  "final_position_score": 0.8155475305137748,
  "final_text_color_score": 0.738103770873071,
  "final_clip_score": 0.9176192283630371
}