{
  "sum_areas": 0.3242578915903248,
  "final_score": 0.9148927328563234,
  "final_size_score": 0.9927249682660533,
  "final_matched_text_score": 0.9836191107742831,
  "final_position_score": 0.8565284988953483,
  "final_text_color_score": 0.8279843234598848,
  "final_clip_score": 0.9136067628860474
}