{
  "sum_areas": 0.1142634587977279,
  "final_score": 0.8232343190396771,
  "final_size_score": 0.7669583900821345,
  "final_matched_text_score": 0.957241120073701,
  "final_position_score": 0.8176870585256641,
  "final_text_color_score": 0.6980029306077669,
  "final_clip_score": 0.8762820959091187
}