{
  "sum_areas": 0.49654876925375113,
  "final_score": 0.889046760007002,
  "final_size_score": 0.9999715871772964,
  "final_matched_text_score": 0.8814220594774569,
  "final_position_score": 0.8932935133546771,
  "final_text_color_score": 0.7647644172777764,
  "final_clip_score": 0.9057822227478027
}