{
  "sum_areas": 0.2394384122380652,
  "final_score": 0.9281001781778344,
  "final_size_score": 0.9943197570883225,
  "final_matched_text_score": 0.9373337562589211,
  "final_position_score": 0.9162276198027651,
  "final_text_color_score": 0.864400320139981,
  "final_clip_score": 0.9282194375991821
}