{
  "sum_areas": 0.12633381726497317,
  "final_score": 0.9187289405652527,
  "final_size_score": 0.9616070268009298,
  "final_matched_text_score": 0.9764727476600662,
  "final_position_score": 0.9335619860660695,
  "final_text_color_score": 0.8255750725024449,
  "final_clip_score": 0.8964278697967529
}