{
  "sum_areas": 0.25162859078517363,
  "final_score": 0.8963546823531294,
  "final_size_score": 0.9984300006415752,
  "final_matched_text_score": 0.9843933808045714,
  "final_position_score": 0.9073859943772188,
  "final_text_color_score": 0.6952053075334679,
  "final_clip_score": 0.8963587284088135
}