{
  "sum_areas": 0.27543486542024986,
  "final_score": 0.8254301741498093,
  "final_size_score": 0.648813674132951,
  "final_matched_text_score": 0.9912600479011299,
  "final_position_score": 0.8292323853707538,
  "final_text_color_score": 0.7887826972660258,
  "final_clip_score": 0.869062066078186
}