{
  "sum_areas": 0.19728169215369898,
  "final_score": 0.8770290908096406,
  "final_size_score": 0.8222792718770187,
  "final_matched_text_score": 0.9974578664909142,
  "final_position_score": 0.85781812987327,
  "final_text_color_score": 0.823143445656548,
  "final_clip_score": 0.8844467401504517
}