{
  "sum_areas": 0.38663352072039536,
  "final_score": 0.9370650228472258,
  "final_size_score": 0.9961441609496974,
  "final_matched_text_score": 0.9879725616328187,
  "final_position_score": 0.9051856683167077,
  "final_text_color_score": 0.8725297552544774,
  "final_clip_score": 0.923492968082428
}