{
  "sum_areas": 0.39386980568152324,
  "final_score": 0.8084893703504735,
  "final_size_score": 0.648267164174759,
  "final_matched_text_score": 0.8437184110147298,
  "final_position_score": 0.7400110117746748,
  "final_text_color_score": 0.8779874533181722,
  "final_clip_score": 0.9324628114700317
}