{
  "sum_areas": 0.1565600807690214,
  "final_score": 0.5589167644971588,
  "final_size_score": 0.29265851371709745,
  "final_matched_text_score": 0.7681940700808625,
  "final_position_score": 0.5582012537716188,
  "final_text_color_score": 0.427168099368577,
  "final_clip_score": 0.7483618855476379
}