{
  "sum_areas": 0.11887088279419834,
  "final_score": 0.5837639432259124,
  "final_size_score": 0.2391050257287784,
  "final_matched_text_score": 0.7538461538461538,
  "final_position_score": 0.545306383221859,
  "final_text_color_score": 0.5446194081240303,
  "final_clip_score": 0.8359427452087402
}