{
  "sum_areas": 0.16727450342876773,
  "final_score": 0.7023532631794189,
  "final_size_score": 0.005518368882642871,
  "final_matched_text_score": 1.0,
  "final_position_score": 0.580078125,
  "final_text_color_score": 0.9967832062612779,
  "final_clip_score": 0.9293866157531738
}