{
  "sum_areas": 0.11343520355886638,
  "final_score": 0.5505563717709263,
  "final_size_score": 0.059118242878200715,
  "final_matched_text_score": 0.6785714285714286,
  "final_position_score": 0.48847166778361434,
  "final_text_color_score": 0.7050174598527111,
  "final_clip_score": 0.8216030597686768
}