{
  "sum_areas": 0.32724241851478497,
  "final_score": 0.5504587530971976,
  "final_size_score": 0.026333632289873392,
  "final_matched_text_score": 0.8627450980392157,
  "final_position_score": 0.650390625,
  "final_text_color_score": 0.38352233763187416,
  "final_clip_score": 0.8293020725250244
}