{
  "sum_areas": 0.20488056497897958,
  "final_score": 0.49595951105969144,
  "final_size_score": 0.018402579403986163,
  "final_matched_text_score": 0.7182940516273849,
  "final_position_score": 0.3835456011181546,
  "final_text_color_score": 0.4936939668905391,
  "final_clip_score": 0.8658613562583923
}