{
  "sum_areas": 0.2109353513078204,
  "final_score": 0.5351019188112128,
  "final_size_score": 0.048654484256769916,
  "final_matched_text_score": 0.5805601732526041,
  "final_position_score": 0.5282071855769451,
  "final_text_color_score": 0.6700400176628604,
  "final_clip_score": 0.8480477333068848
}