{
  "sum_areas": 0.3277674206920786,
  "final_score": 0.713722831489025,
  "final_size_score": 0.014090642313024732,
  "final_matched_text_score": 1.0,
  "final_position_score": 0.8096317635270541,
  "final_text_color_score": 0.8661097772894027,
  "final_clip_score": 0.8787819743156433
}