{
  "sum_areas": 0.30207648125120146,
  "final_score": 0.35456830998166117,
  "final_size_score": 0.0038595613552911525,
  "final_matched_text_score": 0.6153846153846154,
  "final_position_score": 0.3189494425221069,
  "final_text_color_score": 0.0027645001653350265,
  "final_clip_score": 0.831883430480957
}