{
  "sum_areas": 0.15308272390760036,
  "final_score": 0.6169449126988864,
  "final_size_score": 0.24451800642694155,
  "final_matched_text_score": 0.7245373048004626,
  "final_position_score": 0.5623156371717895,
  "final_text_color_score": 0.7435190156003038,
  "final_clip_score": 0.8098345994949341
}