{
  "sum_areas": 0.1417715305345274,
  "final_score": 0.5816697781282744,
  "final_size_score": 0.171738124440341,
  "final_matched_text_score": 0.875,
  "final_position_score": 0.8158854166666667,
  "final_text_color_score": 0.2246421614774181,
  "final_clip_score": 0.8210831880569458
}