{
  "sum_areas": 0.018678385416666665,
  "final_score": 0.572353154273434,
  "final_size_score": 0.1017776228651098,
  "final_matched_text_score": 1.0,
  "final_position_score": 0.551171875,
  "final_text_color_score": 0.41038404255265837,
  "final_clip_score": 0.7984322309494019
}