{
  "sum_areas": 0.2221518157353238,
  "final_score": 0.4233193381151482,
  "final_size_score": 0.009024391202759545,
  "final_matched_text_score": 0.5,
  "final_position_score": 0.240234375,
  "final_text_color_score": 0.5697800935624343,
  "final_clip_score": 0.7975578308105469
}