{
  "sum_areas": 0.04390842013888889,
  "final_score": 0.560286311243447,
  "final_size_score": 0.45744575693174533,
  "final_matched_text_score": 0.7559523809523809,
  "final_position_score": 0.7464843750000001,
  "final_text_color_score": 0.007299904501016474,
  "final_clip_score": 0.8342491388320923
}