{
  "sum_areas": 0.25077151165914463,
  "final_score": 0.40597371187753045,
  "final_size_score": 0.015292105078152462,
  "final_matched_text_score": 0.5258620689655172,
  "final_position_score": 0.5353153375510424,
  "final_text_color_score": 0.1829451178918171,
  "final_clip_score": 0.770453929901123
}