{
  "sum_areas": 0.10515190972222219,
  "final_score": 0.5189056713532935,
  "final_size_score": 0.022629710653403235,
  "final_matched_text_score": 0.5098039215686274,
  "final_position_score": 0.4964843750000001,
  "final_text_color_score": 0.81135690248862,
  "final_clip_score": 0.7542534470558167
}