{
  "sum_areas": 0.06144842901524645,
  "final_score": 0.556196077262292,
  "final_size_score": 0.06670768328760343,
  "final_matched_text_score": 0.611111111111111,
  "final_position_score": 0.4676205487677527,
  "final_text_color_score": 0.7445294474189795,
  "final_clip_score": 0.8910115957260132
}