{
  "sum_areas": 0.17648167263737569,
  "final_score": 0.5114163557965073,
  "final_size_score": 0.10703893816105604,
  "final_matched_text_score": 0.6957738099869036,
  "final_position_score": 0.4722305372157745,
  "final_text_color_score": 0.6177674369667331,
  "final_clip_score": 0.6642710566520691
}