{
  "sum_areas": 0.13836588541666667,
  "final_score": 0.6403053834812221,
  "final_size_score": 0.16142819052996438,
  "final_matched_text_score": 0.9565217391304347,
  "final_position_score": 0.5013020833333333,
  "final_text_color_score": 0.7858846689883361,
  "final_clip_score": 0.7963902354240417
}