{
  "sum_areas": 0.3103181887135922,
  "final_score": 0.6461065145922371,
  "final_size_score": 0.002664232193946327,
  "final_matched_text_score": 1.0,
  "final_position_score": 0.94375,
  "final_text_color_score": 0.4156526787646755,
  "final_clip_score": 0.8684656620025635
}