{
  "sum_areas": 0.1450734417918888,
  "final_score": 0.5344746516377653,
  "final_size_score": 0.02984711382156976,
  "final_matched_text_score": 0.5517241379310345,
  "final_position_score": 0.3583360262831906,
  "final_text_color_score": 0.920654711823411,
  "final_clip_score": 0.8118112683296204
}