{
  "sum_areas": 0.07730890349257666,
  "final_score": 0.8631584293995739,
  "final_size_score": 1.0,
  "final_matched_text_score": 0.9757137340454876,
  "final_position_score": 0.8696245439703545,
  "final_text_color_score": 0.5518959866730667,
  "final_clip_score": 0.91855788230896
}