{
  "sum_areas": 0.23351230224672337,
  "final_score": 0.8460328805337847,
  "final_size_score": 0.6109119305251075,
  "final_matched_text_score": 0.9866424144299971,
  "final_position_score": 0.856223988822547,
  "final_text_color_score": 0.8521743880021424,
  "final_clip_score": 0.9242116808891296
}