{
  "sum_areas": 0.5603008367890996,
  "final_score": 0.929299339786584,
  "final_size_score": 0.9960553070554466,
  "final_matched_text_score": 0.9475351185545511,
  "final_position_score": 0.9162440557124315,
  "final_text_color_score": 0.8434636559420942,
  "final_clip_score": 0.943198561668396
}