{
  "sum_areas": 0.26026576827673903,
  "final_score": 0.8561281593904732,
  "final_size_score": 0.647046871875137,
  "final_matched_text_score": 0.969006799545717,
  "final_position_score": 0.885568837259514,
  "final_text_color_score": 0.8416543060713751,
  "final_clip_score": 0.9373639822006226
}