{
  "sum_areas": 0.34936666858599574,
  "final_score": 0.8553713428344598,
  "final_size_score": 0.9887399252215434,
  "final_matched_text_score": 0.9282881804133553,
  "final_position_score": 0.7814313375337794,
  "final_text_color_score": 0.7115402787588994,
  "final_clip_score": 0.8668569922447205
}