{
  "sum_areas": 0.21424883019514052,
  "final_score": 0.8265678297055837,
  "final_size_score": 0.809333046957479,
  "final_matched_text_score": 0.988543309155892,
  "final_position_score": 0.7674377218509002,
  "final_text_color_score": 0.7413338240540954,
  "final_clip_score": 0.826191246509552
}