{
  "sum_areas": 0.3089940838007514,
  "final_score": 0.8753837697993948,
  "final_size_score": 0.6888267413648844,
  "final_matched_text_score": 0.9783049506155931,
  "final_position_score": 0.8617090152941032,
  "final_text_color_score": 0.9479103188845636,
  "final_clip_score": 0.9001678228378296
}