{
  "sum_areas": 0.22401679451417036,
  "final_score": 0.8286556531993,
  "final_size_score": 0.8995650961157735,
  "final_matched_text_score": 0.9846991788168258,
  "final_position_score": 0.7734604754350796,
  "final_text_color_score": 0.5801000721015991,
  "final_clip_score": 0.9054534435272217
}