{
  "sum_areas": 0.1880901810288106,
  "final_score": 0.9199700647499114,
  "final_size_score": 0.9999999999999997,
  "final_matched_text_score": 0.998192864622894,
  "final_position_score": 0.8896297186667227,
  "final_text_color_score": 0.8001658439450483,
  "final_clip_score": 0.9118618965148926
}