{
  "sum_areas": 0.36396221896511005,
  "final_score": 0.91411949891125,
  "final_size_score": 0.9958612651770484,
  "final_matched_text_score": 0.9798745188401877,
  "final_position_score": 0.8906596930294652,
  "final_text_color_score": 0.8279812547799027,
  "final_clip_score": 0.8762207627296448
}