{
  "sum_areas": 0.2653766250438891,
  "final_score": 0.7528182180779135,
  "final_size_score": 0.24501839213586357,
  "final_matched_text_score": 0.9856582125603864,
  "final_position_score": 0.8541610152652215,
  "final_text_color_score": 0.7463756914211377,
  "final_clip_score": 0.932877779006958
}