{
  "sum_areas": 0.27446229844947806,
  "final_score": 0.9090430639587377,
  "final_size_score": 0.9863898565376114,
  "final_matched_text_score": 0.9727130886255553,
  "final_position_score": 0.8852974994988945,
  "final_text_color_score": 0.7760835013447008,
  "final_clip_score": 0.9247313737869263
}