{
  "sum_areas": 0.353681006796038,
  "final_score": 0.7460646532238138,
  "final_size_score": 0.04540748844374068,
  "final_matched_text_score": 1.0,
  "final_position_score": 0.9428623455415912,
  "final_text_color_score": 0.8067325183420802,
  "final_clip_score": 0.9353209137916565
}