{
  "sum_areas": 0.610851260144366,
  "final_score": 0.8995938691805115,
  "final_size_score": 0.9984381450573052,
  "final_matched_text_score": 0.9339514776662239,
  "final_position_score": 0.831493571119525,
  "final_text_color_score": 0.8320046624965152,
  "final_clip_score": 0.9020814895629883
}