{
  "sum_areas": 0.18399905424190482,
  "final_score": 0.9088739906384101,
  "final_size_score": 1.0,
  "final_matched_text_score": 0.990558848366546,
  "final_position_score": 0.8742266671621842,
  "final_text_color_score": 0.8265274108002219,
  "final_clip_score": 0.8530570268630981
}