{
  "sum_areas": 0.2218126853988135,
  "final_score": 0.6600751109977351,
  "final_size_score": 0.1388855997232457,
  "final_matched_text_score": 0.962581574709721,
  "final_position_score": 0.7514372202754744,
  "final_text_color_score": 0.6324328964824744,
  "final_clip_score": 0.81503826379776
}