{
  "sum_areas": 0.43144754126293633,
  "final_score": 0.6590339352513181,
  "final_size_score": 0.09469899207297806,
  "final_matched_text_score": 0.9690193953351848,
  "final_position_score": 0.6745880980318083,
  "final_text_color_score": 0.6609477421510003,
  "final_clip_score": 0.8959154486656189
}