{
  "sum_areas": 0.38828087298426706,
  "final_score": 0.9314977671412619,
  "final_size_score": 0.9859459837450052,
  "final_matched_text_score": 0.9655533354661809,
  "final_position_score": 0.9380616549374565,
  "final_text_color_score": 0.871588802681629,
  "final_clip_score": 0.8963390588760376
}