{
  "sum_areas": 0.14330120050781964,
  "final_score": 0.9137752139049069,
  "final_size_score": 0.9942995799551165,
  "final_matched_text_score": 0.9912548836375021,
  "final_position_score": 0.8998769897527986,
  "final_text_color_score": 0.8518135517641385,
  "final_clip_score": 0.831631064414978
}