{
  "sum_areas": 0.23539903094487788,
  "final_score": 0.9227297787405727,
  "final_size_score": 1.0,
  "final_matched_text_score": 0.9906243959017978,
  "final_position_score": 0.8625351109857853,
  "final_text_color_score": 0.8513662641231718,
  "final_clip_score": 0.9091231226921082
}