{
  "sum_areas": 0.33304039573830735,
  "final_score": 0.8170254005525053,
  "final_size_score": 0.7074814555670151,
  "final_matched_text_score": 0.9602444337418763,
  "final_position_score": 0.8432674349811712,
  "final_text_color_score": 0.6592132888202114,
  "final_clip_score": 0.9149203896522522
}