{
  "sum_areas": 0.15548739129199654,
  "final_score": 0.8328583457518125,
  "final_size_score": 0.6045893629200828,
  "final_matched_text_score": 0.9384642177796148,
  "final_position_score": 0.8836845114050044,
  "final_text_color_score": 0.7864911957821685,
  "final_clip_score": 0.9510624408721924
}