{
  "sum_areas": 0.3838295817094167,
  "final_score": 0.6705273562364541,
  "final_size_score": 0.22543240678359902,
  "final_matched_text_score": 0.8986200083607915,
  "final_position_score": 0.8570812101741037,
  "final_text_color_score": 0.5817239696149972,
  "final_clip_score": 0.7897791862487793
}