{
  "sum_areas": 0.046824889286313044,
  "final_score": 0.9136620530852035,
  "final_size_score": 0.9842828232676751,
  "final_matched_text_score": 0.9888369812093148,
  "final_position_score": 0.8758907568198284,
  "final_text_color_score": 0.7667452397889885,
  "final_clip_score": 0.95255446434021
}