{
  "sum_areas": 0.23552298070202346,
  "final_score": 0.8926548928587341,
  "final_size_score": 0.85571061161705,
  "final_matched_text_score": 0.9748317146593629,
  "final_position_score": 0.9243448357482305,
  "final_text_color_score": 0.7615389097824543,
  "final_clip_score": 0.9468483924865723
}