{
  "sum_areas": 0.010851779513888889,
  "final_score": 0.8202386238307895,
  "final_size_score": 0.3726627337266274,
  "final_matched_text_score": 1.0,
  "final_position_score": 0.8119357638888889,
  "final_text_color_score": 0.9722112387411905,
  "final_clip_score": 0.9443833827972412
}