{
  "sum_areas": 0.4380594052958033,
  "final_score": 0.8628744547490665,
  "final_size_score": 0.6591599064086748,
  "final_matched_text_score": 0.9849494637790994,
  "final_position_score": 0.8890870275740115,
  "final_text_color_score": 0.8820859435418358,
  "final_clip_score": 0.8990899324417114
}