{
  "sum_areas": 0.19281021985850208,
  "final_score": 0.8807451976943697,
  "final_size_score": 0.94268814212705,
  "final_matched_text_score": 0.9952551288372492,
  "final_position_score": 0.8592440367796293,
  "final_text_color_score": 0.7286572729901869,
  "final_clip_score": 0.8778814077377319
}