{
  "sum_areas": 0.2745034761116768,
  "final_score": 0.7802295314578963,
  "final_size_score": 0.46308842042019827,
  "final_matched_text_score": 0.99978584944847,
  "final_position_score": 0.7735633079458023,
  "final_text_color_score": 0.8010284054714099,
  "final_clip_score": 0.8636816740036011
}