{
  "sum_areas": 0.4840231124748309,
  "final_score": 0.7383181440436419,
  "final_size_score": 0.3681853231421658,
  "final_matched_text_score": 0.9500483880290344,
  "final_position_score": 0.7946055115609586,
  "final_text_color_score": 0.731288485744413,
  "final_clip_score": 0.8474630117416382
}