{
  "sum_areas": 0.34437586209018367,
  "final_score": 0.9054166952209344,
  "final_size_score": 0.9849600885927955,
  "final_matched_text_score": 0.9623652006238447,
  "final_position_score": 0.8316458732102255,
  "final_text_color_score": 0.8653772401113692,
  "final_clip_score": 0.8827350735664368
}