{
  "sum_areas": 0.12671983506944443,
  "final_score": 0.8395363984597668,
  "final_size_score": 0.7045939118893695,
  "final_matched_text_score": 0.9892274472513019,
  "final_position_score": 0.8055314429012346,
  "final_text_color_score": 0.7549885907200318,
  "final_clip_score": 0.9433405995368958
}