{
  "sum_areas": 0.42126511044332,
  "final_score": 0.8483368141977362,
  "final_size_score": 0.7439905229025155,
  "final_matched_text_score": 0.8727159933144131,
  "final_position_score": 0.716143721882545,
  "final_text_color_score": 0.9663198901707015,
  "final_clip_score": 0.9425139427185059
}