{
  "sum_areas": 0.4911055676144457,
  "final_score": 0.8874533799807511,
  "final_size_score": 0.9671399167364566,
  "final_matched_text_score": 0.9303119465681635,
  "final_position_score": 0.8517016415216008,
  "final_text_color_score": 0.8906778729980671,
  "final_clip_score": 0.7974355220794678
}