{
  "sum_areas": 0.13553842760179866,
  "final_score": 0.862607187874504,
  "final_size_score": 0.9600779077117518,
  "final_matched_text_score": 0.9356085510000828,
  "final_position_score": 0.8158341437479573,
  "final_text_color_score": 0.7378484448610307,
  "final_clip_score": 0.8636668920516968
}