{
  "sum_areas": 0.2271617597551918,
  "final_score": 0.8578431794421771,
  "final_size_score": 0.7119242914514927,
  "final_matched_text_score": 0.9778449974309682,
  "final_position_score": 0.8011230952580755,
  "final_text_color_score": 0.9099006662762206,
  "final_clip_score": 0.8884228467941284
}