{
  "sum_areas": 0.04155383145588128,
  "final_score": 0.8682416205313231,
  "final_size_score": 0.8843988325298916,
  "final_matched_text_score": 1.0,
  "final_position_score": 0.7613198143274483,
  "final_text_color_score": 0.8129702106515703,
  "final_clip_score": 0.8825192451477051
}