{
  "sum_areas": 0.14654617875690903,
  "final_score": 0.8982455769992449,
  "final_size_score": 0.9867967547907156,
  "final_matched_text_score": 0.9423820444841206,
  "final_position_score": 0.78501719010515,
  "final_text_color_score": 0.846652981736843,
  "final_clip_score": 0.9303789138793945
}