{
  "sum_areas": 0.08474703757004472,
  "final_score": 0.9388826117419922,
  "final_size_score": 0.9939953481120403,
  "final_matched_text_score": 0.9981240981240982,
  "final_position_score": 0.8934522970890486,
  "final_text_color_score": 0.9046062504014051,
  "final_clip_score": 0.9042350649833679
}