{
  "sum_areas": 0.12232934875287638,
  "final_score": 0.60947397723614,
  "final_size_score": 0.4159045538868342,
  "final_matched_text_score": 0.9591503267973857,
  "final_position_score": 0.45509800723893273,
  "final_text_color_score": 0.4676835834168495,
  "final_clip_score": 0.7495334148406982
}