{
  "sum_areas": 0.03243120465733904,
  "final_score": 0.9139620109562667,
  "final_size_score": 0.8730708307956028,
  "final_matched_text_score": 0.9954594017094016,
  "final_position_score": 0.9144408523517146,
  "final_text_color_score": 0.8945093366886838,
  "final_clip_score": 0.8923296332359314
}