{
  "sum_areas": 0.31695667049999404,
  "final_score": 0.940671127730317,
  "final_size_score": 1.0,
  "final_matched_text_score": 0.9490527243821029,
  "final_position_score": 0.9641482346796899,
  "final_text_color_score": 0.8719640811019388,
  "final_clip_score": 0.918190598487854
}