{
  "sum_areas": 0.18753959660849687,
  "final_score": 0.8520852071787222,
  "final_size_score": 0.6657903683546583,
  "final_matched_text_score": 0.9938239964166851,
  "final_position_score": 0.8413041189706792,
  "final_text_color_score": 0.8351110372590104,
  "final_clip_score": 0.9243965148925781
}