{
  "sum_areas": 0.12087803255772006,
  "final_score": 0.8610779529085093,
  "final_size_score": 0.6954972153997742,
  "final_matched_text_score": 0.9982905982905982,
  "final_position_score": 0.8179469421396505,
  "final_text_color_score": 0.892941505351776,
  "final_clip_score": 0.9007135033607483
}