{
  "sum_areas": 0.034274693501696415,
  "final_score": 0.8892277674883504,
  "final_size_score": 0.6694468032213373,
  "final_matched_text_score": 1.0,
  "final_position_score": 0.938995587924864,
  "final_text_color_score": 0.9237008227069884,
  "final_clip_score": 0.913995623588562
}