{
  "sum_areas": 0.13215975864413362,
  "final_score": 0.9192742585634875,
  "final_size_score": 0.9501705672607317,
  "final_matched_text_score": 0.9790006250976716,
  "final_position_score": 0.8060660524853234,
  "final_text_color_score": 0.9028171853905504,
  "final_clip_score": 0.9583168625831604
}