{
  "sum_areas": 0.060504991248379575,
  "final_score": 0.9202960014106548,
  "final_size_score": 0.923762730908656,
  "final_matched_text_score": 0.9990636704119851,
  "final_position_score": 0.8805527437068152,
  "final_text_color_score": 0.8915856213565674,
  "final_clip_score": 0.9065152406692505
}