{
  "sum_areas": 0.4910365646314301,
  "final_score": 0.9266025723251259,
  "final_size_score": 0.9950552839072124,
  "final_matched_text_score": 1.0,
  "final_position_score": 0.7782191302065952,
  "final_text_color_score": 0.9425277493840756,
  "final_clip_score": 0.9172106981277466
}