{
  "sum_areas": 0.1008460931188955,
  "final_score": 0.9131125108017134,
  "final_size_score": 0.9905582403418239,
  "final_matched_text_score": 0.9765069026501954,
  "final_position_score": 0.7922511005123803,
  "final_text_color_score": 0.8830935061294725,
  "final_clip_score": 0.9231528043746948
}