{
  "sum_areas": 0.3331425218857535,
  "final_score": 0.9509517833154781,
  "final_size_score": 0.9866278272840219,
  "final_matched_text_score": 0.9459949163497463,
  "final_position_score": 0.9500245900603784,
  "final_text_color_score": 0.9242672563871205,
  "final_clip_score": 0.9478443264961243
}