{
  "sum_areas": 0.17412113277991192,
  "final_score": 0.914357519383805,
  "final_size_score": 0.9997729561489809,
  "final_matched_text_score": 0.9980259600432264,
  "final_position_score": 0.8328192949939855,
  "final_text_color_score": 0.8367692754880811,
  "final_clip_score": 0.904400110244751
}