{
  "sum_areas": 0.21328922037936704,
  "final_score": 0.7989509105330063,
  "final_size_score": 0.4744715792047742,
  "final_matched_text_score": 0.9792942267142243,
  "final_position_score": 0.8211854917929416,
  "final_text_color_score": 0.873089294782345,
  "final_clip_score": 0.8467139601707458
}