{
  "sum_areas": 0.07332959590702023,
  "final_score": 0.9446624892078213,
  "final_size_score": 0.9841841492448135,
  "final_matched_text_score": 0.9869531507540557,
  "final_position_score": 0.9138358014058687,
  "final_text_color_score": 0.9232573667901307,
  "final_clip_score": 0.9150819778442383
}