{
  "sum_areas": 0.19236108775031846,
  "final_score": 0.9198438854335361,
  "final_size_score": 0.9987164220337056,
  "final_matched_text_score": 0.9830190550243902,
  "final_position_score": 0.8625812092770763,
  "final_text_color_score": 0.8406424726211444,
  "final_clip_score": 0.9142602682113647
}