{
  "sum_areas": 0.1165081796287594,
  "final_score": 0.8503270240849287,
  "final_size_score": 0.7627651318589805,
  "final_matched_text_score": 0.9685062622562621,
  "final_position_score": 0.6605382270781119,
  "final_text_color_score": 0.9395084454364269,
  "final_clip_score": 0.9203170537948608
}