{
  "sum_areas": 0.1647532834672371,
  "final_score": 0.9067707462112203,
  "final_size_score": 0.9999999999999997,
  "final_matched_text_score": 0.996060294528375,
  "final_position_score": 0.7874187935279338,
  "final_text_color_score": 0.847350088747169,
  "final_clip_score": 0.9030245542526245
}