{
  "sum_areas": 0.23537013170754603,
  "final_score": 0.739315055467381,
  "final_size_score": 0.1957111249803119,
  "final_matched_text_score": 0.9559242948516304,
  "final_position_score": 0.7954006738311122,
  "final_text_color_score": 0.8288555017089758,
  "final_clip_score": 0.9206836819648743
}