{
  "sum_areas": 0.2087401737496833,
  "final_score": 0.930362554347725,
  "final_size_score": 0.9955190128816882,
  "final_matched_text_score": 0.9947187141216992,
  "final_position_score": 0.8340144230769232,
  "final_text_color_score": 0.9049114765319712,
  "final_clip_score": 0.9226491451263428
}