{
  "sum_areas": 0.22881115196429014,
  "final_score": 0.8032032637718092,
  "final_size_score": 0.4234483739671948,
  "final_matched_text_score": 0.9451687919105262,
  "final_position_score": 0.9046250480852207,
  "final_text_color_score": 0.8111859319835066,
  "final_clip_score": 0.9315881729125977
}