{
  "sum_areas": 0.41111220760546285,
  "final_score": 0.9371711912032605,
  "final_size_score": 0.8720042855583252,
  "final_matched_text_score": 0.9934287270368579,
  "final_position_score": 0.9677793501463412,
  "final_text_color_score": 0.9653221211068098,
  "final_clip_score": 0.8873214721679688
}