{
  "sum_areas": 0.14134376115480562,
  "final_score": 0.7021710038955428,
  "final_size_score": 0.1345165235377375,
  "final_matched_text_score": 0.9779533256949888,
  "final_position_score": 0.9005580061710604,
  "final_text_color_score": 0.6615307845077343,
  "final_clip_score": 0.8362963795661926
}