{
  "sum_areas": 0.10825241039614769,
  "final_score": 0.8631766467305353,
  "final_size_score": 0.7117576746440839,
  "final_matched_text_score": 0.9420062299956348,
  "final_position_score": 0.8484983195664694,
  "final_text_color_score": 0.8826484333051303,
  "final_clip_score": 0.9309725761413574
}