{
  "sum_areas": 0.7101989984715631,
  "final_score": 0.910192036484208,
  "final_size_score": 1.0,
  "final_matched_text_score": 0.9377553651049143,
  "final_position_score": 0.888994314043206,
  "final_text_color_score": 0.7900525357054758,
  "final_clip_score": 0.9341579675674438
}