{
  "sum_areas": 0.09866644965277777,
  "final_score": 0.9250105334716109,
  "final_size_score": 1.0,
  "final_matched_text_score": 0.9229189398719494,
  "final_position_score": 0.854563492063492,
  "final_text_color_score": 0.9587736079010983,
  "final_clip_score": 0.8887966275215149
}