{
  "sum_areas": 0.15644635458543,
  "final_score": 0.8147231564948005,
  "final_size_score": 0.49419248824242973,
  "final_matched_text_score": 0.9842102328550255,
  "final_position_score": 0.878474126409162,
  "final_text_color_score": 0.8207247214053736,
  "final_clip_score": 0.8960142135620117
}