{
  "sum_areas": 0.5112704102686058,
  "final_score": 0.9154518019311638,
  "final_size_score": 0.964259403323413,
  "final_matched_text_score": 0.9526699278866002,
  "final_position_score": 0.911440421226723,
  "final_text_color_score": 0.83141087463165,
  "final_clip_score": 0.9174783825874329
}