{
  "sum_areas": 0.15333724654911646,
  "final_score": 0.6650488041243091,
  "final_size_score": 0.27032681397158764,
  "final_matched_text_score": 0.7005585919172193,
  "final_position_score": 0.8056091604231759,
  "final_text_color_score": 0.7435190156003038,
  "final_clip_score": 0.805230438709259
}