{
  "sum_areas": 0.26597087884732107,
  "final_score": 0.4311216027515305,
  "final_size_score": 0.008796598790868386,
  "final_matched_text_score": 0.5217391304347826,
  "final_position_score": 0.45859375,
  "final_text_color_score": 0.33606614668410084,
  "final_clip_score": 0.8304123878479004
}