{
  "sum_areas": 0.266426611588172,
  "final_score": 0.5852573895902564,
  "final_size_score": 0.11901301435261982,
  "final_matched_text_score": 0.704985754985755,
  "final_position_score": 0.4673342121281114,
  "final_text_color_score": 0.792954256878625,
  "final_clip_score": 0.8419997096061707
}