{
  "sum_areas": 0.23597232615720556,
  "final_score": 0.6005570624606514,
  "final_size_score": 0.012547346360790985,
  "final_matched_text_score": 0.8888888888888888,
  "final_position_score": 0.5191165760819955,
  "final_text_color_score": 0.7323445934665459,
  "final_clip_score": 0.8498879075050354
}