{
  "sum_areas": 0.24556552693372927,
  "final_score": 0.5206114025564447,
  "final_size_score": 0.1294404086232173,
  "final_matched_text_score": 0.7031070195627158,
  "final_position_score": 0.5900534667077401,
  "final_text_color_score": 0.4254037897788092,
  "final_clip_score": 0.7550523281097412
}