{
  "sum_areas": 0.3821026368172771,
  "final_score": 0.7757821456872684,
  "final_size_score": 0.3880946773853998,
  "final_matched_text_score": 0.9285714285714286,
  "final_position_score": 0.8514241467666949,
  "final_text_color_score": 0.8274264727983899,
  "final_clip_score": 0.8833940029144287
}