{
  "sum_areas": 0.025625,
  "final_score": 0.5225239314105752,
  "final_size_score": 0.5464515582655827,
  "final_matched_text_score": 0.7017543859649122,
  "final_position_score": 0.3663194444444445,
  "final_text_color_score": 0.20519209676615047,
  "final_clip_score": 0.7929021716117859
}