{
  "sum_areas": 0.13990911753303667,
  "final_score": 0.5968463962891958,
  "final_size_score": 0.005909262550688605,
  "final_matched_text_score": 1.0,
  "final_position_score": 0.8039062499999999,
  "final_text_color_score": 0.4156526787646755,
  "final_clip_score": 0.7587637901306152
}