{
  "sum_areas": 0.32552908957624277,
  "final_score": 0.5933323481366964,
  "final_size_score": 0.005501626509408853,
  "final_matched_text_score": 1.0,
  "final_position_score": 0.5314625828464803,
  "final_text_color_score": 0.5277002035230272,
  "final_clip_score": 0.9019973278045654
}