{
  "sum_areas": 0.14588140532534588,
  "final_score": 0.37237461364713903,
  "final_size_score": 0.025638779759762326,
  "final_matched_text_score": 0.5833333333333333,
  "final_position_score": 0.2566019511394512,
  "final_text_color_score": 0.17093822900925149,
  "final_clip_score": 0.8253607749938965
}