{
  "sum_areas": 0.3247000620851107,
  "final_score": 0.5311275205206679,
  "final_size_score": 0.10532125715363963,
  "final_matched_text_score": 0.8119266055045872,
  "final_position_score": 0.5774105310793318,
  "final_text_color_score": 0.32514077178539785,
  "final_clip_score": 0.8358384370803833
}