{
  "sum_areas": 0.16972030525043005,
  "final_score": 0.4369491869061184,
  "final_size_score": 0.017014748795242413,
  "final_matched_text_score": 0.5,
  "final_position_score": 0.85859375,
  "final_text_color_score": 1.509796425658294e-07,
  "final_clip_score": 0.8091372847557068
}