{
  "sum_areas": 0.28679916135029726,
  "final_score": 0.5467623542415,
  "final_size_score": 0.009824315743096352,
  "final_matched_text_score": 0.6710239651416121,
  "final_position_score": 0.17417436344977505,
  "final_text_color_score": 1.0,
  "final_clip_score": 0.8787891268730164
}