{
  "sum_areas": 0.38372684555167036,
  "final_score": 0.4856737326089488,
  "final_size_score": 0.012272624313790574,
  "final_matched_text_score": 0.6511056511056511,
  "final_position_score": 0.12880527544307996,
  "final_text_color_score": 0.7930179860034806,
  "final_clip_score": 0.8431671261787415
}