{
  "sum_areas": 0.09373164526776066,
  "final_score": 0.48151454819462886,
  "final_size_score": 0.04550141624424751,
  "final_matched_text_score": 0.5,
  "final_position_score": 0.8695221051683775,
  "final_text_color_score": 0.19068966193188774,
  "final_clip_score": 0.8018595576286316
}