{
  "sum_areas": 0.15873863279075195,
  "final_score": 0.6623083464358993,
  "final_size_score": 0.3331903751047607,
  "final_matched_text_score": 0.8194387894805766,
  "final_position_score": 0.6181121438300327,
  "final_text_color_score": 0.7031027986039091,
  "final_clip_score": 0.8376976251602173
}