{
  "sum_areas": 0.22354504490199043,
  "final_score": 0.4781071188649351,
  "final_size_score": 0.03105446869357709,
  "final_matched_text_score": 0.6666666666666666,
  "final_position_score": 0.21484375,
  "final_text_color_score": 0.6786175862532504,
  "final_clip_score": 0.7993531227111816
}