{
  "sum_areas": 0.02159311555480187,
  "final_score": 0.5656002349088644,
  "final_size_score": 0.04776476091536606,
  "final_matched_text_score": 0.9117647058823529,
  "final_position_score": 0.45537109374999996,
  "final_text_color_score": 0.5160225171299948,
  "final_clip_score": 0.8970780968666077
}