{
  "sum_areas": 0.06148003472222223,
  "final_score": 0.6594690281140935,
  "final_size_score": 0.7233498058595128,
  "final_matched_text_score": 0.6909090909090909,
  "final_position_score": 0.7986111111111112,
  "final_text_color_score": 0.31605997966417165,
  "final_clip_score": 0.7684151530265808
}