{
  "sum_areas": 0.4056914841801746,
  "final_score": 0.638832341020445,
  "final_size_score": 0.017038399113110253,
  "final_matched_text_score": 0.880281690140845,
  "final_position_score": 0.7148009425221669,
  "final_text_color_score": 0.6736645756469641,
  "final_clip_score": 0.9083760976791382
}