{
  "sum_areas": 0.1634116360984826,
  "final_score": 0.573429072646086,
  "final_size_score": 0.06284712937919266,
  "final_matched_text_score": 0.7283950617283951,
  "final_position_score": 0.4394162172906692,
  "final_text_color_score": 0.8018044306279188,
  "final_clip_score": 0.8346825242042542
}