{
  "sum_areas": 0.5108782889490086,
  "final_score": 0.9646300723811958,
  "final_size_score": 1.0,
  "final_matched_text_score": 0.9956667020887204,
  "final_position_score": 0.9144385843756426,
  "final_text_color_score": 0.974879172350185,
  "final_clip_score": 0.9381659030914307
}