{
  "sum_areas": 0.3137007434854675,
  "final_score": 0.9358345670740515,
  "final_size_score": 0.987787749783722,
  "final_matched_text_score": 0.9383814851032946,
  "final_position_score": 0.8870510123403113,
  "final_text_color_score": 0.9287628899236303,
  "final_clip_score": 0.9371896982192993
}