{
  "sum_areas": 0.0641597809334505,
  "final_score": 0.8511395053489474,
  "final_size_score": 0.9760112029253284,
  "final_matched_text_score": 0.9885502338332527,
  "final_position_score": 0.8777042376284332,
  "final_text_color_score": 0.46713218023095326,
  "final_clip_score": 0.94629967212677
}