{
  "sum_areas": 0.11996373490077651,
  "final_score": 0.8567667869643266,
  "final_size_score": 0.9825634570207489,
  "final_matched_text_score": 0.9511889052327683,
  "final_position_score": 0.7583325248475955,
  "final_text_color_score": 0.7087075466752929,
  "final_clip_score": 0.883041501045227
}