{
  "sum_areas": 0.29826612838930366,
  "final_score": 0.8928789519981035,
  "final_size_score": 0.9949533053924788,
  "final_matched_text_score": 0.9448003816816279,
  "final_position_score": 0.7065900728305894,
  "final_text_color_score": 0.9484430746707819,
  "final_clip_score": 0.8696079254150391
}