{
  "sum_areas": 0.13639741916906525,
  "final_score": 0.8874279230883101,
  "final_size_score": 0.9022960533428626,
  "final_matched_text_score": 0.9444492053970159,
  "final_position_score": 0.806946467259324,
  "final_text_color_score": 0.8559716025542254,
  "final_clip_score": 0.9274762868881226
}