{
  "sum_areas": 0.22701977688310387,
  "final_score": 0.8438967693042194,
  "final_size_score": 0.7349002851485683,
  "final_matched_text_score": 0.9863793954247675,
  "final_position_score": 0.8588763701198124,
  "final_text_color_score": 0.7597996309643618,
  "final_clip_score": 0.8795281648635864
}