{
  "sum_areas": 0.314472956235007,
  "final_score": 0.9425107100763199,
  "final_size_score": 0.9871583159588532,
  "final_matched_text_score": 0.9872560287216855,
  "final_position_score": 0.9048655988639907,
  "final_text_color_score": 0.9050736003520851,
  "final_clip_score": 0.9282000064849854
}