{
  "sum_areas": 0.22746926170681414,
  "final_score": 0.8890944343510361,
  "final_size_score": 0.8685192374286224,
  "final_matched_text_score": 0.9998888271261811,
  "final_position_score": 0.920594423583829,
  "final_text_color_score": 0.7305455612830212,
  "final_clip_score": 0.9259241223335266
}