{
  "sum_areas": 0.30988142008359265,
  "final_score": 0.9052691778238753,
  "final_size_score": 0.9932676607352287,
  "final_matched_text_score": 0.9386206964098158,
  "final_position_score": 0.9245109457944352,
  "final_text_color_score": 0.736370479154751,
  "final_clip_score": 0.9335761070251465
}