{
  "sum_areas": 0.4867973239055771,
  "final_score": 0.8958018231312315,
  "final_size_score": 0.9999710180162222,
  "final_matched_text_score": 0.878869139712635,
  "final_position_score": 0.8919024653549271,
  "final_text_color_score": 0.7833814580112156,
  "final_clip_score": 0.9248850345611572
}