{
  "sum_areas": 0.29044387445812214,
  "final_score": 0.8780500784889681,
  "final_size_score": 0.9656389329490087,
  "final_matched_text_score": 0.9562442937203612,
  "final_position_score": 0.7965353479331141,
  "final_text_color_score": 0.7639510347613014,
  "final_clip_score": 0.9078807830810547
}