{
  "sum_areas": 0.19730791466294886,
  "final_score": 0.9249278576272147,
  "final_size_score": 0.9979977654380014,
  "final_matched_text_score": 0.9738181858070334,
  "final_position_score": 0.8999030666359814,
  "final_text_color_score": 0.8402048948316259,
  "final_clip_score": 0.9127153754234314
}