{
  "sum_areas": 0.22203860734519673,
  "final_score": 0.8616575813891449,
  "final_size_score": 0.86829242297694,
  "final_matched_text_score": 0.9977167152192741,
  "final_position_score": 0.7760661882077178,
  "final_text_color_score": 0.7273640850583944,
  "final_clip_score": 0.9388484954833984
}