{
  "sum_areas": 0.11068186074278241,
  "final_score": 0.9033870071092647,
  "final_size_score": 0.811136246029437,
  "final_matched_text_score": 0.9847321137643719,
  "final_position_score": 0.8839011438488124,
  "final_text_color_score": 0.888712284356552,
  "final_clip_score": 0.9484532475471497
}