{
  "sum_areas": 0.15340557231784455,
  "final_score": 0.8933727947235213,
  "final_size_score": 0.9570797598570615,
  "final_matched_text_score": 0.9921816506464718,
  "final_position_score": 0.8471825983865516,
  "final_text_color_score": 0.7675527071324595,
  "final_clip_score": 0.9028672575950623
}