{
  "sum_areas": 0.4473565663643119,
  "final_score": 0.9007364190281941,
  "final_size_score": 0.7815402668760935,
  "final_matched_text_score": 0.9537598120172041,
  "final_position_score": 0.8252274597686512,
  "final_text_color_score": 0.9728780815263237,
  "final_clip_score": 0.9702764749526978
}