{
  "sum_areas": 0.352146662848477,
  "final_score": 0.9043069724143674,
  "final_size_score": 0.9814660873297624,
  "final_matched_text_score": 0.9946310572056501,
  "final_position_score": 0.8566293759819273,
  "final_text_color_score": 0.7833595471895678,
  "final_clip_score": 0.9054487943649292
}