{
  "sum_areas": 0.24823335122074686,
  "final_score": 0.8942833586401616,
  "final_size_score": 0.9920551056142158,
  "final_matched_text_score": 0.962966472525296,
  "final_position_score": 0.8629337988110164,
  "final_text_color_score": 0.7824182109890488,
  "final_clip_score": 0.8710432052612305
}