{
  "sum_areas": 0.17948732009162402,
  "final_score": 0.8893210663303286,
  "final_size_score": 0.9810188961514873,
  "final_matched_text_score": 0.9709162295542116,
  "final_position_score": 0.791632761684038,
  "final_text_color_score": 0.818053547052738,
  "final_clip_score": 0.8849838972091675
}