{
  "sum_areas": 0.2538870328590889,
  "final_score": 0.7665949976315065,
  "final_size_score": 0.5134920314141528,
  "final_matched_text_score": 0.9823921310516308,
  "final_position_score": 0.8801773340668196,
  "final_text_color_score": 0.6088735069218648,
  "final_clip_score": 0.848039984703064
}