{
  "sum_areas": 0.6458825846811593,
  "final_score": 0.8688367491077991,
  "final_size_score": 0.6957681784769983,
  "final_matched_text_score": 0.9846541456710949,
  "final_position_score": 0.8939970218668407,
  "final_text_color_score": 0.90149048566374,
  "final_clip_score": 0.868273913860321
}