{
  "sum_areas": 0.2823688761230245,
  "final_score": 0.883191241052343,
  "final_size_score": 0.7850558696850023,
  "final_matched_text_score": 0.9431547044743908,
  "final_position_score": 0.7736556666235279,
  "final_text_color_score": 0.974895583241763,
  "final_clip_score": 0.93919438123703
}