{
  "sum_areas": 0.39430321335525603,
  "final_score": 0.9186091327242526,
  "final_size_score": 0.8791166819316506,
  "final_matched_text_score": 0.9654573566894442,
  "final_position_score": 0.9267675570149141,
  "final_text_color_score": 0.9086242101590207,
  "final_clip_score": 0.9130798578262329
}