{
  "sum_areas": 0.5218496864820298,
  "final_score": 0.9450250012796559,
  "final_size_score": 0.9974238647406607,
  "final_matched_text_score": 0.9570929576288065,
  "final_position_score": 0.915554074417881,
  "final_text_color_score": 0.9436913423913882,
  "final_clip_score": 0.9113627672195435
}