{
  "sum_areas": 0.3665166750421489,
  "final_score": 0.8431783493769116,
  "final_size_score": 0.5535166119938765,
  "final_matched_text_score": 0.9599719944093745,
  "final_position_score": 0.7461495535714286,
  "final_text_color_score": 0.9899110781170009,
  "final_clip_score": 0.9663425087928772
}