{
  "sum_areas": 0.40259433955580853,
  "final_score": 0.8678083691473429,
  "final_size_score": 0.9566525158952941,
  "final_matched_text_score": 0.88472293430184,
  "final_position_score": 0.8690147366929546,
  "final_text_color_score": 0.7389572661655044,
  "final_clip_score": 0.8896943926811218
}