{
  "sum_areas": 0.3073034246951807,
  "final_score": 0.9210060563458925,
  "final_size_score": 0.9945568710893208,
  "final_matched_text_score": 0.9390615357625499,
  "final_position_score": 0.8656134100541705,
  "final_text_color_score": 0.8629298744685009,
  "final_clip_score": 0.9428685903549194
}