{
  "sum_areas": 0.23262357336269582,
  "final_score": 0.9148227417927424,
  "final_size_score": 0.9774307309910695,
  "final_matched_text_score": 0.9791819624204081,
  "final_position_score": 0.9155064447035302,
  "final_text_color_score": 0.8179916468832489,
  "final_clip_score": 0.8840029239654541
}