{
  "sum_areas": 0.03620052437210693,
  "final_score": 0.8305769225315784,
  "final_size_score": 0.6086241215658298,
  "final_matched_text_score": 1.0,
  "final_position_score": 0.864453125,
  "final_text_color_score": 0.752477885444021,
  "final_clip_score": 0.9273294806480408
}