{
  "sum_areas": 0.5285720628143751,
  "final_score": 0.8268881340729592,
  "final_size_score": 0.5686153362266358,
  "final_matched_text_score": 0.8961710770823471,
  "final_position_score": 0.8901299786568588,
  "final_text_color_score": 0.8203503606285687,
  "final_clip_score": 0.9591739177703857
}