{
  "sum_areas": 0.35999146518605296,
  "final_score": 0.9327676076672224,
  "final_size_score": 0.999377636290015,
  "final_matched_text_score": 0.989598433877256,
  "final_position_score": 0.8773820909197487,
  "final_text_color_score": 0.8695142958320088,
  "final_clip_score": 0.9279655814170837
}