{
  "sum_areas": 0.40153686740867073,
  "final_score": 0.9086829358490773,
  "final_size_score": 0.9630605714803618,
  "final_matched_text_score": 0.933031842912738,
  "final_position_score": 0.9046199440484092,
  "final_text_color_score": 0.7826861894028156,
  "final_clip_score": 0.960016131401062
}