{
  "sum_areas": 0.5053393779745061,
  "final_score": 0.9481777604108116,
  "final_size_score": 1.0,
  "final_matched_text_score": 0.9941592237973916,
  "final_position_score": 0.8765220468258759,
  "final_text_color_score": 0.9030521940971112,
  "final_clip_score": 0.9671553373336792
}