{
  "sum_areas": 0.3267417042884623,
  "final_score": 0.892509387401384,
  "final_size_score": 0.8792338492220789,
  "final_matched_text_score": 0.9969053768242895,
  "final_position_score": 0.881611094086409,
  "final_text_color_score": 0.7894597099641996,
  "final_clip_score": 0.9153369069099426
}