{
  "sum_areas": 0.3922388598622787,
  "final_score": 0.7335320750888755,
  "final_size_score": 0.4168724084613061,
  "final_matched_text_score": 0.9546546420499551,
  "final_position_score": 0.6393215948974081,
  "final_text_color_score": 0.7361971894587735,
  "final_clip_score": 0.9206145405769348
}