{
  "sum_areas": 0.0838779088824049,
  "final_score": 0.8836881081596598,
  "final_size_score": 0.9534663652536098,
  "final_matched_text_score": 0.9355447850750265,
  "final_position_score": 0.8017996656404541,
  "final_text_color_score": 0.8173074162888642,
  "final_clip_score": 0.9103223085403442
}