{
  "sum_areas": 0.19255679275844786,
  "final_score": 0.8984392732503385,
  "final_size_score": 1.0,
  "final_matched_text_score": 0.9777176710974498,
  "final_position_score": 0.8225285250214778,
  "final_text_color_score": 0.8240806737872441,
  "final_clip_score": 0.86786949634552
}