{
  "sum_areas": 0.021175130208333334,
  "final_score": 0.9324679010301097,
  "final_size_score": 0.9403535741737126,
  "final_matched_text_score": 1.0,
  "final_position_score": 0.8524305555555556,
  "final_text_color_score": 0.9960362528207245,
  "final_clip_score": 0.8735191226005554
}