{
  "sum_areas": 0.29006995213430403,
  "final_score": 0.8530792169995953,
  "final_size_score": 0.6472130511958486,
  "final_matched_text_score": 0.9757273220151388,
  "final_position_score": 0.8664721553781298,
  "final_text_color_score": 0.9080073677491918,
  "final_clip_score": 0.867976188659668
}