{
  "sum_areas": 0.07463371629757842,
  "final_score": 0.9380051028734905,
  "final_size_score": 0.9542234326106477,
  "final_matched_text_score": 0.9926981804939748,
  "final_position_score": 0.936565015420693,
  "final_text_color_score": 0.8651366293533362,
  "final_clip_score": 0.9414022564888
}