{
  "sum_areas": 0.32315109828272254,
  "final_score": 0.8225232270467903,
  "final_size_score": 0.2930577041168008,
  "final_matched_text_score": 0.9508264895017708,
  "final_position_score": 0.9367390638810204,
  "final_text_color_score": 0.9898447883254842,
  "final_clip_score": 0.9421480894088745
}