{
  "sum_areas": 0.301605683644181,
  "final_score": 0.8251963917542358,
  "final_size_score": 0.38944510193384196,
  "final_matched_text_score": 0.9541554569096942,
  "final_position_score": 0.9257661403375149,
  "final_text_color_score": 0.90398706430433,
  "final_clip_score": 0.9526281952857971
}