{
  "sum_areas": 0.5406884590717992,
  "final_score": 0.9214478249891749,
  "final_size_score": 1.0,
  "final_matched_text_score": 0.9531027556308018,
  "final_position_score": 0.91393016812567,
  "final_text_color_score": 0.8391069365676675,
  "final_clip_score": 0.9010992646217346
}