{
  "sum_areas": 0.861494217555592,
  "final_score": 0.9271239988328308,
  "final_size_score": 0.9341634402555514,
  "final_matched_text_score": 0.9714819044083973,
  "final_position_score": 0.8691613371900717,
  "final_text_color_score": 0.9489713237465962,
  "final_clip_score": 0.9118419885635376
}