{
  "sum_areas": 0.22883363124070666,
  "final_score": 0.887165586764726,
  "final_size_score": 0.6711019809553098,
  "final_matched_text_score": 0.9907383085388678,
  "final_position_score": 0.8908044763513512,
  "final_text_color_score": 0.9518650637109802,
  "final_clip_score": 0.9313181042671204
}