{
  "sum_areas": 0.43461513740508273,
  "final_score": 0.8096965128608264,
  "final_size_score": 0.6958352457132788,
  "final_matched_text_score": 0.9918038029740158,
  "final_position_score": 0.8293029846643506,
  "final_text_color_score": 0.5972294390526157,
  "final_clip_score": 0.9343110918998718
}