{
  "sum_areas": 0.24175943699290603,
  "final_score": 0.9327216127332023,
  "final_size_score": 0.9826934252088758,
  "final_matched_text_score": 0.8872126717324422,
  "final_position_score": 0.8611009200039292,
  "final_text_color_score": 0.9814017535841678,
  "final_clip_score": 0.9511992931365967
}