{
  "sum_areas": 0.073740234375,
  "final_score": 0.8716465796597949,
  "final_size_score": 0.9999999999999998,
  "final_matched_text_score": 0.9213993929500802,
  "final_position_score": 0.9891307043650794,
  "final_text_color_score": 0.5257195589489023,
  "final_clip_score": 0.9219832420349121
}