{
  "sum_areas": 0.20224862696012638,
  "final_score": 0.907023946664026,
  "final_size_score": 0.9886559407437316,
  "final_matched_text_score": 0.9923017505315022,
  "final_position_score": 0.9135754254960905,
  "final_text_color_score": 0.741256536993294,
  "final_clip_score": 0.8993300795555115
}