{
  "sum_areas": 0.09516773915334446,
  "final_score": 0.9098202543208647,
  "final_size_score": 0.9458681229266869,
  "final_matched_text_score": 0.9646006524255497,
  "final_position_score": 0.8913532399359172,
  "final_text_color_score": 0.8356132206640098,
  "final_clip_score": 0.9116660356521606
}