{
  "sum_areas": 0.1898870647501922,
  "final_score": 0.8084651360776807,
  "final_size_score": 0.6100706240229228,
  "final_matched_text_score": 0.9919306584515419,
  "final_position_score": 0.7720832303632499,
  "final_text_color_score": 0.8099206929260546,
  "final_clip_score": 0.8583204746246338
}