{
  "sum_areas": 0.7252433038634283,
  "final_score": 0.8564970638138782,
  "final_size_score": 0.5138239804601126,
  "final_matched_text_score": 0.9858898165310213,
  "final_position_score": 0.9568262335061175,
  "final_text_color_score": 0.9622774428461263,
  "final_clip_score": 0.8636678457260132
}