{
  "sum_areas": 0.11192768257333874,
  "final_score": 0.9016540590106987,
  "final_size_score": 0.9725425340404564,
  "final_matched_text_score": 0.9193079779454656,
  "final_position_score": 0.8057137416784546,
  "final_text_color_score": 0.8461802225643488,
  "final_clip_score": 0.9645258188247681
}