{
  "sum_areas": 0.15868780840868893,
  "final_score": 0.8559858462811296,
  "final_size_score": 0.7191104892660506,
  "final_matched_text_score": 0.9842455330169404,
  "final_position_score": 0.8326918754612646,
  "final_text_color_score": 0.8244026191952969,
  "final_clip_score": 0.919478714466095
}