{
  "sum_areas": 0.3794462814421734,
  "final_score": 0.7038637410101138,
  "final_size_score": 0.042875026526427606,
  "final_matched_text_score": 1.0,
  "final_position_score": 0.8688700543781256,
  "final_text_color_score": 0.6840190844655349,
  "final_clip_score": 0.923554539680481
}