{
  "sum_areas": 0.17038226120384753,
  "final_score": 0.8773230691167271,
  "final_size_score": 0.9919757638480668,
  "final_matched_text_score": 0.9912548836375021,
  "final_position_score": 0.6744937390968868,
  "final_text_color_score": 0.832479063249226,
  "final_clip_score": 0.8964118957519531
}