{
  "sum_areas": 0.34070825663226106,
  "final_score": 0.9097294053670343,
  "final_size_score": 0.9850042179855286,
  "final_matched_text_score": 0.9809718014586903,
  "final_position_score": 0.8416287912591499,
  "final_text_color_score": 0.8685121730066493,
  "final_clip_score": 0.8725300431251526
}