{
  "sum_areas": 0.17055835427798088,
  "final_score": 0.8975698618199021,
  "final_size_score": 0.9969961113682695,
  "final_matched_text_score": 0.9856621034729419,
  "final_position_score": 0.8240308251596392,
  "final_text_color_score": 0.7769400456718408,
  "final_clip_score": 0.9042202234268188
}