{
  "sum_areas": 0.5252142004429792,
  "final_score": 0.9526679666207438,
  "final_size_score": 1.0,
  "final_matched_text_score": 0.9713256334701581,
  "final_position_score": 0.9194105685483671,
  "final_text_color_score": 0.9619545698821905,
  "final_clip_score": 0.9106490612030029
}