{
  "sum_areas": 0.4286503919153485,
  "final_score": 0.8147531684610915,
  "final_size_score": 0.5836306811730286,
  "final_matched_text_score": 0.9144856779897124,
  "final_position_score": 0.8966197307281343,
  "final_text_color_score": 0.7303830877951359,
  "final_clip_score": 0.9486466646194458
}