{
  "sum_areas": 0.33290682365953517,
  "final_score": 0.7948758340738693,
  "final_size_score": 0.4927710025743824,
  "final_matched_text_score": 0.950070581393477,
  "final_position_score": 0.7223361707545832,
  "final_text_color_score": 0.8522378765233685,
  "final_clip_score": 0.9569635391235352
}