{
  "sum_areas": 0.026944452994504705,
  "final_score": 0.8914959455763795,
  "final_size_score": 0.9277836841927896,
  "final_matched_text_score": 1.0,
  "final_position_score": 0.8582812499999999,
  "final_text_color_score": 0.752477885444021,
  "final_clip_score": 0.9189369082450867
}