{
  "sum_areas": 0.33209138362315627,
  "final_score": 0.9009400513973959,
  "final_size_score": 0.9919219517852446,
  "final_matched_text_score": 0.9722989971875723,
  "final_position_score": 0.8982030681536093,
  "final_text_color_score": 0.7187111501579461,
  "final_clip_score": 0.9235650897026062
}