{
  "sum_areas": 0.23977582930852748,
  "final_score": 0.8994842955642464,
  "final_size_score": 0.9989387256965493,
  "final_matched_text_score": 0.9857678844165331,
  "final_position_score": 0.8393349317590727,
  "final_text_color_score": 0.7564736983468429,
  "final_clip_score": 0.9169062376022339
}