{
  "sum_areas": 0.22289227876984427,
  "final_score": 0.7193143169671732,
  "final_size_score": 0.528979750611498,
  "final_matched_text_score": 0.9269993944651568,
  "final_position_score": 0.8630247502469816,
  "final_text_color_score": 0.4324547101001502,
  "final_clip_score": 0.8451129794120789
}