{
  "sum_areas": 0.08624891493055556,
  "final_score": 0.9124041128394471,
  "final_size_score": 1.0,
  "final_matched_text_score": 0.8742400047831219,
  "final_position_score": 0.9026785714285716,
  "final_text_color_score": 0.8926135679759287,
  "final_clip_score": 0.892488420009613
}