{
  "sum_areas": 0.4945603780802223,
  "final_score": 0.7999344983483772,
  "final_size_score": 0.4510580263975965,
  "final_matched_text_score": 0.9892565215884506,
  "final_position_score": 0.8414711572448222,
  "final_text_color_score": 0.8181279111409907,
  "final_clip_score": 0.8997588753700256
}