{
  "sum_areas": 0.4345887918706778,
  "final_score": 0.9180612258811426,
  "final_size_score": 0.9982271263978661,
  "final_matched_text_score": 0.9832107533558796,
  "final_position_score": 0.8563869230663742,
  "final_text_color_score": 0.8362957091386936,
  "final_clip_score": 0.9161856174468994
}