{
  "sum_areas": 0.3383229886471844,
  "final_score": 0.7656714972461166,
  "final_size_score": 0.3566423962856688,
  "final_matched_text_score": 0.9459498360291143,
  "final_position_score": 0.783846565595475,
  "final_text_color_score": 0.8519073181382875,
  "final_clip_score": 0.8900113701820374
}