{
  "sum_areas": 0.2766393961304516,
  "final_score": 0.8376570883581382,
  "final_size_score": 0.766125353983831,
  "final_matched_text_score": 0.9840221987286399,
  "final_position_score": 0.5416266864250896,
  "final_text_color_score": 0.9959929045040212,
  "final_clip_score": 0.9005182981491089
}