{
  "sum_areas": 0.32858426109229305,
  "final_score": 0.8877182224669874,
  "final_size_score": 0.9575619309171878,
  "final_matched_text_score": 0.9623654022855015,
  "final_position_score": 0.8251361526190043,
  "final_text_color_score": 0.7925529355990885,
  "final_clip_score": 0.900974690914154
}