{
  "sum_areas": 0.4312516402781038,
  "final_score": 0.8339413510156739,
  "final_size_score": 0.7384923498319007,
  "final_matched_text_score": 0.8874855536007525,
  "final_position_score": 0.873775616612904,
  "final_text_color_score": 0.7579091867234856,
  "final_clip_score": 0.9120440483093262
}