{
  "sum_areas": 0.706941473830295,
  "final_score": 0.6579476219079017,
  "final_size_score": 0.48044792511039797,
  "final_matched_text_score": 0.9003286733439445,
  "final_position_score": 0.6786326770721351,
  "final_text_color_score": 0.3753387093105773,
  "final_clip_score": 0.8549901247024536
}