{
  "sum_areas": 0.5590075148991395,
  "final_score": 0.8078782487386236,
  "final_size_score": 0.5788686424532716,
  "final_matched_text_score": 0.8938004818195753,
  "final_position_score": 0.9116739565087726,
  "final_text_color_score": 0.7068721365671982,
  "final_clip_score": 0.9481760263442993
}