{
  "sum_areas": 0.2187352996143096,
  "final_score": 0.8691275066556283,
  "final_size_score": 0.9116305373323143,
  "final_matched_text_score": 0.9669274739092629,
  "final_position_score": 0.8884993297731225,
  "final_text_color_score": 0.6944822584942155,
  "final_clip_score": 0.8840979337692261
}