{
  "sum_areas": 1.0262409549307285,
  "final_score": 0.6945972777032048,
  "final_size_score": 0.00842151811137558,
  "final_matched_text_score": 1.0,
  "final_position_score": 0.762308075066593,
  "final_text_color_score": 0.8506708111080136,
  "final_clip_score": 0.8515859842300415
}