{
  "sum_areas": 0.746007854204559,
  "final_score": 0.9330485458419777,
  "final_size_score": 0.9989202737316599,
  "final_matched_text_score": 0.9960424340944228,
  "final_position_score": 0.8229341002285152,
  "final_text_color_score": 0.9134316769803333,
  "final_clip_score": 0.9339142441749573
}