{
  "sum_areas": 0.017320963541666665,
  "final_score": 0.7761223006087392,
  "final_size_score": 0.27920816889055944,
  "final_matched_text_score": 1.0,
  "final_position_score": 0.9652777777777778,
  "final_text_color_score": 0.7051920212763292,
  "final_clip_score": 0.9309335350990295
}