{
  "sum_areas": 0.304274484025785,
  "final_score": 0.9082371861766756,
  "final_size_score": 0.9998700741120088,
  "final_matched_text_score": 0.9866287786292876,
  "final_position_score": 0.8477658113803231,
  "final_text_color_score": 0.8263656966361791,
  "final_clip_score": 0.8805555701255798
}