{
  "sum_areas": 0.17164523472455256,
  "final_score": 0.9335510107677885,
  "final_size_score": 0.9966398033368535,
  "final_matched_text_score": 0.985260624715906,
  "final_position_score": 0.9040269515626058,
  "final_text_color_score": 0.8483205297724346,
  "final_clip_score": 0.9335071444511414
}