{
  "sum_areas": 0.10747678158315123,
  "final_score": 0.8796671468683004,
  "final_size_score": 0.799065105054898,
  "final_matched_text_score": 0.9947089947089948,
  "final_position_score": 0.8689016892472458,
  "final_text_color_score": 0.791733372530681,
  "final_clip_score": 0.9439265727996826
}