{
  "sum_areas": 0.1041165839310377,
  "final_score": 0.9322884981706585,
  "final_size_score": 0.9462281400100576,
  "final_matched_text_score": 0.9844032780905655,
  "final_position_score": 0.9225781807059703,
  "final_text_color_score": 0.8809310679538339,
  "final_clip_score": 0.927301824092865
}