{
  "sum_areas": 0.24378512322302456,
  "final_score": 0.727078357713397,
  "final_size_score": 0.5119331891294722,
  "final_matched_text_score": 0.9536641691988138,
  "final_position_score": 0.8452591549680929,
  "final_text_color_score": 0.396843577196265,
  "final_clip_score": 0.9276916980743408
}