{
  "sum_areas": 0.02582769931171019,
  "final_score": 0.893817687398135,
  "final_size_score": 0.924661151455273,
  "final_matched_text_score": 1.0,
  "final_position_score": 0.8639262405874442,
  "final_text_color_score": 0.752477885444021,
  "final_clip_score": 0.9280231595039368
}