{
  "sum_areas": 0.32894616002466,
  "final_score": 0.8812226530230554,
  "final_size_score": 0.9849109895822494,
  "final_matched_text_score": 0.926370087881486,
  "final_position_score": 0.8671255905546661,
  "final_text_color_score": 0.688278029210523,
  "final_clip_score": 0.9394285678863525
}