{
  "sum_areas": 0.2973418964921391,
  "final_score": 0.8589705631961005,
  "final_size_score": 0.6194698148988437,
  "final_matched_text_score": 0.9844320769243369,
  "final_position_score": 0.856768603896081,
  "final_text_color_score": 0.9416644555571086,
  "final_clip_score": 0.8925178647041321
}