{
  "sum_areas": 0.5829728657299864,
  "final_score": 0.8794969971650108,
  "final_size_score": 0.8922360117445256,
  "final_matched_text_score": 0.9546048279227421,
  "final_position_score": 0.8968697384910946,
  "final_text_color_score": 0.7430770667014206,
  "final_clip_score": 0.910697340965271
}