{
  "sum_areas": 0.12009624008814787,
  "final_score": 0.9061862544340621,
  "final_size_score": 0.9757139218969229,
  "final_matched_text_score": 0.8653397239772114,
  "final_position_score": 0.8668414854096599,
  "final_text_color_score": 0.8888671464597888,
  "final_clip_score": 0.9341689944267273
}