{
  "sum_areas": 0.23878464950774134,
  "final_score": 0.726820265199456,
  "final_size_score": 0.19056395238457005,
  "final_matched_text_score": 0.9833498023715415,
  "final_position_score": 0.7987281439527611,
  "final_text_color_score": 0.7525516561778722,
  "final_clip_score": 0.9089077711105347
}