{
  "sum_areas": 0.19948484518098558,
  "final_score": 0.770045022923901,
  "final_size_score": 0.3363653872700185,
  "final_matched_text_score": 0.9310764790764791,
  "final_position_score": 0.723841437256425,
  "final_text_color_score": 0.96871008246281,
  "final_clip_score": 0.890231728553772
}