{
  "sum_areas": 0.20466381532274652,
  "final_score": 0.9061403677879073,
  "final_size_score": 0.9519890018183951,
  "final_matched_text_score": 0.9961197507763254,
  "final_position_score": 0.8430479407045228,
  "final_text_color_score": 0.8236095100735812,
  "final_clip_score": 0.9159356355667114
}