{
  "sum_areas": 0.10119964281554389,
  "final_score": 0.7379532876444448,
  "final_size_score": 0.27365552888014083,
  "final_matched_text_score": 0.8568027210884354,
  "final_position_score": 0.7706075002940592,
  "final_text_color_score": 0.883913505151666,
  "final_clip_score": 0.9047871828079224
}