{
  "sum_areas": 0.3901200542527962,
  "final_score": 0.9207647132825336,
  "final_size_score": 0.9966051683655831,
  "final_matched_text_score": 0.9373314127433933,
  "final_position_score": 0.8824332153996556,
  "final_text_color_score": 0.8490800850209191,
  "final_clip_score": 0.9383736848831177
}