{
  "sum_areas": 0.4439712616116698,
  "final_score": 0.856006887345258,
  "final_size_score": 0.7214453229613821,
  "final_matched_text_score": 0.97432160899223,
  "final_position_score": 0.725032289729815,
  "final_text_color_score": 0.9340053676116795,
  "final_clip_score": 0.9252298474311829
}