{
  "sum_areas": 0.34898776762899325,
  "final_score": 0.9405226409188124,
  "final_size_score": 0.9943470102163404,
  "final_matched_text_score": 0.9928615717397322,
  "final_position_score": 0.9434277156310455,
  "final_text_color_score": 0.864721734277452,
  "final_clip_score": 0.9072551727294922
}