{
  "sum_areas": 0.0978998043148917,
  "final_score": 0.8552957285829976,
  "final_size_score": 0.9624795706454913,
  "final_matched_text_score": 0.9464531450676977,
  "final_position_score": 0.66134907301918,
  "final_text_color_score": 0.777951607772249,
  "final_clip_score": 0.9282452464103699
}