{
  "sum_areas": 0.38082924818586633,
  "final_score": 0.8889460676164451,
  "final_size_score": 0.9867943865067735,
  "final_matched_text_score": 0.9339245829990127,
  "final_position_score": 0.8955755270790619,
  "final_text_color_score": 0.7330375227298296,
  "final_clip_score": 0.8953983187675476
}