{
  "sum_areas": 0.3446583026949474,
  "final_score": 0.743883245655728,
  "final_size_score": 0.3249999411317137,
  "final_matched_text_score": 0.9104852477142505,
  "final_position_score": 0.8096012966585594,
  "final_text_color_score": 0.8075041621771928,
  "final_clip_score": 0.8668255805969238
}