{
  "sum_areas": 0.22547743921631508,
  "final_score": 0.8881502788166427,
  "final_size_score": 0.9958516380490327,
  "final_matched_text_score": 0.9952574525745258,
  "final_position_score": 0.7996419270833334,
  "final_text_color_score": 0.7467788287727145,
  "final_clip_score": 0.9032215476036072
}