{
  "sum_areas": 0.2719724001485849,
  "final_score": 0.9019012854770461,
  "final_size_score": 0.992382877029883,
  "final_matched_text_score": 0.9789112945717436,
  "final_position_score": 0.9158586140801636,
  "final_text_color_score": 0.737554399683787,
  "final_clip_score": 0.8847992420196533
}