{
  "sum_areas": 0.5244972017041859,
  "final_score": 0.9304652703021539,
  "final_size_score": 0.9999999999999998,
  "final_matched_text_score": 0.9651953212706308,
  "final_position_score": 0.9093983627082947,
  "final_text_color_score": 0.8442771407030779,
  "final_clip_score": 0.9334555268287659
}