{
  "sum_areas": 0.07966373964568209,
  "final_score": 0.8923000895393648,
  "final_size_score": 0.9965574529160037,
  "final_matched_text_score": 0.97165169675452,
  "final_position_score": 0.9501695737482402,
  "final_text_color_score": 0.6259293843809038,
  "final_clip_score": 0.9171923398971558
}