{
  "sum_areas": 0.36807170049203364,
  "final_score": 0.7442281582625707,
  "final_size_score": 0.4602062586545695,
  "final_matched_text_score": 0.9265054243088149,
  "final_position_score": 0.7184632641567057,
  "final_text_color_score": 0.7368154535677635,
  "final_clip_score": 0.879150390625
}