{
  "sum_areas": 0.28409333148338617,
  "final_score": 0.9075549541646363,
  "final_size_score": 0.9843888893643209,
  "final_matched_text_score": 0.9825123577139706,
  "final_position_score": 0.8468506574636784,
  "final_text_color_score": 0.791521311792075,
  "final_clip_score": 0.9325015544891357
}