{
  "sum_areas": 0.20675101857208697,
  "final_score": 0.7879724444189303,
  "final_size_score": 0.8760115870290985,
  "final_matched_text_score": 0.9929393261450992,
  "final_position_score": 0.7525025602674302,
  "final_text_color_score": 0.4560464830661705,
  "final_clip_score": 0.862362265586853
}