{
  "sum_areas": 0.20246194130824027,
  "final_score": 0.8720622825147271,
  "final_size_score": 0.8210078931965278,
  "final_matched_text_score": 0.9661318101569675,
  "final_position_score": 0.8972106406622168,
  "final_text_color_score": 0.7953241976968699,
  "final_clip_score": 0.8806368708610535
}