{
  "sum_areas": 0.26615342881944437,
  "final_score": 0.879855245305085,
  "final_size_score": 0.8946091721126679,
  "final_matched_text_score": 0.9426132307727666,
  "final_position_score": 0.9162848395270273,
  "final_text_color_score": 0.8073660571911186,
  "final_clip_score": 0.8384029269218445
}