{
  "sum_areas": 0.6300545484162856,
  "final_score": 0.8957649942240025,
  "final_size_score": 1.0,
  "final_matched_text_score": 0.9306333884541635,
  "final_position_score": 0.863238152251946,
  "final_text_color_score": 0.7280038387772455,
  "final_clip_score": 0.9569495916366577
}