{
  "sum_areas": 0.17034836658623928,
  "final_score": 0.8830851617637008,
  "final_size_score": 0.9786815142530271,
  "final_matched_text_score": 0.9330096275045566,
  "final_position_score": 0.8551596598989656,
  "final_text_color_score": 0.7302649609659706,
  "final_clip_score": 0.9183100461959839
}