{
  "sum_areas": 0.1584855598149586,
  "final_score": 0.9186297575380664,
  "final_size_score": 1.0,
  "final_matched_text_score": 0.9859672169751614,
  "final_position_score": 0.8008778054549115,
  "final_text_color_score": 0.9331842321982783,
  "final_clip_score": 0.8731195330619812
}