{
  "sum_areas": 0.2286845420246805,
  "final_score": 0.9490590986845533,
  "final_size_score": 1.0000000000000002,
  "final_matched_text_score": 0.9949348769898698,
  "final_position_score": 0.9391935059880991,
  "final_text_color_score": 0.8788131370561255,
  "final_clip_score": 0.9323539733886719
}