{
  "sum_areas": 0.07988059046040974,
  "final_score": 0.8090040203649906,
  "final_size_score": 0.9343852104173586,
  "final_matched_text_score": 0.9744503862150922,
  "final_position_score": 0.8241538373888798,
  "final_text_color_score": 0.3890084572056297,
  "final_clip_score": 0.9230222105979919
}