{
  "sum_areas": 0.40374491375701765,
  "final_score": 0.9484620744774626,
  "final_size_score": 0.9165645814317324,
  "final_matched_text_score": 0.9769181893267536,
  "final_position_score": 0.9669966841312296,
  "final_text_color_score": 0.9625698791942215,
  "final_clip_score": 0.9192610383033752
}