{
  "sum_areas": 0.2460730264728869,
  "final_score": 0.9111777643890321,
  "final_size_score": 0.9885458418129823,
  "final_matched_text_score": 0.9699487643083441,
  "final_position_score": 0.9364755999264309,
  "final_text_color_score": 0.7782122121651028,
  "final_clip_score": 0.8827064037322998
}