{
  "sum_areas": 0.021110026041666667,
  "final_score": 0.9427945276539295,
  "final_size_score": 0.9432536622976099,
  "final_matched_text_score": 1.0,
  "final_position_score": 0.8621527777777778,
  "final_text_color_score": 0.9960362528207245,
  "final_clip_score": 0.9125299453735352
}