{
  "sum_areas": 0.16494355770990646,
  "final_score": 0.9640234248008123,
  "final_size_score": 1.0,
  "final_matched_text_score": 1.0,
  "final_position_score": 0.9598925668274634,
  "final_text_color_score": 0.8951071026477895,
  "final_clip_score": 0.9651174545288086
}