{
  "sum_areas": 0.23268105841151776,
  "final_score": 0.7651216782259199,
  "final_size_score": 0.3247402331635316,
  "final_matched_text_score": 0.9015777905488247,
  "final_position_score": 0.7200233471126114,
  "final_text_color_score": 0.9295309019879812,
  "final_clip_score": 0.9497361183166504
}