{
  "sum_areas": 0.34399287649037186,
  "final_score": 0.6834131850278103,
  "final_size_score": 0.238830320462365,
  "final_matched_text_score": 0.8776553135109132,
  "final_position_score": 0.7561805612029175,
  "final_text_color_score": 0.7182565844016376,
  "final_clip_score": 0.8261431455612183
}