{
  "sum_areas": 0.4473740072015874,
  "final_score": 0.8532558106636217,
  "final_size_score": 0.7679374138634333,
  "final_matched_text_score": 0.8871591167894857,
  "final_position_score": 0.8752105964166366,
  "final_text_color_score": 0.8291990146999385,
  "final_clip_score": 0.9067729115486145
}