{
  "sum_areas": 0.25287460302560977,
  "final_score": 0.9069158886537405,
  "final_size_score": 0.9937562339545029,
  "final_matched_text_score": 0.9707820603278879,
  "final_position_score": 0.8595410940588544,
  "final_text_color_score": 0.8574815326648839,
  "final_clip_score": 0.8530185222625732
}