{
  "sum_areas": 0.23879066353467843,
  "final_score": 0.7488516651886163,
  "final_size_score": 0.1050993401294289,
  "final_matched_text_score": 0.9810804315052032,
  "final_position_score": 0.8792923134078457,
  "final_text_color_score": 0.8482543815027155,
  "final_clip_score": 0.9305318593978882
}