{
  "sum_areas": 0.2580235241679873,
  "final_score": 0.8238221826357898,
  "final_size_score": 0.4649446997328797,
  "final_matched_text_score": 0.9567874462375742,
  "final_position_score": 0.9171730945828543,
  "final_text_color_score": 0.8779861387053516,
  "final_clip_score": 0.9022195339202881
}