{
  "sum_areas": 0.13016663452165883,
  "final_score": 0.914909150527039,
  "final_size_score": 1.0,
  "final_matched_text_score": 0.994908894731982,
  "final_position_score": 0.8473156578499224,
  "final_text_color_score": 0.8600162836714542,
  "final_clip_score": 0.8723049163818359
}