{
  "sum_areas": 0.46303151541654486,
  "final_score": 0.8478768003094901,
  "final_size_score": 0.6175317861284149,
  "final_matched_text_score": 0.9666637298084348,
  "final_position_score": 0.8834687601821549,
  "final_text_color_score": 0.8429134801014497,
  "final_clip_score": 0.9288062453269958
}