{
  "sum_areas": 0.193095789074442,
  "final_score": 0.806276457769302,
  "final_size_score": 0.5520137152193334,
  "final_matched_text_score": 1.0,
  "final_position_score": 0.8146902068048342,
  "final_text_color_score": 0.7440001088801423,
  "final_clip_score": 0.9206782579421997
}