{
  "sum_areas": 0.22246114223592672,
  "final_score": 0.800011007600002,
  "final_size_score": 0.48334107458160375,
  "final_matched_text_score": 0.9792461940160243,
  "final_position_score": 0.827249666010042,
  "final_text_color_score": 0.8713227825000063,
  "final_clip_score": 0.838895320892334
}