{
  "sum_areas": 0.20480678748086545,
  "final_score": 0.9262471802580885,
  "final_size_score": 0.9562276492372731,
  "final_matched_text_score": 0.9942518990775909,
  "final_position_score": 0.9168247070098051,
  "final_text_color_score": 0.8442181488039078,
  "final_clip_score": 0.9197134971618652
}