{
  "sum_areas": 0.3005762782333617,
  "final_score": 0.7093219550917118,
  "final_size_score": 0.1541045418705229,
  "final_matched_text_score": 0.9637408217607707,
  "final_position_score": 0.7214262033186193,
  "final_text_color_score": 0.7837459986926668,
  "final_clip_score": 0.923592209815979
}