{
  "sum_areas": 0.4138834622850235,
  "final_score": 0.8844676078381642,
  "final_size_score": 0.8431012428761074,
  "final_matched_text_score": 0.9851617571474787,
  "final_position_score": 0.8313293973664703,
  "final_text_color_score": 0.875440680119399,
  "final_clip_score": 0.887304961681366
}