{
  "sum_areas": 0.06325412326388889,
  "final_score": 0.941156068208303,
  "final_size_score": 1.0,
  "final_matched_text_score": 0.910957459909725,
  "final_position_score": 0.9290674603174605,
  "final_text_color_score": 0.9437057792051372,
  "final_clip_score": 0.9220496416091919
}