{
  "sum_areas": 0.26577650606942826,
  "final_score": 0.9040461901284336,
  "final_size_score": 0.9797264652437846,
  "final_matched_text_score": 0.9636350938914424,
  "final_position_score": 0.9090433658071255,
  "final_text_color_score": 0.7538164546243751,
  "final_clip_score": 0.9140095710754395
}