{
  "sum_areas": 0.4163575661572231,
  "final_score": 0.8045468552474404,
  "final_size_score": 0.4761846403456909,
  "final_matched_text_score": 0.9462076573295837,
  "final_position_score": 0.8800600996909205,
  "final_text_color_score": 0.8422833480062912,
  "final_clip_score": 0.8779985308647156
}