{
  "sum_areas": 0.1714720263335792,
  "final_score": 0.9030645976394468,
  "final_size_score": 0.9999999999999999,
  "final_matched_text_score": 0.9837947135066671,
  "final_position_score": 0.8488435314924068,
  "final_text_color_score": 0.8289956686818631,
  "final_clip_score": 0.8536890745162964
}