{
  "sum_areas": 0.024212421433862208,
  "final_score": 0.8843718350142868,
  "final_size_score": 0.9080910921485321,
  "final_matched_text_score": 1.0,
  "final_position_score": 0.8256971414047349,
  "final_text_color_score": 0.774876285146097,
  "final_clip_score": 0.9131946563720703
}