{
  "sum_areas": 0.08184738548037718,
  "final_score": 0.9309899263103113,
  "final_size_score": 0.9999999999999998,
  "final_matched_text_score": 0.9813314775200607,
  "final_position_score": 0.795851251911315,
  "final_text_color_score": 0.9372935840202047,
  "final_clip_score": 0.9404733180999756
}