{
  "sum_areas": 0.15886648833893877,
  "final_score": 0.878130263369619,
  "final_size_score": 0.7184650568033011,
  "final_matched_text_score": 0.997323071775138,
  "final_position_score": 0.9054362193727901,
  "final_text_color_score": 0.8309978516941061,
  "final_clip_score": 0.9384291172027588
}