{
  "sum_areas": 0.09958827182084636,
  "final_score": 0.8675481844526062,
  "final_size_score": 0.9709276714246773,
  "final_matched_text_score": 0.9930714370158252,
  "final_position_score": 0.7601387468020665,
  "final_text_color_score": 0.7020449753799896,
  "final_clip_score": 0.9115580916404724
}