{
  "sum_areas": 0.21925471784911416,
  "final_score": 0.8835528106226337,
  "final_size_score": 0.9987452928562177,
  "final_matched_text_score": 0.986141623070765,
  "final_position_score": 0.8549400777687822,
  "final_text_color_score": 0.7361704635769495,
  "final_clip_score": 0.8417665958404541
}