{
  "sum_areas": 0.15925741437690694,
  "final_score": 0.8888459424580962,
  "final_size_score": 0.9428999200438004,
  "final_matched_text_score": 0.9587913666396369,
  "final_position_score": 0.7838458906563953,
  "final_text_color_score": 0.8166206202777968,
  "final_clip_score": 0.9420719146728516
}