{
  "sum_areas": 0.32243734012199915,
  "final_score": 0.8861605052340509,
  "final_size_score": 0.9711028958130905,
  "final_matched_text_score": 0.9445712052324952,
  "final_position_score": 0.7313476562499999,
  "final_text_color_score": 0.883112386230015,
  "final_clip_score": 0.9006683826446533
}