{
  "sum_areas": 0.18595786737185924,
  "final_score": 0.9617203914144042,
  "final_size_score": 0.9999999999999999,
  "final_matched_text_score": 0.9997781721384206,
  "final_position_score": 0.9671246345772156,
  "final_text_color_score": 0.9071731241074529,
  "final_clip_score": 0.9345260262489319
}