{
  "sum_areas": 0.0038140190972222225,
  "final_score": 0.9642410252432883,
  "final_size_score": 0.9570412517780938,
  "final_matched_text_score": 1.0,
  "final_position_score": 0.9934027777777779,
  "final_text_color_score": 0.90567845124431,
  "final_clip_score": 0.9650826454162598
}