{
  "sum_areas": 0.3291578498716912,
  "final_score": 0.9159854216505245,
  "final_size_score": 0.9820593494494823,
  "final_matched_text_score": 0.9674214170679623,
  "final_position_score": 0.8935619125582667,
  "final_text_color_score": 0.8301981827818001,
  "final_clip_score": 0.9066862463951111
}