{
  "sum_areas": 0.41078585442441773,
  "final_score": 0.8694889488891587,
  "final_size_score": 0.9186169325825602,
  "final_matched_text_score": 0.9849819703734779,
  "final_position_score": 0.8000414334547321,
  "final_text_color_score": 0.7611539134595225,
  "final_clip_score": 0.8826504945755005
}