{
  "sum_areas": 0.19596933758189555,
  "final_score": 0.9127159990866942,
  "final_size_score": 0.9976080441676028,
  "final_matched_text_score": 0.988646698998572,
  "final_position_score": 0.8641667659994795,
  "final_text_color_score": 0.7991374711005798,
  "final_clip_score": 0.9140210151672363
}