{
  "sum_areas": 0.24091572017638854,
  "final_score": 0.8483603576256968,
  "final_size_score": 0.8518391542126452,
  "final_matched_text_score": 0.9917050820147195,
  "final_position_score": 0.8974524018148115,
  "final_text_color_score": 0.6047999964303019,
  "final_clip_score": 0.8960051536560059
}