{
  "sum_areas": 0.2989089246400832,
  "final_score": 0.9168759210978085,
  "final_size_score": 0.9689567089692575,
  "final_matched_text_score": 0.9910820473964401,
  "final_position_score": 0.8611066980456366,
  "final_text_color_score": 0.8751260764126387,
  "final_clip_score": 0.8881080746650696
}