{
  "sum_areas": 0.22015027353069447,
  "final_score": 0.7793327066077532,
  "final_size_score": 0.28912518501379675,
  "final_matched_text_score": 0.9424354427909892,
  "final_position_score": 0.7642142413758153,
  "final_text_color_score": 0.9464667859971417,
  "final_clip_score": 0.954421877861023
}