{
  "sum_areas": 0.4958543284624868,
  "final_score": 0.7581212144942178,
  "final_size_score": 0.027027367603933955,
  "final_matched_text_score": 0.9792663476874003,
  "final_position_score": 0.9145069498194197,
  "final_text_color_score": 0.9551262973101332,
  "final_clip_score": 0.9146791100502014
}