{
  "sum_areas": 0.23059726861026134,
  "final_score": 0.8128981501321975,
  "final_size_score": 0.4303200042068131,
  "final_matched_text_score": 0.9554082941337421,
  "final_position_score": 0.9002120185614547,
  "final_text_color_score": 0.8899219509403731,
  "final_clip_score": 0.8886284828186035
}