{
  "sum_areas": 0.4513974574521526,
  "final_score": 0.8486645528213217,
  "final_size_score": 0.8183517448741016,
  "final_matched_text_score": 0.8922287515101688,
  "final_position_score": 0.8779476316384028,
  "final_text_color_score": 0.7168036130202758,
  "final_clip_score": 0.9379910230636597
}