{
  "sum_areas": 0.026861260207789606,
  "final_score": 0.9097946887382122,
  "final_size_score": 0.9275600209501932,
  "final_matched_text_score": 1.0,
  "final_position_score": 0.9301540374341762,
  "final_text_color_score": 0.752477885444021,
  "final_clip_score": 0.9387814998626709
}