{
  "sum_areas": 0.13005394192204853,
  "final_score": 0.9053591831135606,
  "final_size_score": 0.9827151829898404,
  "final_matched_text_score": 0.980539638877589,
  "final_position_score": 0.8408768369385388,
  "final_text_color_score": 0.8781339127524349,
  "final_clip_score": 0.8445303440093994
}