{
  "sum_areas": 0.09097803710075131,
  "final_score": 0.9063443369515218,
  "final_size_score": 0.7861992831793113,
  "final_matched_text_score": 0.9993006993006993,
  "final_position_score": 0.8720293638106295,
  "final_text_color_score": 0.9172513298991588,
  "final_clip_score": 0.9569410085678101
}