{
  "sum_areas": 0.5300854864308386,
  "final_score": 0.9546905296419184,
  "final_size_score": 1.0000000000000002,
  "final_matched_text_score": 0.9943961508769549,
  "final_position_score": 0.8578551168161451,
  "final_text_color_score": 0.9768762314571954,
  "final_clip_score": 0.9443251490592957
}