{
  "sum_areas": 0.5990526261386464,
  "final_score": 0.8900678600664369,
  "final_size_score": 0.9826835241029472,
  "final_matched_text_score": 0.9169680142631699,
  "final_position_score": 0.896293775291228,
  "final_text_color_score": 0.7357528366771282,
  "final_clip_score": 0.9186411499977112
}