{
  "sum_areas": 0.5303697871859567,
  "final_score": 0.7765129969293456,
  "final_size_score": 0.9200144689685873,
  "final_matched_text_score": 0.9478481374867699,
  "final_position_score": 0.6228542368356025,
  "final_text_color_score": 0.5831568781569155,
  "final_clip_score": 0.8086912631988525
}