{
  "sum_areas": 0.325456974102039,
  "final_score": 0.8643484186904313,
  "final_size_score": 0.8965007569448249,
  "final_matched_text_score": 0.9555144011792699,
  "final_position_score": 0.8799673001169778,
  "final_text_color_score": 0.6973485224257443,
  "final_clip_score": 0.8924111127853394
}