{
  "sum_areas": 0.08807973824901913,
  "final_score": 0.6665061110981121,
  "final_size_score": 0.02582179155110344,
  "final_matched_text_score": 0.9387755102040816,
  "final_position_score": 0.8012522237618652,
  "final_text_color_score": 0.7901999976019892,
  "final_clip_score": 0.776481032371521
}