{
  "sum_areas": 0.1931944444444445,
  "final_score": 0.793448017367353,
  "final_size_score": 0.7293875808770669,
  "final_matched_text_score": 0.9022004836122482,
  "final_position_score": 0.6595746527777777,
  "final_text_color_score": 0.8013302720774541,
  "final_clip_score": 0.874747097492218
}