{
  "sum_areas": 0.37742050753953693,
  "final_score": 0.8584423044236488,
  "final_size_score": 0.9267823802882692,
  "final_matched_text_score": 0.931625167913099,
  "final_position_score": 0.8577215244944104,
  "final_text_color_score": 0.7303445749145605,
  "final_clip_score": 0.845737874507904
}