{
  "sum_areas": 0.7058290262944574,
  "final_score": 0.8270746610855618,
  "final_size_score": 0.997731493694434,
  "final_matched_text_score": 0.8916011739891125,
  "final_position_score": 0.6803878533474992,
  "final_text_color_score": 0.7143486109272197,
  "final_clip_score": 0.8513041734695435
}