{
  "sum_areas": 0.16489825141094766,
  "final_score": 0.8739722058026441,
  "final_size_score": 0.9785464052763425,
  "final_matched_text_score": 0.9169704187141542,
  "final_position_score": 0.7705059229136001,
  "final_text_color_score": 0.7904313735970089,
  "final_clip_score": 0.9134069085121155
}