{
  "sum_areas": 0.2008255432575175,
  "final_score": 0.7409402252333248,
  "final_size_score": 0.44630863215624605,
  "final_matched_text_score": 0.9530256904173373,
  "final_position_score": 0.8267308725140246,
  "final_text_color_score": 0.5853441000624753,
  "final_clip_score": 0.8932918310165405
}