{
  "sum_areas": 0.1480179931316401,
  "final_score": 0.9143276515504768,
  "final_size_score": 1.0,
  "final_matched_text_score": 0.9932207354108387,
  "final_position_score": 0.8688825715655893,
  "final_text_color_score": 0.7773042397926793,
  "final_clip_score": 0.9322307109832764
}