{
  "sum_areas": 0.018251953125,
  "final_score": 0.9372500201675749,
  "final_size_score": 0.9821651507044766,
  "final_matched_text_score": 1.0,
  "final_position_score": 0.8239583333333333,
  "final_text_color_score": 0.9960362528207245,
  "final_clip_score": 0.8840903639793396
}