{
  "sum_areas": 0.08192370291689968,
  "final_score": 0.785183011345335,
  "final_size_score": 0.5922050608723822,
  "final_matched_text_score": 0.9531637042565745,
  "final_position_score": 0.8300089352869519,
  "final_text_color_score": 0.6677259291943721,
  "final_clip_score": 0.882811427116394
}