{
  "sum_areas": 0.09305012311298534,
  "final_score": 0.9036762712743531,
  "final_size_score": 0.999922310525126,
  "final_matched_text_score": 0.9904014636157493,
  "final_position_score": 0.7790431008869602,
  "final_text_color_score": 0.8131586158654143,
  "final_clip_score": 0.9358558654785156
}