{
  "sum_areas": 0.19083726744261528,
  "final_score": 0.8963044035031813,
  "final_size_score": 0.9997928437508045,
  "final_matched_text_score": 0.9843533084689355,
  "final_position_score": 0.8887694333367954,
  "final_text_color_score": 0.7672861556989952,
  "final_clip_score": 0.841320276260376
}