{
  "sum_areas": 0.16646294291338584,
  "final_score": 0.903664330063015,
  "final_size_score": 0.8403581109626027,
  "final_matched_text_score": 0.9985574274304244,
  "final_position_score": 0.9340464455959548,
  "final_text_color_score": 0.8417864513183108,
  "final_clip_score": 0.903573215007782
}