{
  "sum_areas": 0.5267616581641458,
  "final_score": 0.9334580315446109,
  "final_size_score": 1.0000000000000002,
  "final_matched_text_score": 0.9686319183171311,
  "final_position_score": 0.9484837762777737,
  "final_text_color_score": 0.8411851528635619,
  "final_clip_score": 0.9089893102645874
}