{
  "sum_areas": 0.3578500236077037,
  "final_score": 0.7447168643919563,
  "final_size_score": 0.41069548025152813,
  "final_matched_text_score": 0.9156258954069606,
  "final_position_score": 0.6199318607406454,
  "final_text_color_score": 0.886577577946511,
  "final_clip_score": 0.8907535076141357
}