{
  "sum_areas": 0.07260731441877517,
  "final_score": 0.8680409904250675,
  "final_size_score": 0.9875335879400153,
  "final_matched_text_score": 0.9928703105173694,
  "final_position_score": 0.8958341827630592,
  "final_text_color_score": 0.5613785034427354,
  "final_clip_score": 0.9025883674621582
}