{
  "sum_areas": 0.3561506375560474,
  "final_score": 0.8909342130746313,
  "final_size_score": 0.9959868452328909,
  "final_matched_text_score": 0.9455584717376749,
  "final_position_score": 0.8042088720225311,
  "final_text_color_score": 0.7807842231436699,
  "final_clip_score": 0.9281326532363892
}