{
  "sum_areas": 0.18131632122774716,
  "final_score": 0.8691935511766098,
  "final_size_score": 0.9967318675547241,
  "final_matched_text_score": 0.987464673293966,
  "final_position_score": 0.82200363101688,
  "final_text_color_score": 0.6338547078883277,
  "final_clip_score": 0.9059128761291504
}