{
  "sum_areas": 0.004207899305555556,
  "final_score": 0.8764341864207599,
  "final_size_score": 0.9610624033006705,
  "final_matched_text_score": 1.0,
  "final_position_score": 0.978125,
  "final_text_color_score": 0.49335827512575964,
  "final_clip_score": 0.9496252536773682
}