{
  "sum_areas": 0.3041390694123538,
  "final_score": 0.7831498638030926,
  "final_size_score": 0.5654881708690319,
  "final_matched_text_score": 0.9253718192239856,
  "final_position_score": 0.8173685954004157,
  "final_text_color_score": 0.7699760538803064,
  "final_clip_score": 0.8375446796417236
}