{
  "sum_areas": 0.14215058500786637,
  "final_score": 0.865591385507352,
  "final_size_score": 0.9179954428884,
  "final_matched_text_score": 0.9975006011323148,
  "final_position_score": 0.8838125120730211,
  "final_text_color_score": 0.6222933480589294,
  "final_clip_score": 0.9063550233840942
}