{
  "sum_areas": 0.10230833586817972,
  "final_score": 0.8759320882942406,
  "final_size_score": 0.7959879630016002,
  "final_matched_text_score": 0.9614788720051878,
  "final_position_score": 0.8798593922125003,
  "final_text_color_score": 0.7984091315683511,
  "final_clip_score": 0.9439250826835632
}