{
  "sum_areas": 0.4421450606754831,
  "final_score": 0.8731029082788739,
  "final_size_score": 0.9596558820278667,
  "final_matched_text_score": 0.8770009060076174,
  "final_position_score": 0.8746507931023879,
  "final_text_color_score": 0.7444115567759682,
  "final_clip_score": 0.9097954034805298
}