{
  "sum_areas": 0.21063264092714049,
  "final_score": 0.8566993798976421,
  "final_size_score": 0.9969284089548551,
  "final_matched_text_score": 0.9827389674113145,
  "final_position_score": 0.6821551488778298,
  "final_text_color_score": 0.7505620871996859,
  "final_clip_score": 0.8711122870445251
}