{
  "sum_areas": 0.49853284613891036,
  "final_score": 0.9190564258880873,
  "final_size_score": 0.999477598296094,
  "final_matched_text_score": 0.8946358991588631,
  "final_position_score": 0.9076709365351957,
  "final_text_color_score": 0.8365283150715604,
  "final_clip_score": 0.9569693803787231
}