{
  "sum_areas": 0.40974892143347824,
  "final_score": 0.8318810824927493,
  "final_size_score": 0.9768567388990845,
  "final_matched_text_score": 0.9788349693961848,
  "final_position_score": 0.8105481712331205,
  "final_text_color_score": 0.48262495218584517,
  "final_clip_score": 0.9105405807495117
}