{
  "sum_areas": 0.3424376021678905,
  "final_score": 0.7458397665826825,
  "final_size_score": 0.036129793123874994,
  "final_matched_text_score": 0.9977678571428572,
  "final_position_score": 0.9231954180265063,
  "final_text_color_score": 0.8599334471152911,
  "final_clip_score": 0.9121723175048828
}