{
  "sum_areas": 0.0319512262370755,
  "final_score": 0.8719642653867097,
  "final_size_score": 0.7864478300444177,
  "final_matched_text_score": 1.0,
  "final_position_score": 0.8897916666666668,
  "final_text_color_score": 0.752477885444021,
  "final_clip_score": 0.9311039447784424
}