{
  "sum_areas": 0.005,
  "final_score": 0.9390437674888521,
  "final_size_score": 0.9672309027777777,
  "final_matched_text_score": 1.0,
  "final_position_score": 0.9472222222222222,
  "final_text_color_score": 0.90567845124431,
  "final_clip_score": 0.8750872611999512
}