{
  "sum_areas": 0.33516662029839317,
  "final_score": 0.7769703028270311,
  "final_size_score": 0.3082056385565571,
  "final_matched_text_score": 0.9759790714278849,
  "final_position_score": 0.7225659294046689,
  "final_text_color_score": 0.9694722917916379,
  "final_clip_score": 0.9086285829544067
}