{
  "sum_areas": 0.25174354548201633,
  "final_score": 0.8800116089074245,
  "final_size_score": 0.9867903937099083,
  "final_matched_text_score": 0.98817929621881,
  "final_position_score": 0.8873003573095998,
  "final_text_color_score": 0.6259166832500367,
  "final_clip_score": 0.9118713140487671
}