{
  "sum_areas": 0.10556032103848559,
  "final_score": 0.8860597058153865,
  "final_size_score": 0.9809800335993057,
  "final_matched_text_score": 0.9547899405746234,
  "final_position_score": 0.8473063052666229,
  "final_text_color_score": 0.7135666300151028,
  "final_clip_score": 0.9336556196212769
}