{
  "sum_areas": 0.06868722547486641,
  "final_score": 0.899415130627427,
  "final_size_score": 0.9964941081681854,
  "final_matched_text_score": 0.9925255159535079,
  "final_position_score": 0.8968043193041372,
  "final_text_color_score": 0.6488294580099483,
  "final_clip_score": 0.962422251701355
}