{
  "sum_areas": 0.1361633469409637,
  "final_score": 0.8960629033848087,
  "final_size_score": 0.998482341048068,
  "final_matched_text_score": 0.9878687658717714,
  "final_position_score": 0.840112504938231,
  "final_text_color_score": 0.7171515146545954,
  "final_clip_score": 0.936699390411377
}