{
  "sum_areas": 0.10717404720815123,
  "final_score": 0.8704406892125797,
  "final_size_score": 0.8185085843655582,
  "final_matched_text_score": 0.9993006993006993,
  "final_position_score": 0.8761070200853893,
  "final_text_color_score": 0.7384699330674764,
  "final_clip_score": 0.9198172092437744
}