{
  "sum_areas": 0.4067474452107491,
  "final_score": 0.9016714598887129,
  "final_size_score": 0.9394598861697266,
  "final_matched_text_score": 0.9336507424549858,
  "final_position_score": 0.7610435749178549,
  "final_text_color_score": 0.9793601732134667,
  "final_clip_score": 0.8948429226875305
}