{
  "sum_areas": 0.10220413978345105,
  "final_score": 0.9030865929238028,
  "final_size_score": 0.9699302734634859,
  "final_matched_text_score": 0.9288317874692751,
  "final_position_score": 0.8907580731587645,
  "final_text_color_score": 0.7815290901023778,
  "final_clip_score": 0.9443837404251099
}