{
  "sum_areas": 0.19188112794463597,
  "final_score": 0.8677214779543587,
  "final_size_score": 0.5939219473826768,
  "final_matched_text_score": 0.9939475164883514,
  "final_position_score": 0.9135478789523649,
  "final_text_color_score": 0.9178353101434379,
  "final_clip_score": 0.9193547368049622
}