{
  "sum_areas": 0.12059205668831405,
  "final_score": 0.9161102386136989,
  "final_size_score": 0.9963049540669625,
  "final_matched_text_score": 0.9934640522875818,
  "final_position_score": 0.8490774041791482,
  "final_text_color_score": 0.7974594440948601,
  "final_clip_score": 0.9442453384399414
}