{
  "sum_areas": 0.1989381195606737,
  "final_score": 0.9141130662364315,
  "final_size_score": 0.9795691350804105,
  "final_matched_text_score": 0.9592477782742528,
  "final_position_score": 0.9197770517690315,
  "final_text_color_score": 0.8027050730096039,
  "final_clip_score": 0.9092662930488586
}