{
  "sum_areas": 0.11916586391936607,
  "final_score": 0.8932537404539125,
  "final_size_score": 0.7038966189239556,
  "final_matched_text_score": 0.9949019744712068,
  "final_position_score": 0.9316295033216505,
  "final_text_color_score": 0.9113847244339748,
  "final_clip_score": 0.9244558811187744
}