{
  "sum_areas": 0.13483980429292927,
  "final_score": 0.9066472404118674,
  "final_size_score": 0.9510394152605439,
  "final_matched_text_score": 0.9790006250976716,
  "final_position_score": 0.8029580493773202,
  "final_text_color_score": 0.8473282850914403,
  "final_clip_score": 0.9529098272323608
}