{
  "sum_areas": 0.034274693501696415,
  "final_score": 0.8835000978063754,
  "final_size_score": 0.6694468032213373,
  "final_matched_text_score": 1.0,
  "final_position_score": 0.938995587924864,
  "final_text_color_score": 0.8949323573575687,
  "final_clip_score": 0.9141257405281067
}