{
  "sum_areas": 0.12088779818272007,
  "final_score": 0.849631290018616,
  "final_size_score": 0.695521813912201,
  "final_matched_text_score": 0.9982905982905982,
  "final_position_score": 0.8167347207190957,
  "final_text_color_score": 0.872271468507855,
  "final_clip_score": 0.8653378486633301
}