{
  "sum_areas": 0.18871386553324393,
  "final_score": 0.854327854729136,
  "final_size_score": 0.6663465634388543,
  "final_matched_text_score": 0.9975345715558316,
  "final_position_score": 0.8412121251133147,
  "final_text_color_score": 0.8419689561760766,
  "final_clip_score": 0.9245770573616028
}