{
  "sum_areas": 0.27739931303879317,
  "final_score": 0.9074720961647147,
  "final_size_score": 0.993991814008445,
  "final_matched_text_score": 0.962324839695596,
  "final_position_score": 0.7196691078650489,
  "final_text_color_score": 0.9447348548097507,
  "final_clip_score": 0.9166398644447327
}