{
  "sum_areas": 0.08467811141805702,
  "final_score": 0.9405484622196356,
  "final_size_score": 0.9939763975701713,
  "final_matched_text_score": 0.9983932223196026,
  "final_position_score": 0.8928889099065354,
  "final_text_color_score": 0.9071779236434827,
  "final_clip_score": 0.9103058576583862
}