{
  "sum_areas": 0.20103608723252628,
  "final_score": 0.6710672206153526,
  "final_size_score": 0.10576260635859423,
  "final_matched_text_score": 0.9932432432432432,
  "final_position_score": 0.7685672103842898,
  "final_text_color_score": 0.7100885469167773,
  "final_clip_score": 0.7776744961738586
}