{
  "sum_areas": 0.31595776399156345,
  "final_score": 0.9341007264809864,
  "final_size_score": 1.0000000000000002,
  "final_matched_text_score": 0.9490527243821029,
  "final_position_score": 0.9641679358229488,
  "final_text_color_score": 0.8300572632383929,
  "final_clip_score": 0.9272257089614868
}