{
  "sum_areas": 0.03265726452129446,
  "final_score": 0.9187464238055715,
  "final_size_score": 0.8655616943364902,
  "final_matched_text_score": 0.9954594017094016,
  "final_position_score": 0.9174679960314405,
  "final_text_color_score": 0.8945093366886838,
  "final_clip_score": 0.9207336902618408
}