{
  "sum_areas": 0.056095041568910986,
  "final_score": 0.9182813183723518,
  "final_size_score": 0.8953869156287779,
  "final_matched_text_score": 0.965079792002869,
  "final_position_score": 0.8642427884615385,
  "final_text_color_score": 0.939458750622394,
  "final_clip_score": 0.9272383451461792
}