{
  "sum_areas": 0.1579379833030931,
  "final_score": 0.9113586114720853,
  "final_size_score": 0.984681340088175,
  "final_matched_text_score": 0.9708597046413503,
  "final_position_score": 0.8050756625087157,
  "final_text_color_score": 0.850104963784905,
  "final_clip_score": 0.9460713863372803
}