{
  "sum_areas": 0.12745084925850014,
  "final_score": 0.8284205443753045,
  "final_size_score": 0.6940520384867602,
  "final_matched_text_score": 0.9712588193476958,
  "final_position_score": 0.790172843051345,
  "final_text_color_score": 0.7705567255538622,
  "final_clip_score": 0.9160622954368591
}