{
  "sum_areas": 0.053433477037639454,
  "final_score": 0.7606006976940662,
  "final_size_score": 0.4100090608907272,
  "final_matched_text_score": 0.9932432432432432,
  "final_position_score": 0.7686662886853839,
  "final_text_color_score": 0.7624495988293828,
  "final_clip_score": 0.8686352968215942
}