{
  "sum_areas": 0.054869186620458255,
  "final_score": 0.9189387230791515,
  "final_size_score": 0.9149739978352502,
  "final_matched_text_score": 0.9990636704119851,
  "final_position_score": 0.8794798333107949,
  "final_text_color_score": 0.8857205340800359,
  "final_clip_score": 0.9154555797576904
}