{
  "sum_areas": 0.20884079392871266,
  "final_score": 0.9145624297070705,
  "final_size_score": 0.9476889672610136,
  "final_matched_text_score": 0.9786998244639383,
  "final_position_score": 0.8706043536002371,
  "final_text_color_score": 0.8537376519299504,
  "final_clip_score": 0.9220813512802124
}