{
  "sum_areas": 0.40220707364341085,
  "final_score": 0.7773111360621374,
  "final_size_score": 0.3073866049657691,
  "final_matched_text_score": 0.9988783433994823,
  "final_position_score": 0.88235801501088,
  "final_text_color_score": 0.885243352978104,
  "final_clip_score": 0.8126893639564514
}