{
  "sum_areas": 0.10836491803651832,
  "final_score": 0.894842334575181,
  "final_size_score": 0.7920674763542106,
  "final_matched_text_score": 0.983124967844832,
  "final_position_score": 0.8670483257707239,
  "final_text_color_score": 0.9216688003403725,
  "final_clip_score": 0.9103021025657654
}