{
  "sum_areas": 0.5117627964548885,
  "final_score": 0.7690878300984506,
  "final_size_score": 0.3419627980706588,
  "final_matched_text_score": 0.9365532361865558,
  "final_position_score": 0.8574610710463945,
  "final_text_color_score": 0.8199045047719263,
  "final_clip_score": 0.8895575404167175
}