{
  "sum_areas": 0.36325748148574194,
  "final_score": 0.9037899350925396,
  "final_size_score": 0.9952976982978207,
  "final_matched_text_score": 0.9663960838865313,
  "final_position_score": 0.7915916267286192,
  "final_text_color_score": 0.821625637017866,
  "final_clip_score": 0.9440386295318604
}