{
  "sum_areas": 0.2357643530383353,
  "final_score": 0.8980923216659392,
  "final_size_score": 0.9984860184139894,
  "final_matched_text_score": 0.981193939948151,
  "final_position_score": 0.8839095422527429,
  "final_text_color_score": 0.7181658003036183,
  "final_clip_score": 0.9087063074111938
}