{
  "sum_areas": 0.12712920215026657,
  "final_score": 0.8577821363922361,
  "final_size_score": 0.6834605368172043,
  "final_matched_text_score": 0.9530006627974543,
  "final_position_score": 0.8986608764619843,
  "final_text_color_score": 0.8032941376724091,
  "final_clip_score": 0.9504944682121277
}