{
  "sum_areas": 0.37478274852367294,
  "final_score": 0.8349498211635962,
  "final_size_score": 0.8656275312888387,
  "final_matched_text_score": 0.9804732111737184,
  "final_position_score": 0.5629032591493582,
  "final_text_color_score": 0.8637292393569739,
  "final_clip_score": 0.9020158648490906
}