{
  "sum_areas": 0.2142238007375985,
  "final_score": 0.836492243584573,
  "final_size_score": 0.6645877167135864,
  "final_matched_text_score": 0.9824861344167245,
  "final_position_score": 0.8427769248224537,
  "final_text_color_score": 0.740288078116645,
  "final_clip_score": 0.9523223638534546
}