{
  "sum_areas": 0.18926141973046612,
  "final_score": 0.9613825892330556,
  "final_size_score": 0.9999999999999999,
  "final_matched_text_score": 0.9997781721384206,
  "final_position_score": 0.9422460575509908,
  "final_text_color_score": 0.9260294325517643,
  "final_clip_score": 0.9388592839241028
}