{
  "sum_areas": 0.15573220426822765,
  "final_score": 0.9024536571921944,
  "final_size_score": 0.9804576818669609,
  "final_matched_text_score": 0.9944982481202366,
  "final_position_score": 0.7986089534958847,
  "final_text_color_score": 0.8157767977301174,
  "final_clip_score": 0.9229266047477722
}