{
  "sum_areas": 0.09132403735839904,
  "final_score": 0.8778355632000076,
  "final_size_score": 1.0000000000000002,
  "final_matched_text_score": 0.975524160585772,
  "final_position_score": 0.9359181985637035,
  "final_text_color_score": 0.5381765932107299,
  "final_clip_score": 0.9395588636398315
}