{
  "sum_areas": 0.3385581629061402,
  "final_score": 0.8239645024461787,
  "final_size_score": 0.7381760670638842,
  "final_matched_text_score": 0.9558334824316287,
  "final_position_score": 0.7448004356803818,
  "final_text_color_score": 0.764308110779974,
  "final_clip_score": 0.9167044162750244
}