{
  "sum_areas": 0.09479428935989075,
  "final_score": 0.9142477211581307,
  "final_size_score": 0.9836320914666192,
  "final_matched_text_score": 0.9400733359790168,
  "final_position_score": 0.8696915388887748,
  "final_text_color_score": 0.8376245617241566,
  "final_clip_score": 0.9402170777320862
}