{
  "sum_areas": 0.5489294556510733,
  "final_score": 0.8989287048944565,
  "final_size_score": 0.998091940414005,
  "final_matched_text_score": 0.9004112329149188,
  "final_position_score": 0.9184095371808252,
  "final_text_color_score": 0.7458322200599453,
  "final_clip_score": 0.9318985939025879
}