{
  "sum_areas": 0.8855945823078609,
  "final_score": 0.8964511761491464,
  "final_size_score": 0.8589119244314073,
  "final_matched_text_score": 0.9636181862926049,
  "final_position_score": 0.8895293935977456,
  "final_text_color_score": 0.9116917234469845,
  "final_clip_score": 0.8585046529769897
}