{
  "sum_areas": 0.23588774888984385,
  "final_score": 0.784183176336493,
  "final_size_score": 0.4794368908912719,
  "final_matched_text_score": 0.9122651542006381,
  "final_position_score": 0.7898603575777111,
  "final_text_color_score": 0.8091112981885639,
  "final_clip_score": 0.9302421808242798
}