{
  "sum_areas": 0.5032800193181592,
  "final_score": 0.837323633910955,
  "final_size_score": 0.7378351214700254,
  "final_matched_text_score": 0.8691897602824885,
  "final_position_score": 0.8842262308161356,
  "final_text_color_score": 0.7594943829977828,
  "final_clip_score": 0.9358726739883423
}