{
  "sum_areas": 0.31369174295007146,
  "final_score": 0.890228511471152,
  "final_size_score": 0.7504215692015787,
  "final_matched_text_score": 0.9934262569231446,
  "final_position_score": 0.9068282094980056,
  "final_text_color_score": 0.9074365935256339,
  "final_clip_score": 0.8930299282073975
}