{
  "sum_areas": 0.22108969641967627,
  "final_score": 0.8773870103992,
  "final_size_score": 0.7504212749734873,
  "final_matched_text_score": 0.9933931323383657,
  "final_position_score": 0.8592950078141676,
  "final_text_color_score": 0.8474507937494037,
  "final_clip_score": 0.936374843120575
}