{
  "sum_areas": 0.18254936364126106,
  "final_score": 0.7818539244330255,
  "final_size_score": 0.26276482806058504,
  "final_matched_text_score": 0.9414462081128747,
  "final_position_score": 0.8003702733101191,
  "final_text_color_score": 0.9687954923232719,
  "final_clip_score": 0.9358928203582764
}