{
  "sum_areas": 0.3636164932764968,
  "final_score": 0.938629122421337,
  "final_size_score": 0.987893673314432,
  "final_matched_text_score": 0.9910588273843443,
  "final_position_score": 0.8838640420166632,
  "final_text_color_score": 0.9160404889736128,
  "final_clip_score": 0.9142885804176331
}