{
  "sum_areas": 0.10468815311092901,
  "final_score": 0.8681551613637993,
  "final_size_score": 0.8082288305744885,
  "final_matched_text_score": 0.9986225895316804,
  "final_position_score": 0.8664865350277204,
  "final_text_color_score": 0.7384473684011099,
  "final_clip_score": 0.9289904832839966
}