{
  "sum_areas": 0.1597370758512454,
  "final_score": 0.8369552893526246,
  "final_size_score": 0.6723079561447491,
  "final_matched_text_score": 0.972675490599366,
  "final_position_score": 0.7842779606943624,
  "final_text_color_score": 0.8136344555615229,
  "final_clip_score": 0.9418805837631226
}