{
  "sum_areas": 0.17842794597109135,
  "final_score": 0.8844508819085086,
  "final_size_score": 0.9947577604810961,
  "final_matched_text_score": 0.9951635191156148,
  "final_position_score": 0.7644903519822077,
  "final_text_color_score": 0.7219196879825446,
  "final_clip_score": 0.9459230899810791
}