{
  "sum_areas": 0.09826137460889037,
  "final_score": 0.9113261550470521,
  "final_size_score": 0.8396759909820231,
  "final_matched_text_score": 0.9836827614826291,
  "final_position_score": 0.9204317790725981,
  "final_text_color_score": 0.8779631460913508,
  "final_clip_score": 0.9348770976066589
}