{
  "sum_areas": 0.1853441621607295,
  "final_score": 0.9032491548316659,
  "final_size_score": 0.8671812092001466,
  "final_matched_text_score": 0.9973277129950626,
  "final_position_score": 0.91259624430829,
  "final_text_color_score": 0.8601901310084064,
  "final_clip_score": 0.8789504766464233
}