{
  "sum_areas": 0.06914285339088508,
  "final_score": 0.8657048294569949,
  "final_size_score": 0.9899275505044052,
  "final_matched_text_score": 0.9925255159535079,
  "final_position_score": 0.8968043193041372,
  "final_text_color_score": 0.4920402467066398,
  "final_clip_score": 0.9572265148162842
}