{
  "sum_areas": 0.2976985217372666,
  "final_score": 0.9163493493451047,
  "final_size_score": 0.9918110193411008,
  "final_matched_text_score": 0.9896079877514401,
  "final_position_score": 0.8344026291394192,
  "final_text_color_score": 0.8773384701355912,
  "final_clip_score": 0.8885866403579712
}