{
  "sum_areas": 0.3263397252413614,
  "final_score": 0.8859388781646029,
  "final_size_score": 0.843788948260922,
  "final_matched_text_score": 0.9652165719421376,
  "final_position_score": 0.9031131551033424,
  "final_text_color_score": 0.791282223199412,
  "final_clip_score": 0.9262934923171997
}