{
  "sum_areas": 0.47953211309178995,
  "final_score": 0.8003467014358775,
  "final_size_score": 0.3897859110667149,
  "final_matched_text_score": 0.9479670708635775,
  "final_position_score": 0.9047928948484389,
  "final_text_color_score": 0.815667442069052,
  "final_clip_score": 0.943520188331604
}