{
  "sum_areas": 0.09545998407472961,
  "final_score": 0.9400908448988056,
  "final_size_score": 0.999924271774486,
  "final_matched_text_score": 0.9865620490620491,
  "final_position_score": 0.8898912484352162,
  "final_text_color_score": 0.9228747514022378,
  "final_clip_score": 0.9012019038200378
}