{
  "sum_areas": 0.03151874920859227,
  "final_score": 0.8760219593939809,
  "final_size_score": 0.7866543834931023,
  "final_matched_text_score": 1.0,
  "final_position_score": 0.8948423647255913,
  "final_text_color_score": 0.752477885444021,
  "final_clip_score": 0.9461351633071899
}