{
  "sum_areas": 0.23208304262142582,
  "final_score": 0.9177002190701927,
  "final_size_score": 0.9999999999999999,
  "final_matched_text_score": 0.9965884796909728,
  "final_position_score": 0.876386239464579,
  "final_text_color_score": 0.8238677124457171,
  "final_clip_score": 0.8916586637496948
}