{
  "sum_areas": 0.022127821180555556,
  "final_score": 0.9341551174278195,
  "final_size_score": 1.0,
  "final_matched_text_score": 1.0,
  "final_position_score": 0.7899305555555556,
  "final_text_color_score": 0.9960362528207245,
  "final_clip_score": 0.8848087787628174
}