{
  "sum_areas": 0.1165027601811468,
  "final_score": 0.8888044518933967,
  "final_size_score": 0.982766470457209,
  "final_matched_text_score": 0.9547899405746234,
  "final_position_score": 0.8481949250071352,
  "final_text_color_score": 0.725258557133155,
  "final_clip_score": 0.9330123662948608
}