{
  "sum_areas": 0.10347896970674597,
  "final_score": 0.8975326456157625,
  "final_size_score": 0.9703007234909908,
  "final_matched_text_score": 0.9288317874692751,
  "final_position_score": 0.8569241201677607,
  "final_text_color_score": 0.7854194583933519,
  "final_clip_score": 0.9461871385574341
}