{
  "sum_areas": 0.35733355537895783,
  "final_score": 0.8881049656560868,
  "final_size_score": 0.9545950884231721,
  "final_matched_text_score": 0.9514569178635038,
  "final_position_score": 0.8841324569379772,
  "final_text_color_score": 0.7114975320136352,
  "final_clip_score": 0.9388428330421448
}