{
  "sum_areas": 0.30993871402838763,
  "final_score": 0.9252617632053588,
  "final_size_score": 0.9946031519148785,
  "final_matched_text_score": 0.9396950466224329,
  "final_position_score": 0.8688559508044031,
  "final_text_color_score": 0.8663645770778406,
  "final_clip_score": 0.9567900896072388
}