{
  "sum_areas": 0.17690344004243125,
  "final_score": 0.8582804656260153,
  "final_size_score": 0.6902211964420021,
  "final_matched_text_score": 0.9513453051049771,
  "final_position_score": 0.8211005487566854,
  "final_text_color_score": 0.9016924359150962,
  "final_clip_score": 0.9270428419113159
}