{
  "sum_areas": 0.30713440279049303,
  "final_score": 0.8966988886130708,
  "final_size_score": 0.980459449279733,
  "final_matched_text_score": 0.9376988342115428,
  "final_position_score": 0.8271072558534536,
  "final_text_color_score": 0.7954550251462522,
  "final_clip_score": 0.9427738785743713
}