{
  "sum_areas": 0.2777635899902187,
  "final_score": 0.904983118649703,
  "final_size_score": 0.962717257610834,
  "final_matched_text_score": 0.9759328288431129,
  "final_position_score": 0.8772749426458712,
  "final_text_color_score": 0.7870162628105007,
  "final_clip_score": 0.9219743013381958
}