{
  "sum_areas": 0.3358855168294271,
  "final_score": 0.9411659729457353,
  "final_size_score": 0.9947534804060181,
  "final_matched_text_score": 0.9971684704122435,
  "final_position_score": 0.9423439026612913,
  "final_text_color_score": 0.8679971739383332,
  "final_clip_score": 0.903566837310791
}