{
  "sum_areas": 0.096120540062327,
  "final_score": 0.7550597042115286,
  "final_size_score": 0.3351379405820775,
  "final_matched_text_score": 0.9462668298653611,
  "final_position_score": 0.7252824963813499,
  "final_text_color_score": 0.8712816853659386,
  "final_clip_score": 0.897329568862915
}