{
  "sum_areas": 0.23188669545778653,
  "final_score": 0.8847787473505022,
  "final_size_score": 0.9683198745250997,
  "final_matched_text_score": 0.9846202768739949,
  "final_position_score": 0.8539188375871256,
  "final_text_color_score": 0.755076840089594,
  "final_clip_score": 0.8619579076766968
}