{
  "sum_areas": 0.21611529332398483,
  "final_score": 0.8559150733448823,
  "final_size_score": 0.8813840044422926,
  "final_matched_text_score": 0.9929393261450992,
  "final_position_score": 0.780599401439046,
  "final_text_color_score": 0.7821698890505431,
  "final_clip_score": 0.8424827456474304
}