{
  "sum_areas": 0.07697167596223908,
  "final_score": 0.8780517764349816,
  "final_size_score": 1.0,
  "final_matched_text_score": 0.9755926051603011,
  "final_position_score": 0.9442452129141486,
  "final_text_color_score": 0.5483270766355531,
  "final_clip_score": 0.9220939874649048
}