{
  "sum_areas": 0.28362383053509216,
  "final_score": 0.8779725482408115,
  "final_size_score": 0.9825490826518258,
  "final_matched_text_score": 0.8660978250473195,
  "final_position_score": 0.747479368449968,
  "final_text_color_score": 0.8620005322279483,
  "final_clip_score": 0.9317359328269958
}