{
  "sum_areas": 0.20461633917297983,
  "final_score": 0.9130912606298378,
  "final_size_score": 1.0000000000000002,
  "final_matched_text_score": 0.9205097572693142,
  "final_position_score": 0.7871601167929293,
  "final_text_color_score": 0.9814017535841678,
  "final_clip_score": 0.8763846755027771
}