{
  "sum_areas": 0.5409693476565003,
  "final_score": 0.9481074186072382,
  "final_size_score": 0.999135622244711,
  "final_matched_text_score": 0.9698806927693632,
  "final_position_score": 0.8894839120770541,
  "final_text_color_score": 0.9557349097683049,
  "final_clip_score": 0.9263019561767578
}