{
  "sum_areas": 0.14576247551204635,
  "final_score": 0.9010749282898121,
  "final_size_score": 0.9715656994272769,
  "final_matched_text_score": 0.9957978385251113,
  "final_position_score": 0.8179292042215308,
  "final_text_color_score": 0.8143161870139408,
  "final_clip_score": 0.9057657122612
}