{
  "sum_areas": 0.2039312941106569,
  "final_score": 0.7536053563075434,
  "final_size_score": 0.46201680679006135,
  "final_matched_text_score": 0.9049544817042046,
  "final_position_score": 0.8994848793960273,
  "final_text_color_score": 0.6792955711135489,
  "final_clip_score": 0.8222750425338745
}