{
  "sum_areas": 0.6760947457337582,
  "final_score": 0.8786441682013211,
  "final_size_score": 0.9980824561180702,
  "final_matched_text_score": 0.8929637609100602,
  "final_position_score": 0.7437248583947345,
  "final_text_color_score": 0.8090755070655212,
  "final_clip_score": 0.949374258518219
}