{
  "sum_areas": 0.3106682712541175,
  "final_score": 0.843048821437723,
  "final_size_score": 0.6302565136963783,
  "final_matched_text_score": 0.9418268021108115,
  "final_position_score": 0.7806999053419651,
  "final_text_color_score": 0.9578761206051942,
  "final_clip_score": 0.9045847654342651
}