{
  "sum_areas": 0.37901954970803925,
  "final_score": 0.8950479552144313,
  "final_size_score": 0.996564973731441,
  "final_matched_text_score": 0.9507008540118039,
  "final_position_score": 0.8999666705316357,
  "final_text_color_score": 0.7629385441051059,
  "final_clip_score": 0.8650687336921692
}