{
  "sum_areas": 0.21625468015310806,
  "final_score": 0.9407271531626707,
  "final_size_score": 0.9975701053330676,
  "final_matched_text_score": 0.9821851921537881,
  "final_position_score": 0.9577030191629815,
  "final_text_color_score": 0.8205786084500155,
  "final_clip_score": 0.945598840713501
}