{
  "sum_areas": 0.40937732870234744,
  "final_score": 0.7827747350576602,
  "final_size_score": 0.36332653845250257,
  "final_matched_text_score": 0.9519696038740715,
  "final_position_score": 0.8675216264743276,
  "final_text_color_score": 0.8393936664590176,
  "final_clip_score": 0.8916622400283813
}