{
  "sum_areas": 0.37410561023817746,
  "final_score": 0.9221154529504461,
  "final_size_score": 0.9959734816355452,
  "final_matched_text_score": 0.9828690092126064,
  "final_position_score": 0.897118128547614,
  "final_text_color_score": 0.8622907481396674,
  "final_clip_score": 0.8723258972167969
}