{
  "sum_areas": 0.30931982416278625,
  "final_score": 0.8703811737348947,
  "final_size_score": 0.7112271679704801,
  "final_matched_text_score": 0.9827158452238532,
  "final_position_score": 0.9437611630238024,
  "final_text_color_score": 0.8226423300448383,
  "final_clip_score": 0.891559362411499
}