{
  "sum_areas": 0.177541173465882,
  "final_score": 0.9591532901627681,
  "final_size_score": 1.0000000000000002,
  "final_matched_text_score": 0.9997781721384206,
  "final_position_score": 0.9534009809894609,
  "final_text_color_score": 0.8891753609260089,
  "final_clip_score": 0.9534119367599487
}