{
  "sum_areas": 0.2891319444444444,
  "final_score": 0.8132332411075247,
  "final_size_score": 0.6025541911853007,
  "final_matched_text_score": 0.9419177330110668,
  "final_position_score": 0.9158888888888889,
  "final_text_color_score": 0.7417332484208418,
  "final_clip_score": 0.8640721440315247
}