{
  "sum_areas": 0.15192160170004243,
  "final_score": 0.8403607499487316,
  "final_size_score": 0.6364704843340353,
  "final_matched_text_score": 0.9581592295269271,
  "final_position_score": 0.8540975048474604,
  "final_text_color_score": 0.8181830421512623,
  "final_clip_score": 0.9348934888839722
}