{
  "sum_areas": 0.1902368335270203,
  "final_score": 0.8560636977908639,
  "final_size_score": 0.6695518505034969,
  "final_matched_text_score": 0.9938239964166851,
  "final_position_score": 0.8415527796621475,
  "final_text_color_score": 0.8470892432466235,
  "final_clip_score": 0.9283006191253662
}