{
  "sum_areas": 0.36762922734804093,
  "final_score": 0.9083332433029719,
  "final_size_score": 0.9966123818205143,
  "final_matched_text_score": 0.9547827004962526,
  "final_position_score": 0.9196295813156435,
  "final_text_color_score": 0.7342045421173734,
  "final_clip_score": 0.9364370107650757
}