{
  "sum_areas": 0.4051371419362248,
  "final_score": 0.9150762743679544,
  "final_size_score": 0.9425542839318858,
  "final_matched_text_score": 0.958002007816566,
  "final_position_score": 0.9388208298978191,
  "final_text_color_score": 0.8274635244854929,
  "final_clip_score": 0.9085407257080078
}