{
  "sum_areas": 0.21137316728679456,
  "final_score": 0.8867272261849323,
  "final_size_score": 0.9761282872224707,
  "final_matched_text_score": 0.9498434194144649,
  "final_position_score": 0.9251290988880557,
  "final_text_color_score": 0.6888988603270386,
  "final_clip_score": 0.8936364650726318
}