{
  "sum_areas": 0.053008654007005655,
  "final_score": 0.7205923390593796,
  "final_size_score": 0.4051574137916961,
  "final_matched_text_score": 0.9932432432432432,
  "final_position_score": 0.7685237169952849,
  "final_text_color_score": 0.580330331501506,
  "final_clip_score": 0.8557069897651672
}