{
  "sum_areas": 0.03206975887420651,
  "final_score": 0.9179316267488518,
  "final_size_score": 0.882910872668225,
  "final_matched_text_score": 0.9954594017094016,
  "final_position_score": 0.9144408523517146,
  "final_text_color_score": 0.8945093366886838,
  "final_clip_score": 0.9023376703262329
}