{
  "sum_areas": 0.054784893019080495,
  "final_score": 0.9200429093631872,
  "final_size_score": 0.9147203992321029,
  "final_matched_text_score": 0.9996807151979566,
  "final_position_score": 0.8801329122871306,
  "final_text_color_score": 0.8946504064016939,
  "final_clip_score": 0.911030113697052
}