{
  "sum_areas": 0.27281957165948284,
  "final_score": 0.9086105430779434,
  "final_size_score": 0.99389095636897,
  "final_matched_text_score": 0.9648150597202759,
  "final_position_score": 0.7196691078650489,
  "final_text_color_score": 0.9447348548097507,
  "final_clip_score": 0.9199427366256714
}