{
  "sum_areas": 0.31458481035063895,
  "final_score": 0.9397901346934081,
  "final_size_score": 1.0,
  "final_matched_text_score": 0.9507955910684358,
  "final_position_score": 0.9648168823054587,
  "final_text_color_score": 0.8564127197273929,
  "final_clip_score": 0.9269254803657532
}