{
  "sum_areas": 0.14365718871778513,
  "final_score": 0.9261762543312613,
  "final_size_score": 0.9820659836123159,
  "final_matched_text_score": 0.9764975450189484,
  "final_position_score": 0.9358374800836801,
  "final_text_color_score": 0.7938118845882426,
  "final_clip_score": 0.9426683783531189
}