{
  "sum_areas": 0.43228073681395635,
  "final_score": 0.8513342066420869,
  "final_size_score": 0.8066544666683229,
  "final_matched_text_score": 0.8923280255567891,
  "final_position_score": 0.8926464132250532,
  "final_text_color_score": 0.7380143658240818,
  "final_clip_score": 0.9270277619361877
}