{
  "sum_areas": 0.19254858450455276,
  "final_score": 0.9249885388555136,
  "final_size_score": 0.9953461909904185,
  "final_matched_text_score": 0.9901599213083937,
  "final_position_score": 0.8777594204550824,
  "final_text_color_score": 0.8621645129412144,
  "final_clip_score": 0.8995126485824585
}