{
  "sum_areas": 0.19233269764216365,
  "final_score": 0.9628073324981449,
  "final_size_score": 0.9999999999999999,
  "final_matched_text_score": 0.9995577178239717,
  "final_position_score": 0.9460044075275741,
  "final_text_color_score": 0.9184141695549499,
  "final_clip_score": 0.9500603675842285
}