{
  "sum_areas": 0.16784320888676613,
  "final_score": 0.9421186571761084,
  "final_size_score": 1.0000000000000002,
  "final_matched_text_score": 0.9977072748750079,
  "final_position_score": 0.9027344248767843,
  "final_text_color_score": 0.8480888696446797,
  "final_clip_score": 0.9620627164840698
}