{
  "sum_areas": 0.16104849384273637,
  "final_score": 0.9171540569744606,
  "final_size_score": 1.0,
  "final_matched_text_score": 0.990915664129036,
  "final_position_score": 0.7282035533365923,
  "final_text_color_score": 0.9662503692217077,
  "final_clip_score": 0.900400698184967
}