{
  "sum_areas": 0.10017050900053329,
  "final_score": 0.9244078348201065,
  "final_size_score": 0.9481714865594737,
  "final_matched_text_score": 0.9872182655273634,
  "final_position_score": 0.9022382432536044,
  "final_text_color_score": 0.887073384456197,
  "final_clip_score": 0.897337794303894
}