{
  "sum_areas": 0.37436106097372757,
  "final_score": 0.822116857789867,
  "final_size_score": 0.6041438189797677,
  "final_matched_text_score": 0.8859113265224519,
  "final_position_score": 0.8200986048617457,
  "final_text_color_score": 0.8738610171582152,
  "final_clip_score": 0.9265695214271545
}