{
  "sum_areas": 0.24293648346125735,
  "final_score": 0.9469964154154683,
  "final_size_score": 0.9935682776924315,
  "final_matched_text_score": 0.959816054278164,
  "final_position_score": 0.8501758954678363,
  "final_text_color_score": 0.9793352817601865,
  "final_clip_score": 0.9520865678787231
}