{
  "sum_areas": 0.4893780312815995,
  "final_score": 0.9600019992192981,
  "final_size_score": 0.9960338223550219,
  "final_matched_text_score": 0.9938062720218973,
  "final_position_score": 0.8823530611451834,
  "final_text_color_score": 0.9946108783932965,
  "final_clip_score": 0.9332059621810913
}