{
  "sum_areas": 0.058800417155819705,
  "final_score": 0.9359914041744727,
  "final_size_score": 0.9936451631457157,
  "final_matched_text_score": 0.9947541409726284,
  "final_position_score": 0.9483269650841155,
  "final_text_color_score": 0.8075157915716377,
  "final_clip_score": 0.9357149600982666
}