{
  "sum_areas": 0.23850480403348553,
  "final_score": 0.9071249488749168,
  "final_size_score": 0.8738077906797025,
  "final_matched_text_score": 0.9512832023937614,
  "final_position_score": 0.901011172069014,
  "final_text_color_score": 0.9403423171433305,
  "final_clip_score": 0.8691802620887756
}