{
  "sum_areas": 0.30534327283124735,
  "final_score": 0.9569997901580161,
  "final_size_score": 0.9854103897545015,
  "final_matched_text_score": 0.9459949163497463,
  "final_position_score": 0.8920236652484971,
  "final_text_color_score": 0.9851947572312199,
  "final_clip_score": 0.9763752222061157
}