{
  "sum_areas": 0.07675998263888889,
  "final_score": 0.9183100549254078,
  "final_size_score": 1.0,
  "final_matched_text_score": 0.9229189398719494,
  "final_position_score": 0.8501984126984128,
  "final_text_color_score": 0.9587736079010983,
  "final_clip_score": 0.8596593141555786
}