{
  "sum_areas": 0.3733305082229488,
  "final_score": 0.788588978207503,
  "final_size_score": 0.40132090270679205,
  "final_matched_text_score": 0.9797304484811644,
  "final_position_score": 0.8162082269256565,
  "final_text_color_score": 0.8698637225003176,
  "final_clip_score": 0.875821590423584
}