{
  "sum_areas": 0.3572514927103625,
  "final_score": 0.9053235330773494,
  "final_size_score": 0.992669706653765,
  "final_matched_text_score": 0.9103617417648507,
  "final_position_score": 0.87034375,
  "final_text_color_score": 0.8362430673061138,
  "final_clip_score": 0.9169993996620178
}