{
  "sum_areas": 0.19973004094455715,
  "final_score": 0.891873710924158,
  "final_size_score": 0.9117920761158468,
  "final_matched_text_score": 0.9867113842629308,
  "final_position_score": 0.8065986283419484,
  "final_text_color_score": 0.8208483707882164,
  "final_clip_score": 0.9334180951118469
}