{
  "sum_areas": 0.21779594159582305,
  "final_score": 0.9162189047675506,
  "final_size_score": 0.8848026486919434,
  "final_matched_text_score": 0.9555945785083593,
  "final_position_score": 0.8907054108518242,
  "final_text_color_score": 0.9446821490569584,
  "final_clip_score": 0.9053097367286682
}