{
  "sum_areas": 0.3056002348171886,
  "final_score": 0.8391490485700122,
  "final_size_score": 0.9958183306469425,
  "final_matched_text_score": 0.9828405850822473,
  "final_position_score": 0.6831709378302697,
  "final_text_color_score": 0.6426410562904181,
  "final_clip_score": 0.8912743330001831
}