{
  "sum_areas": 0.03284959053340992,
  "final_score": 0.9244809342430028,
  "final_size_score": 0.9407654982875763,
  "final_matched_text_score": 1.0,
  "final_position_score": 0.952967780666737,
  "final_text_color_score": 0.7777543271171155,
  "final_clip_score": 0.9509170651435852
}