{
  "sum_areas": 0.5049506448916666,
  "final_score": 0.923601814590948,
  "final_size_score": 0.9983963059312216,
  "final_matched_text_score": 0.9652466806441674,
  "final_position_score": 0.8710914028960715,
  "final_text_color_score": 0.9073956341821319,
  "final_clip_score": 0.8758790493011475
}