{
  "sum_areas": 0.10728439252320762,
  "final_score": 0.8812916099033427,
  "final_size_score": 0.8051553331785228,
  "final_matched_text_score": 0.9847146401985112,
  "final_position_score": 0.8983918999485445,
  "final_text_color_score": 0.7755034195383025,
  "final_clip_score": 0.942692756652832
}