{
  "sum_areas": 0.1316278783137728,
  "final_score": 0.88318260655543,
  "final_size_score": 0.9363425482781412,
  "final_matched_text_score": 0.9943715849189534,
  "final_position_score": 0.7686987270734594,
  "final_text_color_score": 0.7866479252684364,
  "final_clip_score": 0.9298522472381592
}