{
  "sum_areas": 0.1722637348790323,
  "final_score": 0.9165362645928532,
  "final_size_score": 0.9989921784104295,
  "final_matched_text_score": 0.9816195532109666,
  "final_position_score": 0.8749914216732092,
  "final_text_color_score": 0.8356834352870308,
  "final_clip_score": 0.8913947343826294
}