{
  "sum_areas": 0.27859749979039394,
  "final_score": 0.7959655572972553,
  "final_size_score": 0.46039131447672565,
  "final_matched_text_score": 0.9588823012736056,
  "final_position_score": 0.8369212321263283,
  "final_text_color_score": 0.8475568959574864,
  "final_clip_score": 0.8760760426521301
}