{
  "sum_areas": 0.1156618806357351,
  "final_score": 0.9641947652749936,
  "final_size_score": 1.0,
  "final_matched_text_score": 0.9813314775200607,
  "final_position_score": 0.9497066579108798,
  "final_text_color_score": 0.9449493475602384,
  "final_clip_score": 0.9449863433837891
}