{
  "sum_areas": 0.154129912794205,
  "final_score": 0.8743368483434312,
  "final_size_score": 0.8736525214535517,
  "final_matched_text_score": 0.9845408335557532,
  "final_position_score": 0.7960398528906035,
  "final_text_color_score": 0.7948322870597399,
  "final_clip_score": 0.9226187467575073
}