{
  "sum_areas": 0.21983295967623864,
  "final_score": 0.8631148185892727,
  "final_size_score": 0.649680719067868,
  "final_matched_text_score": 0.984270960989653,
  "final_position_score": 0.8889560026689568,
  "final_text_color_score": 0.8673903095843569,
  "final_clip_score": 0.9252761006355286
}