{
  "sum_areas": 0.23180831161328458,
  "final_score": 0.7730355005607582,
  "final_size_score": 0.4578889298491818,
  "final_matched_text_score": 0.895527697833938,
  "final_position_score": 0.8334190939380912,
  "final_text_color_score": 0.8156576505139393,
  "final_clip_score": 0.8626841306686401
}