{
  "sum_areas": 0.28351948317034714,
  "final_score": 0.9302348524260918,
  "final_size_score": 0.9960341624221082,
  "final_matched_text_score": 0.9773802752525685,
  "final_position_score": 0.9324209792534464,
  "final_text_color_score": 0.7727643131703232,
  "final_clip_score": 0.9725745320320129
}