{
  "sum_areas": 0.5620292687237731,
  "final_score": 0.9112258966233331,
  "final_size_score": 0.9839813036589363,
  "final_matched_text_score": 0.9568870330389742,
  "final_position_score": 0.9392633867483775,
  "final_text_color_score": 0.7793605583611726,
  "final_clip_score": 0.8966372013092041
}