{
  "sum_areas": 0.03158420138888889,
  "final_score": 0.9374427012482841,
  "final_size_score": 0.9758829187852136,
  "final_matched_text_score": 1.0,
  "final_position_score": 0.8458333333333333,
  "final_text_color_score": 0.9839651214972933,
  "final_clip_score": 0.8815321326255798
}