{
  "sum_areas": 0.02230004354710032,
  "final_score": 0.9012097942995505,
  "final_size_score": 0.9124337661797554,
  "final_matched_text_score": 1.0,
  "final_position_score": 0.9062677436451432,
  "final_text_color_score": 0.7584110994063131,
  "final_clip_score": 0.9289363622665405
}