{
  "sum_areas": 0.36488811094684087,
  "final_score": 0.9297987274595173,
  "final_size_score": 0.9860122101746452,
  "final_matched_text_score": 0.9914483387522233,
  "final_position_score": 0.8723758499651688,
  "final_text_color_score": 0.8434273962195741,
  "final_clip_score": 0.9557298421859741
}