{
  "sum_areas": 0.1928949739443275,
  "final_score": 0.8906714226052792,
  "final_size_score": 0.9959404714959675,
  "final_matched_text_score": 0.9430705532151108,
  "final_position_score": 0.8432421428872439,
  "final_text_color_score": 0.7455163509189489,
  "final_clip_score": 0.9255875945091248
}