{
  "sum_areas": 0.2182703902527886,
  "final_score": 0.877136796493037,
  "final_size_score": 0.9914340161779014,
  "final_matched_text_score": 0.9835133958229484,
  "final_position_score": 0.7221684809210384,
  "final_text_color_score": 0.7745206695184247,
  "final_clip_score": 0.9140474200248718
}