{
  "sum_areas": 0.08460571418366097,
  "final_score": 0.9207627654352187,
  "final_size_score": 0.9511686856189382,
  "final_matched_text_score": 0.9574766887012991,
  "final_position_score": 0.9391190754940866,
  "final_text_color_score": 0.852488262096877,
  "final_clip_score": 0.9035611152648926
}