{
  "sum_areas": 0.18094141574277042,
  "final_score": 0.8463815180935761,
  "final_size_score": 0.8296717265168566,
  "final_matched_text_score": 0.9754374717452986,
  "final_position_score": 0.8375942763135994,
  "final_text_color_score": 0.713744266057684,
  "final_clip_score": 0.8754598498344421
}