{
  "sum_areas": 0.21970772533995134,
  "final_score": 0.868290217740875,
  "final_size_score": 0.8492488519111127,
  "final_matched_text_score": 0.9905976821637925,
  "final_position_score": 0.874685670640747,
  "final_text_color_score": 0.7019774634336081,
  "final_clip_score": 0.9249414205551147
}