{
  "sum_areas": 0.5163888704978814,
  "final_score": 0.9446180293340914,
  "final_size_score": 0.9986276624114124,
  "final_matched_text_score": 0.9961834302154894,
  "final_position_score": 0.8944757617029863,
  "final_text_color_score": 0.9269468746846246,
  "final_clip_score": 0.9068564176559448
}