{
  "sum_areas": 0.24663978420632524,
  "final_score": 0.8934170709997086,
  "final_size_score": 0.9791136746749961,
  "final_matched_text_score": 0.9848924553282212,
  "final_position_score": 0.854279069305848,
  "final_text_color_score": 0.7263006182215204,
  "final_clip_score": 0.9224995374679565
}