{
  "sum_areas": 0.18514019490007538,
  "final_score": 0.8806554108807005,
  "final_size_score": 0.8746823301157283,
  "final_matched_text_score": 0.9805904511315481,
  "final_position_score": 0.8540558004924522,
  "final_text_color_score": 0.7825673472136396,
  "final_clip_score": 0.9113811254501343
}