{
  "sum_areas": 0.4570722269746137,
  "final_score": 0.8926570526998732,
  "final_size_score": 0.9999691332106572,
  "final_matched_text_score": 0.8768095954663558,
  "final_position_score": 0.8861537415953387,
  "final_text_color_score": 0.7734860830410083,
  "final_clip_score": 0.9268667101860046
}