{
  "sum_areas": 0.4569789488966318,
  "final_score": 0.8745800400453874,
  "final_size_score": 0.986341956393226,
  "final_matched_text_score": 0.9793884838396809,
  "final_position_score": 0.7116914122431568,
  "final_text_color_score": 0.778429237815113,
  "final_clip_score": 0.9170491099357605
}