{
  "sum_areas": 0.177280259339783,
  "final_score": 0.8968861919207914,
  "final_size_score": 0.9195904304805758,
  "final_matched_text_score": 0.9653917011691794,
  "final_position_score": 0.7556368739693419,
  "final_text_color_score": 0.9674864658943454,
  "final_clip_score": 0.8763254880905151
}