{
  "sum_areas": 0.35345715289625296,
  "final_score": 0.900108398327885,
  "final_size_score": 0.8835239058109315,
  "final_matched_text_score": 0.9977074330740777,
  "final_position_score": 0.8637633182422055,
  "final_text_color_score": 0.8716466921171898,
  "final_clip_score": 0.8839006423950195
}