{
  "sum_areas": 0.3495986881365024,
  "final_score": 0.9466245918177982,
  "final_size_score": 0.993801394985185,
  "final_matched_text_score": 0.9928615717397322,
  "final_position_score": 0.9434155437861222,
  "final_text_color_score": 0.8759354455109346,
  "final_clip_score": 0.9271090030670166
}