{
  "sum_areas": 0.45730801334236365,
  "final_score": 0.9198237376398766,
  "final_size_score": 0.9058161843138002,
  "final_matched_text_score": 0.9698037566827677,
  "final_position_score": 0.9265447957324159,
  "final_text_color_score": 0.8750921837015392,
  "final_clip_score": 0.9218617677688599
}