{
  "sum_areas": 0.07593893014098976,
  "final_score": 0.9053249557408581,
  "final_size_score": 0.9480060697635548,
  "final_matched_text_score": 0.9801721867198058,
  "final_position_score": 0.8294783131548322,
  "final_text_color_score": 0.8131586158654143,
  "final_clip_score": 0.9558095932006836
}