{
  "sum_areas": 0.36075862828614685,
  "final_score": 0.8956014609033698,
  "final_size_score": 0.986059699022723,
  "final_matched_text_score": 0.940936171832284,
  "final_position_score": 0.8965258589525781,
  "final_text_color_score": 0.7498262438643849,
  "final_clip_score": 0.9046593308448792
}