{
  "sum_areas": 0.284680553934044,
  "final_score": 0.9014473001853136,
  "final_size_score": 0.9844210910532606,
  "final_matched_text_score": 0.9825123577139706,
  "final_position_score": 0.8413258040255667,
  "final_text_color_score": 0.7773715419188649,
  "final_clip_score": 0.9216057062149048
}