{
  "sum_areas": 0.10316603972081105,
  "final_score": 0.7476713763334116,
  "final_size_score": 0.2970459790590304,
  "final_matched_text_score": 0.8568027210884354,
  "final_position_score": 0.7659840690979267,
  "final_text_color_score": 0.9719233414713481,
  "final_clip_score": 0.8466007709503174
}