{
  "sum_areas": 0.22951552251749366,
  "final_score": 0.9189585454656355,
  "final_size_score": 1.0000000000000002,
  "final_matched_text_score": 0.9955161626694473,
  "final_position_score": 0.9391935059880991,
  "final_text_color_score": 0.7339800031934882,
  "final_clip_score": 0.9261030554771423
}