{
  "sum_areas": 0.12087906976823617,
  "final_score": 0.9225464190581404,
  "final_size_score": 0.9745758257398869,
  "final_matched_text_score": 0.9288317874692751,
  "final_position_score": 0.885748803249003,
  "final_text_color_score": 0.8894538316798267,
  "final_clip_score": 0.93412184715271
}