{
  "sum_areas": 0.3907625986385928,
  "final_score": 0.9000795211527856,
  "final_size_score": 0.9966107506040445,
  "final_matched_text_score": 0.9446390583392378,
  "final_position_score": 0.9077809079091013,
  "final_text_color_score": 0.7090101832459555,
  "final_clip_score": 0.9423567056655884
}