{
  "sum_areas": 0.23124858813291493,
  "final_score": 0.783794756890283,
  "final_size_score": 0.4689936879001513,
  "final_matched_text_score": 0.9122651542006381,
  "final_position_score": 0.8057293126877576,
  "final_text_color_score": 0.8091112981885639,
  "final_clip_score": 0.9228743314743042
}