{
  "sum_areas": 0.10644331700560014,
  "final_score": 0.8939147690825217,
  "final_size_score": 0.7941853796152387,
  "final_matched_text_score": 0.983124967844832,
  "final_position_score": 0.8661353403505064,
  "final_text_color_score": 0.9216688003403725,
  "final_clip_score": 0.9044593572616577
}