{
  "sum_areas": 0.36023268932422176,
  "final_score": 0.9044044735812862,
  "final_size_score": 0.9952582141373005,
  "final_matched_text_score": 0.9685443115986688,
  "final_position_score": 0.789917519585762,
  "final_text_color_score": 0.8327382218423593,
  "final_clip_score": 0.9355641007423401
}