{
  "sum_areas": 0.2986406812534862,
  "final_score": 0.8087049047545837,
  "final_size_score": 0.5651629799704951,
  "final_matched_text_score": 0.9569589835934375,
  "final_position_score": 0.8012463790185589,
  "final_text_color_score": 0.7898598793486902,
  "final_clip_score": 0.9302963018417358
}