{
  "sum_areas": 0.4021969799741602,
  "final_score": 0.7800095857752807,
  "final_size_score": 0.3073692229095227,
  "final_matched_text_score": 0.9988783433994823,
  "final_position_score": 0.888178950130899,
  "final_text_color_score": 0.8851936370535032,
  "final_clip_score": 0.8204277753829956
}