{
  "sum_areas": 0.5721441999314982,
  "final_score": 0.9411093739161948,
  "final_size_score": 0.9903158414465212,
  "final_matched_text_score": 0.9517361852645554,
  "final_position_score": 0.9228415110458961,
  "final_text_color_score": 0.9049637633044088,
  "final_clip_score": 0.9356895685195923
}