{
  "sum_areas": 0.10756424410387673,
  "final_score": 0.7710627366638361,
  "final_size_score": 0.3522070113627173,
  "final_matched_text_score": 0.9429041353383458,
  "final_position_score": 0.7909212568186859,
  "final_text_color_score": 0.880215835329979,
  "final_clip_score": 0.8890654444694519
}