{
  "sum_areas": 0.62659860223573,
  "final_score": 0.8955546425715482,
  "final_size_score": 0.9956894724218261,
  "final_matched_text_score": 0.9458335012574496,
  "final_position_score": 0.8654267718832259,
  "final_text_color_score": 0.7104511385369988,
  "final_clip_score": 0.9603723287582397
}