{
  "sum_areas": 0.08926596554383802,
  "final_score": 0.9368288605266278,
  "final_size_score": 0.9999190171174696,
  "final_matched_text_score": 0.9719849144627906,
  "final_position_score": 0.8700751081634207,
  "final_text_color_score": 0.9099733545299302,
  "final_clip_score": 0.9321919083595276
}