{
  "sum_areas": 0.3758208517981671,
  "final_score": 0.8830753438435184,
  "final_size_score": 0.8599523886444916,
  "final_matched_text_score": 0.938966328991729,
  "final_position_score": 0.7653988025706003,
  "final_text_color_score": 0.9110440618151834,
  "final_clip_score": 0.9400151371955872
}