{
  "sum_areas": 0.2051421440972222,
  "final_score": 0.9061256376387621,
  "final_size_score": 0.973569097477507,
  "final_matched_text_score": 0.9921962501250429,
  "final_position_score": 0.854163566468254,
  "final_text_color_score": 0.8825401206615499,
  "final_clip_score": 0.8281591534614563
}