{
  "sum_areas": 0.20144313488703353,
  "final_score": 0.8709389908943544,
  "final_size_score": 0.8750731717531748,
  "final_matched_text_score": 0.9534692464252214,
  "final_position_score": 0.8920134727170158,
  "final_text_color_score": 0.7706308390890555,
  "final_clip_score": 0.8635082244873047
}