{
  "sum_areas": 0.20991091579861113,
  "final_score": 0.9052800158771209,
  "final_size_score": 0.877326846344271,
  "final_matched_text_score": 0.9576326249942989,
  "final_position_score": 0.7538857886904761,
  "final_text_color_score": 0.9867155382744056,
  "final_clip_score": 0.9508392810821533
}