{
  "sum_areas": 0.21995134891265314,
  "final_score": 0.9334073699322385,
  "final_size_score": 0.9976109439810169,
  "final_matched_text_score": 0.9835588185274144,
  "final_position_score": 0.9236100684752017,
  "final_text_color_score": 0.8421588331383135,
  "final_clip_score": 0.9200981855392456
}