{
  "sum_areas": 0.21160288943526612,
  "final_score": 0.8894554490449542,
  "final_size_score": 0.7266849985906113,
  "final_matched_text_score": 0.9922535259774744,
  "final_position_score": 0.9182330113449756,
  "final_text_color_score": 0.8687857668373444,
  "final_clip_score": 0.9413199424743652
}