{
  "sum_areas": 0.2866463694327724,
  "final_score": 0.9364847650345635,
  "final_size_score": 0.9941646141947688,
  "final_matched_text_score": 0.9395421532654725,
  "final_position_score": 0.9285247554649455,
  "final_text_color_score": 0.8764516959396467,
  "final_clip_score": 0.9437406063079834
}