{
  "sum_areas": 0.15671201836367715,
  "final_score": 0.9032566298832627,
  "final_size_score": 0.985046297884973,
  "final_matched_text_score": 0.9946430310644409,
  "final_position_score": 0.7953822886289189,
  "final_text_color_score": 0.8181873542867114,
  "final_clip_score": 0.9230241775512695
}