{
  "sum_areas": 0.34952795140805637,
  "final_score": 0.9361812571420078,
  "final_size_score": 0.8995981296001767,
  "final_matched_text_score": 0.9934287270368579,
  "final_position_score": 0.9411505064906368,
  "final_text_color_score": 0.9793750660187991,
  "final_clip_score": 0.8673538565635681
}