{
  "sum_areas": 0.5197212580721969,
  "final_score": 0.9278646082125301,
  "final_size_score": 1.0,
  "final_matched_text_score": 0.9722276703924235,
  "final_position_score": 0.9173443985432065,
  "final_text_color_score": 0.8411851528635619,
  "final_clip_score": 0.9085658192634583
}