{
  "sum_areas": 0.21441208960765604,
  "final_score": 0.8373748475938458,
  "final_size_score": 0.664898298301768,
  "final_matched_text_score": 0.981949814192295,
  "final_position_score": 0.842652914759644,
  "final_text_color_score": 0.740288078116645,
  "final_clip_score": 0.957085132598877
}