{
  "sum_areas": 0.4469104696050432,
  "final_score": 0.8684350903395324,
  "final_size_score": 1.0,
  "final_matched_text_score": 0.9568190422081133,
  "final_position_score": 0.8494721673411808,
  "final_text_color_score": 0.6598620224904692,
  "final_clip_score": 0.876022219657898
}