{
  "sum_areas": 0.09583083112998801,
  "final_score": 0.8133258200242346,
  "final_size_score": 0.9838860113860688,
  "final_matched_text_score": 0.9637969820343367,
  "final_position_score": 0.6383991235400714,
  "final_text_color_score": 0.5860779008051962,
  "final_clip_score": 0.8944690823554993
}