{
  "sum_areas": 0.5813512053394683,
  "final_score": 0.8983352830242679,
  "final_size_score": 0.9950670394609261,
  "final_matched_text_score": 0.9465452385913093,
  "final_position_score": 0.8582773216789064,
  "final_text_color_score": 0.7941382424684443,
  "final_clip_score": 0.8976485729217529
}