{
  "sum_areas": 0.3201703670965058,
  "final_score": 0.7298613773876167,
  "final_size_score": 0.4223577259868758,
  "final_matched_text_score": 0.9731706252988086,
  "final_position_score": 0.7401665777448215,
  "final_text_color_score": 0.7001745556591948,
  "final_clip_score": 0.8134374022483826
}