{
  "sum_areas": 0.28122454496098354,
  "final_score": 0.5678445675206479,
  "final_size_score": 0.05321859211044886,
  "final_matched_text_score": 0.808695652173913,
  "final_position_score": 0.35474728234197095,
  "final_text_color_score": 0.8084995500745016,
  "final_clip_score": 0.8140617609024048
}