{
  "sum_areas": 0.31608796963005636,
  "final_score": 0.631377133853174,
  "final_size_score": 0.03941148818288129,
  "final_matched_text_score": 1.0,
  "final_position_score": 0.5703009392601126,
  "final_text_color_score": 0.72063396379248,
  "final_clip_score": 0.8265392780303955
}