{
  "sum_areas": 0.3464737554388139,
  "final_score": 0.9022768793554814,
  "final_size_score": 0.9932793918188296,
  "final_matched_text_score": 0.9785361452561318,
  "final_position_score": 0.8234167873059761,
  "final_text_color_score": 0.8172904257442473,
  "final_clip_score": 0.8988616466522217
}