{
  "sum_areas": 0.16712640789693378,
  "final_score": 0.806529516205412,
  "final_size_score": 0.5943405747259424,
  "final_matched_text_score": 0.9912777777777779,
  "final_position_score": 0.8911511869143538,
  "final_text_color_score": 0.6740869268018569,
  "final_clip_score": 0.8817911148071289
}