{
  "sum_areas": 0.44757349859370554,
  "final_score": 0.8083316374583401,
  "final_size_score": 0.7104301686997672,
  "final_matched_text_score": 0.9035580197761096,
  "final_position_score": 0.8042591249312687,
  "final_text_color_score": 0.7318827443069175,
  "final_clip_score": 0.8915281295776367
}