{
  "sum_areas": 0.08730988174417345,
  "final_score": 0.7720544945306236,
  "final_size_score": 0.7897368324918409,
  "final_matched_text_score": 0.9724926342082497,
  "final_position_score": 0.6994497038019019,
  "final_text_color_score": 0.5268053964580713,
  "final_clip_score": 0.8717879056930542
}