{
  "sum_areas": 0.05239363127044795,
  "final_score": 0.7048956518053937,
  "final_size_score": 0.4526329512058319,
  "final_matched_text_score": 0.9567849642107068,
  "final_position_score": 0.6892740242783726,
  "final_text_color_score": 0.6602257519530591,
  "final_clip_score": 0.7655605673789978
}