{
  "sum_areas": 0.0690603298611111,
  "final_score": 0.9271107944892756,
  "final_size_score": 1.0000000000000002,
  "final_matched_text_score": 0.9123629048832811,
  "final_position_score": 0.9599206349206348,
  "final_text_color_score": 0.9587736079010983,
  "final_clip_score": 0.8044968247413635
}