{
  "sum_areas": 0.08748549212520848,
  "final_score": 0.7749837541986981,
  "final_size_score": 0.5585694358198913,
  "final_matched_text_score": 1.0,
  "final_position_score": 0.8075877138528185,
  "final_text_color_score": 0.6250746019726364,
  "final_clip_score": 0.8836870193481445
}