{
  "sum_areas": 0.22633210948768084,
  "final_score": 0.8958056083326975,
  "final_size_score": 0.9480945377212847,
  "final_matched_text_score": 0.9680355494148598,
  "final_position_score": 0.8805453974108064,
  "final_text_color_score": 0.8425785445509238,
  "final_clip_score": 0.8397740125656128
}