{
  "sum_areas": 0.23130381893367483,
  "final_score": 0.9028044002486437,
  "final_size_score": 0.9963576468151211,
  "final_matched_text_score": 0.9804471218886037,
  "final_position_score": 0.9028810655362274,
  "final_text_color_score": 0.7179348999515698,
  "final_clip_score": 0.9164012670516968
}