{
  "sum_areas": 0.1664733580887616,
  "final_score": 0.8198064871723836,
  "final_size_score": 0.5586260682412105,
  "final_matched_text_score": 0.995475113122172,
  "final_position_score": 0.8096943198154976,
  "final_text_color_score": 0.821152977010918,
  "final_clip_score": 0.9140839576721191
}