{
  "sum_areas": 0.20628145024968497,
  "final_score": 0.8880392085804983,
  "final_size_score": 0.9293106193683904,
  "final_matched_text_score": 0.9894007667169431,
  "final_position_score": 0.8829169230436816,
  "final_text_color_score": 0.705398428448922,
  "final_clip_score": 0.9331693053245544
}