{
  "sum_areas": 0.11756693888756578,
  "final_score": 0.8962444461999575,
  "final_size_score": 0.9738595683168456,
  "final_matched_text_score": 0.9150069026766483,
  "final_position_score": 0.8317077499437696,
  "final_text_color_score": 0.8433032610886769,
  "final_clip_score": 0.9173447489738464
}