{
  "sum_areas": 0.1978601824302388,
  "final_score": 0.9059426232755023,
  "final_size_score": 0.9952726111026594,
  "final_matched_text_score": 0.9941880341880341,
  "final_position_score": 0.7425180288461538,
  "final_text_color_score": 0.8561984329289878,
  "final_clip_score": 0.941536009311676
}