{
  "sum_areas": 0.12673549014418756,
  "final_score": 0.8624568190522983,
  "final_size_score": 0.6824771864793385,
  "final_matched_text_score": 0.9530006627974543,
  "final_position_score": 0.8985697338268099,
  "final_text_color_score": 0.8274353780483917,
  "final_clip_score": 0.9508011341094971
}