{
  "sum_areas": 0.5120149437739933,
  "final_score": 0.7700661254694534,
  "final_size_score": 0.34227494126084407,
  "final_matched_text_score": 0.9365532361865558,
  "final_position_score": 0.8574610710463945,
  "final_text_color_score": 0.8258176711775381,
  "final_clip_score": 0.8882237076759338
}