{
  "sum_areas": 0.5775801033323171,
  "final_score": 0.9386212759806863,
  "final_size_score": 1.0,
  "final_matched_text_score": 0.9517374410823659,
  "final_position_score": 0.9228380473064826,
  "final_text_color_score": 0.926065896130367,
  "final_clip_score": 0.8924649953842163
}