{
  "sum_areas": 0.37478274852367294,
  "final_score": 0.8344220963155969,
  "final_size_score": 0.8656275312888387,
  "final_matched_text_score": 0.9804931652203024,
  "final_position_score": 0.5621894696081783,
  "final_text_color_score": 0.8640974088520841,
  "final_clip_score": 0.8997029066085815
}