{
  "sum_areas": 0.5051039482296525,
  "final_score": 0.8351491785706128,
  "final_size_score": 0.7376627490472721,
  "final_matched_text_score": 0.8691897602824885,
  "final_position_score": 0.8831080116034006,
  "final_text_color_score": 0.7594943829977828,
  "final_clip_score": 0.9262909889221191
}