{
  "sum_areas": 0.2685172856162934,
  "final_score": 0.9228516905641618,
  "final_size_score": 0.9752079700063989,
  "final_matched_text_score": 0.9698375615036201,
  "final_position_score": 0.8769811427111868,
  "final_text_color_score": 0.8815322918671201,
  "final_clip_score": 0.9106994867324829
}