{
  "sum_areas": 0.09702896621479266,
  "final_score": 0.9099957806883693,
  "final_size_score": 0.9840705242526675,
  "final_matched_text_score": 0.9216940069133127,
  "final_position_score": 0.8722213839484603,
  "final_text_color_score": 0.8223314950260142,
  "final_clip_score": 0.9496614933013916
}