{
  "sum_areas": 0.2642698835307215,
  "final_score": 0.872939230958301,
  "final_size_score": 0.9974782761707577,
  "final_matched_text_score": 0.9938798349834853,
  "final_position_score": 0.7351862117241236,
  "final_text_color_score": 0.8002106621743682,
  "final_clip_score": 0.8379411697387695
}