{
  "sum_areas": 0.21427197175471355,
  "final_score": 0.7267847159591517,
  "final_size_score": 0.46303746349031233,
  "final_matched_text_score": 0.9391031717694397,
  "final_position_score": 0.7598100366149029,
  "final_text_color_score": 0.5909842504465852,
  "final_clip_score": 0.8809886574745178
}