{
  "sum_areas": 0.07934139862246055,
  "final_score": 0.8763635901051026,
  "final_size_score": 0.9999999999999998,
  "final_matched_text_score": 0.975524160585772,
  "final_position_score": 0.9296266867421332,
  "final_text_color_score": 0.5381765932107299,
  "final_clip_score": 0.9384905099868774
}