{
  "sum_areas": 0.5470483140218131,
  "final_score": 0.9082256435760819,
  "final_size_score": 0.9980853791465144,
  "final_matched_text_score": 0.8987653540413173,
  "final_position_score": 0.9225303179693157,
  "final_text_color_score": 0.7547734447422136,
  "final_clip_score": 0.9669737219810486
}