{
  "sum_areas": 0.0817198739142474,
  "final_score": 0.9268926561019601,
  "final_size_score": 0.9348016306846518,
  "final_matched_text_score": 0.9847982182457766,
  "final_position_score": 0.9276168729860521,
  "final_text_color_score": 0.8638598655925263,
  "final_clip_score": 0.9233866930007935
}