{
  "sum_areas": 0.15711197319380735,
  "final_score": 0.9174797568214346,
  "final_size_score": 0.997262806501519,
  "final_matched_text_score": 0.9860032190555703,
  "final_position_score": 0.8863770481477619,
  "final_text_color_score": 0.8103367441089866,
  "final_clip_score": 0.907418966293335
}