{
  "sum_areas": 0.08050021701388889,
  "final_score": 0.9296684538318133,
  "final_size_score": 1.0,
  "final_matched_text_score": 0.9229189398719494,
  "final_position_score": 0.9283730158730158,
  "final_text_color_score": 0.9148269457230612,
  "final_clip_score": 0.88222336769104
}