{
  "sum_areas": 0.08749880190126004,
  "final_score": 0.7007365582724827,
  "final_size_score": 0.20698338056611418,
  "final_matched_text_score": 0.9941176470588236,
  "final_position_score": 0.9012896245215153,
  "final_text_color_score": 0.4805486737923765,
  "final_clip_score": 0.920743465423584
}