{
  "sum_areas": 0.02029947916666667,
  "final_score": 0.927044264459476,
  "final_size_score": 0.9249518922386144,
  "final_matched_text_score": 1.0,
  "final_position_score": 0.8513888888888889,
  "final_text_color_score": 0.9960362528207245,
  "final_clip_score": 0.8628442883491516
}