{
  "sum_areas": 0.418980238558592,
  "final_score": 0.8918378928107092,
  "final_size_score": 0.9772437213749744,
  "final_matched_text_score": 0.9390598433609458,
  "final_position_score": 0.8791147615417458,
  "final_text_color_score": 0.7726057024617022,
  "final_clip_score": 0.8911654353141785
}