{
  "sum_areas": 0.16376934307609722,
  "final_score": 0.9165383883761804,
  "final_size_score": 1.0,
  "final_matched_text_score": 0.9912548836375021,
  "final_position_score": 0.7915581597222222,
  "final_text_color_score": 0.9454619916875286,
  "final_clip_score": 0.8544169068336487
}