{
  "sum_areas": 0.3370661215147498,
  "final_score": 0.8269883603013831,
  "final_size_score": 0.7384171148468899,
  "final_matched_text_score": 0.955823092882621,
  "final_position_score": 0.7459376577374902,
  "final_text_color_score": 0.7653224840135474,
  "final_clip_score": 0.9294414520263672
}