{
  "sum_areas": 0.09876901303867167,
  "final_score": 0.8174814895960808,
  "final_size_score": 0.6583759063269812,
  "final_matched_text_score": 0.9959064327485381,
  "final_position_score": 0.7226414056594148,
  "final_text_color_score": 0.7936742039817061,
  "final_clip_score": 0.9168094992637634
}