{
  "sum_areas": 0.5903449438469797,
  "final_score": 0.878615833336364,
  "final_size_score": 0.9824281033153309,
  "final_matched_text_score": 0.9169680142631699,
  "final_position_score": 0.8916389716896994,
  "final_text_color_score": 0.6750715689831385,
  "final_clip_score": 0.926972508430481
}