{
  "sum_areas": 0.36931656598103496,
  "final_score": 0.7376911806619554,
  "final_size_score": 0.5806843868884176,
  "final_matched_text_score": 0.9643522931175105,
  "final_position_score": 0.5436831024393683,
  "final_text_color_score": 0.7326666380611353,
  "final_clip_score": 0.8670694828033447
}