{
  "sum_areas": 0.04105573818732197,
  "final_score": 0.8144579641954377,
  "final_size_score": 0.734613736540339,
  "final_matched_text_score": 0.9547122382371425,
  "final_position_score": 0.8013527698167277,
  "final_text_color_score": 0.7039968166631301,
  "final_clip_score": 0.8776142597198486
}