{
  "sum_areas": 0.17486183783219097,
  "final_score": 0.8865101703095148,
  "final_size_score": 0.9817361625985483,
  "final_matched_text_score": 0.9705647846048799,
  "final_position_score": 0.7883361456002432,
  "final_text_color_score": 0.8078965296637021,
  "final_clip_score": 0.8840172290802002
}