{
  "sum_areas": 0.5458363498134393,
  "final_score": 0.8843162918750741,
  "final_size_score": 0.79467558465673,
  "final_matched_text_score": 0.9608552631578947,
  "final_position_score": 0.8942166791654385,
  "final_text_color_score": 0.90149048566374,
  "final_clip_score": 0.8703434467315674
}