{
  "sum_areas": 0.07380750868055555,
  "final_score": 0.9537566010797841,
  "final_size_score": 1.0,
  "final_matched_text_score": 0.9253968541145695,
  "final_position_score": 0.9704427083333333,
  "final_text_color_score": 0.9437057792051372,
  "final_clip_score": 0.9292376637458801
}