{
  "sum_areas": 0.2131848112131114,
  "final_score": 0.8922283460381681,
  "final_size_score": 0.9847507850095605,
  "final_matched_text_score": 0.9781550316740932,
  "final_position_score": 0.7289540082553522,
  "final_text_color_score": 0.8450206929028969,
  "final_clip_score": 0.924261212348938
}