{
  "sum_areas": 0.23107638888888887,
  "final_score": 0.9154047077610384,
  "final_size_score": 0.9572126220886552,
  "final_matched_text_score": 0.9649080123248204,
  "final_position_score": 0.7718494689542483,
  "final_text_color_score": 0.981183959595946,
  "final_clip_score": 0.9018694758415222
}