{
  "sum_areas": 0.3373786216326576,
  "final_score": 0.9299026954401248,
  "final_size_score": 0.9867957272451506,
  "final_matched_text_score": 0.9459949163497463,
  "final_position_score": 0.9012470930376588,
  "final_text_color_score": 0.8612889434260392,
  "final_clip_score": 0.9541867971420288
}