{
  "sum_areas": 0.6041669616107301,
  "final_score": 0.907401193282381,
  "final_size_score": 1.0,
  "final_matched_text_score": 0.9436534831920037,
  "final_position_score": 0.852146271132984,
  "final_text_color_score": 0.8235186768009679,
  "final_clip_score": 0.9176875352859497
}