{
  "sum_areas": 0.24608072916666665,
  "final_score": 0.884762521133111,
  "final_size_score": 0.8867135827292448,
  "final_matched_text_score": 0.9433288183659702,
  "final_position_score": 0.8505236887792398,
  "final_text_color_score": 0.8577403626844105,
  "final_clip_score": 0.8855061531066895
}