{
  "sum_areas": 0.4160320457858783,
  "final_score": 0.7497629205907986,
  "final_size_score": 0.032316328835982795,
  "final_matched_text_score": 1.0,
  "final_position_score": 0.9351536196995393,
  "final_text_color_score": 0.8793610356822036,
  "final_clip_score": 0.9019836187362671
}