{
  "sum_areas": 0.13218105742318512,
  "final_score": 0.9418357912708331,
  "final_size_score": 0.9853618576645482,
  "final_matched_text_score": 0.9423820444841206,
  "final_position_score": 0.9426970710919799,
  "final_text_color_score": 0.8949038571178807,
  "final_clip_score": 0.943834125995636
}