{
  "sum_areas": 0.14526710936599832,
  "final_score": 0.923288870048887,
  "final_size_score": 0.9622060653900458,
  "final_matched_text_score": 0.9584973558251983,
  "final_position_score": 0.9041226373019502,
  "final_text_color_score": 0.8418864649450138,
  "final_clip_score": 0.9497318267822266
}