{
  "sum_areas": 0.2965312890769941,
  "final_score": 0.8915167820566823,
  "final_size_score": 0.994502277394429,
  "final_matched_text_score": 0.9432031219080159,
  "final_position_score": 0.839539799163494,
  "final_text_color_score": 0.7526964259936505,
  "final_clip_score": 0.927642285823822
}