{
  "sum_areas": 0.07778525374966311,
  "final_score": 0.8534214628368875,
  "final_size_score": 0.8442106592930643,
  "final_matched_text_score": 0.9817246928605445,
  "final_position_score": 0.9292001134959105,
  "final_text_color_score": 0.6333856754773617,
  "final_clip_score": 0.8785861730575562
}