{
  "sum_areas": 0.09689462690128946,
  "final_score": 0.8633935900176817,
  "final_size_score": 0.8052861934083301,
  "final_matched_text_score": 0.966252751226052,
  "final_position_score": 0.8346978304021014,
  "final_text_color_score": 0.7983328367340539,
  "final_clip_score": 0.9123983383178711
}