{
  "sum_areas": 0.5261465394814543,
  "final_score": 0.9471699104837642,
  "final_size_score": 1.0,
  "final_matched_text_score": 0.9712942251947377,
  "final_position_score": 0.9075476511300546,
  "final_text_color_score": 0.9654779967956273,
  "final_clip_score": 0.8915296792984009
}