{
  "sum_areas": 0.10691746315133643,
  "final_score": 0.918402591764556,
  "final_size_score": 0.9510200767980493,
  "final_matched_text_score": 0.9661859234051747,
  "final_position_score": 0.8287468651538319,
  "final_text_color_score": 0.9256299696597239,
  "final_clip_score": 0.9204301238059998
}