{
  "sum_areas": 0.37450848642466006,
  "final_score": 0.9662862860932233,
  "final_size_score": 1.0,
  "final_matched_text_score": 0.9825717663379712,
  "final_position_score": 0.9659966641024591,
  "final_text_color_score": 0.9284899979733789,
  "final_clip_score": 0.9543730020523071
}