{
  "sum_areas": 0.16628953035517025,
  "final_score": 0.7822326354797458,
  "final_size_score": 0.46634991146872723,
  "final_matched_text_score": 0.9986225895316804,
  "final_position_score": 0.8591176202970024,
  "final_text_color_score": 0.6426575464005437,
  "final_clip_score": 0.9444155097007751
}