{
  "sum_areas": 0.2606935194069485,
  "final_score": 0.8715108326920558,
  "final_size_score": 0.6737438472081521,
  "final_matched_text_score": 0.9859038870649123,
  "final_position_score": 0.8769967941983066,
  "final_text_color_score": 0.9342403568440714,
  "final_clip_score": 0.8866692781448364
}