{
  "sum_areas": 0.5663985875189533,
  "final_score": 0.9581414262903334,
  "final_size_score": 0.9999999999999998,
  "final_matched_text_score": 0.9697461329644761,
  "final_position_score": 0.9434197926933273,
  "final_text_color_score": 0.9405527328553256,
  "final_clip_score": 0.9369884729385376
}