{
  "sum_areas": 0.48320612600726276,
  "final_score": 0.7768244934758072,
  "final_size_score": 0.4686333274369031,
  "final_matched_text_score": 0.9328848911184726,
  "final_position_score": 0.8267988193311194,
  "final_text_color_score": 0.7910738196712206,
  "final_clip_score": 0.8647316098213196
}