{
  "sum_areas": 0.20459355582967836,
  "final_score": 0.8297617712110519,
  "final_size_score": 0.5502366354362788,
  "final_matched_text_score": 0.9534136128797542,
  "final_position_score": 0.7253217679615707,
  "final_text_color_score": 0.9771519509379344,
  "final_clip_score": 0.9426848888397217
}