{
  "sum_areas": 0.19326637847665257,
  "final_score": 0.8921189804306828,
  "final_size_score": 0.9428498671987672,
  "final_matched_text_score": 0.9958880887881468,
  "final_position_score": 0.8764879489320014,
  "final_text_color_score": 0.7275927702371222,
  "final_clip_score": 0.9177762269973755
}