{
  "sum_areas": 0.65739311389495,
  "final_score": 0.8995605794008903,
  "final_size_score": 0.9959161505391967,
  "final_matched_text_score": 0.9348682164287995,
  "final_position_score": 0.8714823708817113,
  "final_text_color_score": 0.7938836442202043,
  "final_clip_score": 0.9016525149345398
}