{
  "sum_areas": 0.20783724819426858,
  "final_score": 0.9388358091608592,
  "final_size_score": 1.0,
  "final_matched_text_score": 0.9995577178239717,
  "final_position_score": 0.9417828920451499,
  "final_text_color_score": 0.8140684397689449,
  "final_clip_score": 0.9387699961662292
}