{
  "sum_areas": 0.47424713852638284,
  "final_score": 0.9473246695324772,
  "final_size_score": 0.9983279514411298,
  "final_matched_text_score": 0.9938671849872612,
  "final_position_score": 0.8554090844942227,
  "final_text_color_score": 0.9757200430300552,
  "final_clip_score": 0.9132990837097168
}