{
  "sum_areas": 0.2469917215707608,
  "final_score": 0.8201186588114382,
  "final_size_score": 0.5028277637058477,
  "final_matched_text_score": 0.9809863205599804,
  "final_position_score": 0.8760137023086187,
  "final_text_color_score": 0.834590370916582,
  "final_clip_score": 0.9061751365661621
}