{
  "sum_areas": 0.5254214782616375,
  "final_score": 0.9013452758286221,
  "final_size_score": 0.9998039250729474,
  "final_matched_text_score": 0.9089902241827414,
  "final_position_score": 0.9198953284508002,
  "final_text_color_score": 0.7138797969444333,
  "final_clip_score": 0.9641571044921875
}