{
  "sum_areas": 0.35814193709909004,
  "final_score": 0.8964737270369012,
  "final_size_score": 0.9839276562623553,
  "final_matched_text_score": 0.9426052106961754,
  "final_position_score": 0.8852544987888028,
  "final_text_color_score": 0.7515415431798481,
  "final_clip_score": 0.9190397262573242
}