{
  "sum_areas": 0.3398044067263427,
  "final_score": 0.8973005632620178,
  "final_size_score": 0.9847577537133378,
  "final_matched_text_score": 0.9709323456227739,
  "final_position_score": 0.8316458732102255,
  "final_text_color_score": 0.81485540615694,
  "final_clip_score": 0.8843114376068115
}