{
  "sum_areas": 0.08561437320220067,
  "final_score": 0.9254892910708519,
  "final_size_score": 0.937090519802715,
  "final_matched_text_score": 0.9801721867198058,
  "final_position_score": 0.8269502589405494,
  "final_text_color_score": 0.9461160325013578,
  "final_clip_score": 0.9371174573898315
}