{
  "sum_areas": 0.3764457725248623,
  "final_score": 0.93044203512851,
  "final_size_score": 0.9951521080243296,
  "final_matched_text_score": 0.9828380011207235,
  "final_position_score": 0.8672466632043647,
  "final_text_color_score": 0.914939468699931,
  "final_clip_score": 0.8920339345932007
}