{
  "sum_areas": 0.17184840090331782,
  "final_score": 0.893938864474341,
  "final_size_score": 0.9172577841188609,
  "final_matched_text_score": 0.9949262118120249,
  "final_position_score": 0.7988042910495562,
  "final_text_color_score": 0.8425675056137362,
  "final_clip_score": 0.9161385297775269
}