{
  "sum_areas": 0.12859381882793836,
  "final_score": 0.7393161505116741,
  "final_size_score": 0.21048840749947512,
  "final_matched_text_score": 0.8568027210884354,
  "final_position_score": 0.8452001188750177,
  "final_text_color_score": 0.8738259667348467,
  "final_clip_score": 0.9102635383605957
}