{
  "sum_areas": 0.3371108856914474,
  "final_score": 0.8751269359860786,
  "final_size_score": 0.9753771248829687,
  "final_matched_text_score": 0.9377031315749644,
  "final_position_score": 0.821413840106927,
  "final_text_color_score": 0.7258914144926991,
  "final_clip_score": 0.9152491688728333
}