{
  "sum_areas": 0.5017305394154375,
  "final_score": 0.9110819531951979,
  "final_size_score": 0.9629254537434745,
  "final_matched_text_score": 0.9396017335482403,
  "final_position_score": 0.9003361133218709,
  "final_text_color_score": 0.8289116978300555,
  "final_clip_score": 0.9236347675323486
}