{
  "sum_areas": 0.26993740681101686,
  "final_score": 0.7430680427340223,
  "final_size_score": 0.2842753925884417,
  "final_matched_text_score": 0.9764972153098708,
  "final_position_score": 0.764410162430902,
  "final_text_color_score": 0.7590125501714938,
  "final_clip_score": 0.9311448931694031
}