{
  "sum_areas": 0.1997498542905985,
  "final_score": 0.8931959517216349,
  "final_size_score": 0.8529754602088923,
  "final_matched_text_score": 0.9555945785083593,
  "final_position_score": 0.8995822939438659,
  "final_text_color_score": 0.8642951497934928,
  "final_clip_score": 0.8935322761535645
}