{
  "sum_areas": 0.2746887907489071,
  "final_score": 0.9335505220672794,
  "final_size_score": 0.9939105918710821,
  "final_matched_text_score": 0.9396643633191456,
  "final_position_score": 0.9245026143379015,
  "final_text_color_score": 0.8710979252725312,
  "final_clip_score": 0.9385771155357361
}