{
  "sum_areas": 0.46156766489908135,
  "final_score": 0.8803212117286954,
  "final_size_score": 0.6785872585340375,
  "final_matched_text_score": 0.992681084347751,
  "final_position_score": 0.8615778562112238,
  "final_text_color_score": 0.9248319754485973,
  "final_clip_score": 0.9439278841018677
}