{
  "sum_areas": 0.16810446948973368,
  "final_score": 0.901229637503228,
  "final_size_score": 0.9856214253808483,
  "final_matched_text_score": 0.9752651444780703,
  "final_position_score": 0.8312260862316937,
  "final_text_color_score": 0.8523404802322905,
  "final_clip_score": 0.8616950511932373
}