{
  "sum_areas": 0.1878961308098686,
  "final_score": 0.8535682271047675,
  "final_size_score": 0.5693354903029912,
  "final_matched_text_score": 0.9609848636494465,
  "final_position_score": 0.9029654539949636,
  "final_text_color_score": 0.889313757103719,
  "final_clip_score": 0.9452415704727173
}