{
  "sum_areas": 0.2295318395479023,
  "final_score": 0.9062365818620916,
  "final_size_score": 0.9938275780132468,
  "final_matched_text_score": 0.9900435269893398,
  "final_position_score": 0.8265529977231011,
  "final_text_color_score": 0.7798216451391524,
  "final_clip_score": 0.9409371614456177
}