{
  "sum_areas": 0.4704377806629645,
  "final_score": 0.8076031363673654,
  "final_size_score": 0.7396671862623618,
  "final_matched_text_score": 0.904946779286135,
  "final_position_score": 0.8412354053310771,
  "final_text_color_score": 0.6380574385436176,
  "final_clip_score": 0.9141088724136353
}