{
  "sum_areas": 0.10255253969148496,
  "final_score": 0.9141289678695648,
  "final_size_score": 1.0000000000000002,
  "final_matched_text_score": 0.9864895588709306,
  "final_position_score": 0.814055476126897,
  "final_text_color_score": 0.8602292990170494,
  "final_clip_score": 0.9098705053329468
}