{
  "sum_areas": 0.10893343538658766,
  "final_score": 0.8827349580549874,
  "final_size_score": 0.9822379132197151,
  "final_matched_text_score": 0.9418530197031274,
  "final_position_score": 0.7352360236221596,
  "final_text_color_score": 0.8512412634860984,
  "final_clip_score": 0.9031065702438354
}