{
  "sum_areas": 0.3320929133685283,
  "final_score": 0.9417601760479567,
  "final_size_score": 0.9970491979438172,
  "final_matched_text_score": 0.9907957924442204,
  "final_position_score": 0.9442949847863061,
  "final_text_color_score": 0.8779159643076886,
  "final_clip_score": 0.8987449407577515
}