{
  "sum_areas": 0.20651952996813616,
  "final_score": 0.9458100476708942,
  "final_size_score": 0.9974555622217216,
  "final_matched_text_score": 0.9823220659561422,
  "final_position_score": 0.9452689795570438,
  "final_text_color_score": 0.8562479362302194,
  "final_clip_score": 0.9477556943893433
}