{
  "sum_areas": 0.09150768661993844,
  "final_score": 0.9230211073388865,
  "final_size_score": 0.9313472817839921,
  "final_matched_text_score": 0.9661859234051747,
  "final_position_score": 0.9350129462258198,
  "final_text_color_score": 0.8329762720859347,
  "final_clip_score": 0.949583113193512
}