{
  "sum_areas": 0.4941552471959017,
  "final_score": 0.9301671405369482,
  "final_size_score": 1.0,
  "final_matched_text_score": 0.9644312041527217,
  "final_position_score": 0.927186450881583,
  "final_text_color_score": 0.8595913753825218,
  "final_clip_score": 0.8996266722679138
}