{
  "sum_areas": 0.29993058578516146,
  "final_score": 0.8900343524545484,
  "final_size_score": 0.984935695135028,
  "final_matched_text_score": 0.9681304144181582,
  "final_position_score": 0.7788421479758256,
  "final_text_color_score": 0.7770646193029035,
  "final_clip_score": 0.9411988854408264
}