{
  "sum_areas": 0.20490514937827722,
  "final_score": 0.9097775443768192,
  "final_size_score": 0.719694842022231,
  "final_matched_text_score": 0.9863388511664374,
  "final_position_score": 0.951568554453245,
  "final_text_color_score": 0.9468247842206673,
  "final_clip_score": 0.9444606900215149
}