{
  "sum_areas": 0.20644325101876893,
  "final_score": 0.8357998849605206,
  "final_size_score": 0.7445886772856208,
  "final_matched_text_score": 0.9858653549456846,
  "final_position_score": 0.7787546686501368,
  "final_text_color_score": 0.7932169228805113,
  "final_clip_score": 0.8765738010406494
}