{
  "sum_areas": 0.023225911458333335,
  "final_score": 0.9288200259722332,
  "final_size_score": 0.9747722494744218,
  "final_matched_text_score": 1.0,
  "final_position_score": 0.8010416666666667,
  "final_text_color_score": 0.9960362528207245,
  "final_clip_score": 0.872249960899353
}