{
  "sum_areas": 0.18474482198241315,
  "final_score": 0.7167288968806124,
  "final_size_score": 0.24868309262600125,
  "final_matched_text_score": 0.976433430975483,
  "final_position_score": 0.6626028637694887,
  "final_text_color_score": 0.8274624152617639,
  "final_clip_score": 0.8684626817703247
}