{
  "sum_areas": 0.5538355166671484,
  "final_score": 0.9433352009481383,
  "final_size_score": 0.9940721784911178,
  "final_matched_text_score": 0.9282219063330536,
  "final_position_score": 0.9487975046862636,
  "final_text_color_score": 0.9430936801762397,
  "final_clip_score": 0.9024907350540161
}