{
  "sum_areas": 0.2974359830832604,
  "final_score": 0.9276730899793839,
  "final_size_score": 1.0,
  "final_matched_text_score": 0.9427102942913113,
  "final_position_score": 0.9193312144703516,
  "final_text_color_score": 0.8691510824201991,
  "final_clip_score": 0.9071728587150574
}