{
  "sum_areas": 0.34566295247991596,
  "final_score": 0.8819974133296811,
  "final_size_score": 0.9874492126247754,
  "final_matched_text_score": 0.9318091261221811,
  "final_position_score": 0.8500796847253702,
  "final_text_color_score": 0.7486777530645363,
  "final_clip_score": 0.8919712901115417
}