{
  "sum_areas": 0.1997553892393477,
  "final_score": 0.9024039709684664,
  "final_size_score": 0.9982131000795674,
  "final_matched_text_score": 0.9876159155771703,
  "final_position_score": 0.8917222479397241,
  "final_text_color_score": 0.6965048075048724,
  "final_clip_score": 0.9379637837409973
}