{
  "sum_areas": 0.43532040586651927,
  "final_score": 0.8903061093660896,
  "final_size_score": 0.9425791609880352,
  "final_matched_text_score": 0.9459329838148484,
  "final_position_score": 0.8320145979592792,
  "final_text_color_score": 0.8030755947634753,
  "final_clip_score": 0.9279282093048096
}