{
  "sum_areas": 0.2988593015636298,
  "final_score": 0.9008103883736166,
  "final_size_score": 0.9797137407996168,
  "final_matched_text_score": 0.9673749907092825,
  "final_position_score": 0.8541303170756509,
  "final_text_color_score": 0.8042969264103637,
  "final_clip_score": 0.898535966873169
}