{
  "sum_areas": 0.46042327808527256,
  "final_score": 0.8677632549281532,
  "final_size_score": 0.962096938697118,
  "final_matched_text_score": 0.8835035023958283,
  "final_position_score": 0.855832658044727,
  "final_text_color_score": 0.7314532524455362,
  "final_clip_score": 0.9059299230575562
}