{
  "sum_areas": 0.5780396244520237,
  "final_score": 0.9246036098769587,
  "final_size_score": 0.998738598505783,
  "final_matched_text_score": 0.8952589184749741,
  "final_position_score": 0.9284374737577216,
  "final_text_color_score": 0.8477292001753974,
  "final_clip_score": 0.9528538584709167
}