{
  "sum_areas": 0.18096225129158816,
  "final_score": 0.9333842784720148,
  "final_size_score": 0.9986355692856025,
  "final_matched_text_score": 0.9796589835089352,
  "final_position_score": 0.9115392323789595,
  "final_text_color_score": 0.835748233598014,
  "final_clip_score": 0.941339373588562
}