{
  "sum_areas": 0.09419603370332304,
  "final_score": 0.880650664652447,
  "final_size_score": 0.7774548612526703,
  "final_matched_text_score": 0.9985569985569985,
  "final_position_score": 0.7589203550190372,
  "final_text_color_score": 0.9610177751510585,
  "final_clip_score": 0.9073033332824707
}