{
  "sum_areas": 0.08766650024106505,
  "final_score": 0.9339159301094933,
  "final_size_score": 0.9999175395940102,
  "final_matched_text_score": 0.9904014636157493,
  "final_position_score": 0.8128641610484033,
  "final_text_color_score": 0.9396609659264495,
  "final_clip_score": 0.926735520362854
}