{
  "sum_areas": 0.22108067745986493,
  "final_score": 0.9133766727726927,
  "final_size_score": 1.0,
  "final_matched_text_score": 0.9912548836375021,
  "final_position_score": 0.8359243596959651,
  "final_text_color_score": 0.8892269019020664,
  "final_clip_score": 0.8504772186279297
}