{
  "sum_areas": 0.19847002105028644,
  "final_score": 0.8605914782239943,
  "final_size_score": 0.7782731670377042,
  "final_matched_text_score": 0.9957868649318463,
  "final_position_score": 0.8468474132254766,
  "final_text_color_score": 0.7829603115064566,
  "final_clip_score": 0.8990896344184875
}