{
  "sum_areas": 0.1743480070794236,
  "final_score": 0.9140297645231797,
  "final_size_score": 0.9960355937606855,
  "final_matched_text_score": 0.9859912908250301,
  "final_position_score": 0.8858688150777209,
  "final_text_color_score": 0.802409072545052,
  "final_clip_score": 0.8998440504074097
}