{
  "sum_areas": 0.007149522569444446,
  "final_score": 0.7973824006839471,
  "final_size_score": 0.5237517073911063,
  "final_matched_text_score": 1.0,
  "final_position_score": 0.8358072916666667,
  "final_text_color_score": 0.7051920212763292,
  "final_clip_score": 0.9221609830856323
}