{
  "sum_areas": 0.2526000089841684,
  "final_score": 0.890934661798802,
  "final_size_score": 0.9897403101453566,
  "final_matched_text_score": 0.9646458190152721,
  "final_position_score": 0.8261430800702226,
  "final_text_color_score": 0.8025918708355461,
  "final_clip_score": 0.8715522289276123
}