{
  "sum_areas": 0.30670890683520596,
  "final_score": 0.8190123926374409,
  "final_size_score": 0.4954939302334892,
  "final_matched_text_score": 0.9996806621716819,
  "final_position_score": 0.8960115680989978,
  "final_text_color_score": 0.858727239298025,
  "final_clip_score": 0.8451485633850098
}