{
  "sum_areas": 0.2241434735391547,
  "final_score": 0.6919398620690087,
  "final_size_score": 0.5090551020231437,
  "final_matched_text_score": 0.9486431157612688,
  "final_position_score": 0.7372387402882449,
  "final_text_color_score": 0.44394249753605747,
  "final_clip_score": 0.8208198547363281
}