{
  "sum_areas": 0.2889468376664861,
  "final_score": 0.9095881289115024,
  "final_size_score": 0.9925559471061186,
  "final_matched_text_score": 0.9751882426269552,
  "final_position_score": 0.9016705527103902,
  "final_text_color_score": 0.7478112948752785,
  "final_clip_score": 0.9307146072387695
}