{
  "sum_areas": 0.6545666589936855,
  "final_score": 0.9394402576314116,
  "final_size_score": 0.9995247849801695,
  "final_matched_text_score": 0.9467253176930597,
  "final_position_score": 0.8994334416085811,
  "final_text_color_score": 0.9118925998704264,
  "final_clip_score": 0.9396251440048218
}