{
  "sum_areas": 0.17659039643810115,
  "final_score": 0.7989085714991292,
  "final_size_score": 0.43614222269684005,
  "final_matched_text_score": 0.9793043137054918,
  "final_position_score": 0.8220985976132065,
  "final_text_color_score": 0.8035720776518603,
  "final_clip_score": 0.9534256458282471
}