{
  "sum_areas": 0.09779311794025461,
  "final_score": 0.8332609296632159,
  "final_size_score": 0.8436305906585483,
  "final_matched_text_score": 0.9744503862150922,
  "final_position_score": 0.9022377244338969,
  "final_text_color_score": 0.516967211122922,
  "final_clip_score": 0.9290187358856201
}