{
  "sum_areas": 0.31922159303198844,
  "final_score": 0.9004659335293828,
  "final_size_score": 0.7840652753112205,
  "final_matched_text_score": 0.9491235239505171,
  "final_position_score": 0.822290949081099,
  "final_text_color_score": 0.9924077758638297,
  "final_clip_score": 0.9544421434402466
}