{
  "sum_areas": 0.06868484364132624,
  "final_score": 0.9352396719536125,
  "final_size_score": 0.9447499327743397,
  "final_matched_text_score": 0.9807321772639691,
  "final_position_score": 0.8645720075883524,
  "final_text_color_score": 0.9366279457546812,
  "final_clip_score": 0.9495162963867188
}