{
  "sum_areas": 0.2694741985269345,
  "final_score": 0.8883514530186503,
  "final_size_score": 0.9794014694002523,
  "final_matched_text_score": 0.9355234699390947,
  "final_position_score": 0.8598218703779431,
  "final_text_color_score": 0.7986611416399998,
  "final_clip_score": 0.8683493137359619
}