{
  "sum_areas": 0.11776609123930942,
  "final_score": 0.90599910576432,
  "final_size_score": 1.0000000000000002,
  "final_matched_text_score": 0.9932628946191931,
  "final_position_score": 0.7968406664885233,
  "final_text_color_score": 0.8903699135184788,
  "final_clip_score": 0.849522054195404
}