{
  "sum_areas": 0.19781566743601015,
  "final_score": 0.9314472878853451,
  "final_size_score": 0.8814222624448559,
  "final_matched_text_score": 0.9944420867203559,
  "final_position_score": 0.9416357946984268,
  "final_text_color_score": 0.8935080894054026,
  "final_clip_score": 0.9462282061576843
}