{
  "sum_areas": 0.17897404340753242,
  "final_score": 0.8891266896023382,
  "final_size_score": 0.9776455748018998,
  "final_matched_text_score": 0.9755065483265198,
  "final_position_score": 0.8857505664375186,
  "final_text_color_score": 0.6800935857467776,
  "final_clip_score": 0.9266371726989746
}