{
  "sum_areas": 0.1574736441926491,
  "final_score": 0.8700274514764286,
  "final_size_score": 0.7906564674062442,
  "final_matched_text_score": 0.9884609875437668,
  "final_position_score": 0.8301078508443832,
  "final_text_color_score": 0.7942719369393112,
  "final_clip_score": 0.9466400146484375
}