{
  "sum_areas": 0.42150172719929174,
  "final_score": 0.8478953061992045,
  "final_size_score": 0.7441342379291925,
  "final_matched_text_score": 0.8720280563814962,
  "final_position_score": 0.716113988295485,
  "final_text_color_score": 0.9663198901707015,
  "final_clip_score": 0.9408803582191467
}