{
  "sum_areas": 0.22167901941588924,
  "final_score": 0.8541728117607926,
  "final_size_score": 0.7047993758316303,
  "final_matched_text_score": 0.9909158831312666,
  "final_position_score": 0.7979736811955754,
  "final_text_color_score": 0.8975194594467301,
  "final_clip_score": 0.879655659198761
}