{
  "sum_areas": 0.3315825948726443,
  "final_score": 0.6109346248090889,
  "final_size_score": 0.19296193261443537,
  "final_matched_text_score": 0.7229813664596273,
  "final_position_score": 0.4982791335394582,
  "final_text_color_score": 0.8084995500745016,
  "final_clip_score": 0.8319511413574219
}