{
  "sum_areas": 0.30809608675574895,
  "final_score": 0.8554940909869213,
  "final_size_score": 0.9502245139881514,
  "final_matched_text_score": 0.9215127785521666,
  "final_position_score": 0.690306015693991,
  "final_text_color_score": 0.7991129620346171,
  "final_clip_score": 0.9163141846656799
}