{
  "sum_areas": 0.05775513001253133,
  "final_score": 0.46830558669018896,
  "final_size_score": 0.013313353697193242,
  "final_matched_text_score": 0.6666666666666666,
  "final_position_score": 0.44687500000000013,
  "final_text_color_score": 0.3369631667263059,
  "final_clip_score": 0.8777097463607788
}