{
  "sum_areas": 0.4448644276661269,
  "final_score": 0.5164468088866644,
  "final_size_score": 0.09443730866036042,
  "final_matched_text_score": 0.5205479452054794,
  "final_position_score": 0.82734375,
  "final_text_color_score": 0.3133183768444898,
  "final_clip_score": 0.8265866637229919
}