{
  "sum_areas": 0.04396384219507883,
  "final_score": 0.5735731755046736,
  "final_size_score": 0.10722806290784848,
  "final_matched_text_score": 0.6706805910770105,
  "final_position_score": 0.47140869483174996,
  "final_text_color_score": 0.7413255138752158,
  "final_clip_score": 0.877223014831543
}