{
  "sum_areas": 0.12558586704094515,
  "final_score": 0.4505399525608946,
  "final_size_score": 0.16696871344455072,
  "final_matched_text_score": 0.75,
  "final_position_score": 0.6095703125,
  "final_text_color_score": 1.509796425658294e-07,
  "final_clip_score": 0.7261605858802795
}