{
  "sum_areas": 0.10448801415598291,
  "final_score": 0.6920257170391169,
  "final_size_score": 0.43057648797426873,
  "final_matched_text_score": 0.8717948717948718,
  "final_position_score": 0.7302658109183845,
  "final_text_color_score": 0.6402341007797262,
  "final_clip_score": 0.7872573137283325
}