{
  "sum_areas": 0.26477390960412955,
  "final_score": 0.555396689419194,
  "final_size_score": 0.025822573492466243,
  "final_matched_text_score": 0.5173237753882916,
  "final_position_score": 0.7767578125000001,
  "final_text_color_score": 0.6640747133237016,
  "final_clip_score": 0.79300457239151
}