{
  "sum_areas": 0.28795028745481743,
  "final_score": 0.5278258129962224,
  "final_size_score": 0.0595999614949405,
  "final_matched_text_score": 0.5890537084398977,
  "final_position_score": 0.496288394081302,
  "final_text_color_score": 0.7238879239309751,
  "final_clip_score": 0.7702990770339966
}