{
  "sum_areas": 0.08079373628324296,
  "final_score": 0.6711840569195134,
  "final_size_score": 0.12186062920115119,
  "final_matched_text_score": 0.6285714285714286,
  "final_position_score": 0.9413035760392461,
  "final_text_color_score": 0.8597423642943471,
  "final_clip_score": 0.804442286491394
}