{
  "sum_areas": 0.2825235218371511,
  "final_score": 0.4794918780062878,
  "final_size_score": 0.01075291971003541,
  "final_matched_text_score": 0.5,
  "final_position_score": 0.5097584254870984,
  "final_text_color_score": 0.5003681641198882,
  "final_clip_score": 0.8765798807144165
}