{
  "sum_areas": 0.3414772731226341,
  "final_score": 0.7201369743745654,
  "final_size_score": 0.30349673533203314,
  "final_matched_text_score": 0.8412749397343181,
  "final_position_score": 0.8015131826152304,
  "final_text_color_score": 0.7932475440793981,
  "final_clip_score": 0.8611524701118469
}