{
  "sum_areas": 0.2383810608245141,
  "final_score": 0.586630427608159,
  "final_size_score": 0.0036811706646319607,
  "final_matched_text_score": 0.7662337662337663,
  "final_position_score": 0.5584784923753324,
  "final_text_color_score": 0.7586900880853017,
  "final_clip_score": 0.8460686206817627
}