{
  "sum_areas": 0.0969124854425466,
  "final_score": 0.4967783138673294,
  "final_size_score": 0.04779298399779354,
  "final_matched_text_score": 0.7373737373737373,
  "final_position_score": 0.5756510416666667,
  "final_text_color_score": 0.33696316672630583,
  "final_clip_score": 0.7861106395721436
}