{
  "sum_areas": 0.17654462237408533,
  "final_score": 0.6981066570846025,
  "final_size_score": 0.4330166242578763,
  "final_matched_text_score": 0.9053304904051173,
  "final_position_score": 0.5230895942694663,
  "final_text_color_score": 0.749094793119581,
  "final_clip_score": 0.8800017833709717
}