{
  "sum_areas": 0.1066239169363681,
  "final_score": 0.5344383323721015,
  "final_size_score": 0.24118712305077625,
  "final_matched_text_score": 0.6755994729907773,
  "final_position_score": 0.3848683650142345,
  "final_text_color_score": 0.5392032423811048,
  "final_clip_score": 0.8313334584236145
}