{
  "sum_areas": 0.24830469834993063,
  "final_score": 0.6267522069044796,
  "final_size_score": 0.04419050403627012,
  "final_matched_text_score": 0.6382978723404256,
  "final_position_score": 0.93984375,
  "final_text_color_score": 0.6960159099462393,
  "final_clip_score": 0.8154129981994629
}