{
  "sum_areas": 0.14346302779513062,
  "final_score": 0.5186962357863416,
  "final_size_score": 0.06226360726887956,
  "final_matched_text_score": 0.5263157894736842,
  "final_position_score": 0.7289554577185466,
  "final_text_color_score": 0.420138543251115,
  "final_clip_score": 0.8558077812194824
}