{
  "sum_areas": 0.27940896096931356,
  "final_score": 0.49313010690345466,
  "final_size_score": 0.15385033445411062,
  "final_matched_text_score": 0.7143613267466478,
  "final_position_score": 0.7710576946383556,
  "final_text_color_score": 1.509796425658294e-07,
  "final_clip_score": 0.8263810276985168
}