{
  "sum_areas": 0.19743176328050488,
  "final_score": 0.5843779941274042,
  "final_size_score": 0.08616028341250798,
  "final_matched_text_score": 0.6592043264082246,
  "final_position_score": 0.5905067524925002,
  "final_text_color_score": 0.7735776169221161,
  "final_clip_score": 0.8124409914016724
}