{
  "sum_areas": 0.12598506639420193,
  "final_score": 0.5749568419852745,
  "final_size_score": 0.28503115687899316,
  "final_matched_text_score": 0.6236383328092792,
  "final_position_score": 0.5015888791063846,
  "final_text_color_score": 0.6316572650819113,
  "final_clip_score": 0.8328685760498047
}