{
  "sum_areas": 0.37106149286073015,
  "final_score": 0.5699596270290052,
  "final_size_score": 0.11455825822137827,
  "final_matched_text_score": 0.589572192513369,
  "final_position_score": 0.4859375,
  "final_text_color_score": 0.7759275916559145,
  "final_clip_score": 0.883802592754364
}