{
  "sum_areas": 0.1404831192691478,
  "final_score": 0.5478250105115786,
  "final_size_score": 0.004680198438254107,
  "final_matched_text_score": 0.5454545454545454,
  "final_position_score": 0.58203125,
  "final_text_color_score": 0.8080858725536434,
  "final_clip_score": 0.7988731861114502
}