{
  "sum_areas": 0.04042643229166667,
  "final_score": 0.8606322478523563,
  "final_size_score": 0.8681590036771614,
  "final_matched_text_score": 0.8823529411764706,
  "final_position_score": 0.9722222222222222,
  "final_text_color_score": 0.7252148605770408,
  "final_clip_score": 0.8552122116088867
}