{
  "sum_areas": 0.1469396979074087,
  "final_score": 0.6193046542255924,
  "final_size_score": 0.21074883036579192,
  "final_matched_text_score": 0.7695652173913045,
  "final_position_score": 0.4923177083333334,
  "final_text_color_score": 0.7740565960617017,
  "final_clip_score": 0.8498349189758301
}