{
  "sum_areas": 0.014114583333333333,
  "final_score": 0.7129990773485528,
  "final_size_score": 0.11462177121771218,
  "final_matched_text_score": 1.0,
  "final_position_score": 0.7659722222222222,
  "final_text_color_score": 0.81135690248862,
  "final_clip_score": 0.873044490814209
}