{
  "sum_areas": 0.06222873263888889,
  "final_score": 0.6783319237635075,
  "final_size_score": 0.0835222319093287,
  "final_matched_text_score": 0.7222222222222222,
  "final_position_score": 0.962890625,
  "final_text_color_score": 0.8564950988061647,
  "final_clip_score": 0.7665294408798218
}