{
  "sum_areas": 0.19508574193282038,
  "final_score": 0.5086098650436278,
  "final_size_score": 0.013924230011865976,
  "final_matched_text_score": 0.5,
  "final_position_score": 0.35234375000000007,
  "final_text_color_score": 0.8661097772894027,
  "final_clip_score": 0.8106715679168701
}