{
  "sum_areas": 0.3395505737602317,
  "final_score": 0.8363777482780197,
  "final_size_score": 0.767636896028313,
  "final_matched_text_score": 0.9102182428141704,
  "final_position_score": 0.7513986948456237,
  "final_text_color_score": 0.8176183948312031,
  "final_clip_score": 0.9350165128707886
}