{
  "sum_areas": 0.05468389288334107,
  "final_score": 0.6791952538780648,
  "final_size_score": 0.03595087390792149,
  "final_matched_text_score": 1.0,
  "final_position_score": 0.8975812845770794,
  "final_text_color_score": 0.7361895285002322,
  "final_clip_score": 0.7262545824050903
}