{
  "sum_areas": 0.08040114362998799,
  "final_score": 0.811870619683234,
  "final_size_score": 0.8949029729865714,
  "final_matched_text_score": 0.969872885085226,
  "final_position_score": 0.6782432595938166,
  "final_text_color_score": 0.6168372466082523,
  "final_clip_score": 0.8994967341423035
}