{
  "sum_areas": 0.30725473574978845,
  "final_score": 0.7610779719457148,
  "final_size_score": 0.7100217187118925,
  "final_matched_text_score": 0.9631803331747352,
  "final_position_score": 0.5412703133812746,
  "final_text_color_score": 0.7326666380611353,
  "final_clip_score": 0.8582508563995361
}