{
  "sum_areas": 0.2216104866425737,
  "final_score": 0.8797339467255578,
  "final_size_score": 0.8852798416963854,
  "final_matched_text_score": 0.946112475610268,
  "final_position_score": 0.8034465141187648,
  "final_text_color_score": 0.9513620158269431,
  "final_clip_score": 0.8124688863754272
}