{
  "sum_areas": 0.4006499500685492,
  "final_score": 0.892007325686246,
  "final_size_score": 0.9846744567481353,
  "final_matched_text_score": 0.9290137275413038,
  "final_position_score": 0.8886021982866597,
  "final_text_color_score": 0.7796330356538674,
  "final_clip_score": 0.8781132102012634
}