{
  "sum_areas": 0.09896925651211297,
  "final_score": 0.8181233547168918,
  "final_size_score": 0.6594185524875484,
  "final_matched_text_score": 0.995373048004627,
  "final_position_score": 0.7214728303776669,
  "final_text_color_score": 0.7936742039817061,
  "final_clip_score": 0.9206781387329102
}