{
  "sum_areas": 0.08511547933034001,
  "final_score": 0.6229976362803198,
  "final_size_score": 0.22426366867020023,
  "final_matched_text_score": 0.7343262411347518,
  "final_position_score": 0.6888529849882443,
  "final_text_color_score": 0.5999087848193095,
  "final_clip_score": 0.867636501789093
}