{
  "sum_areas": 0.1293085616717992,
  "final_score": 0.547883503804309,
  "final_size_score": 0.14073764941082503,
  "final_matched_text_score": 0.7898732846101266,
  "final_position_score": 0.34326467487424234,
  "final_text_color_score": 0.652858685448311,
  "final_clip_score": 0.8126832246780396
}