{
  "sum_areas": 0.28122829861111104,
  "final_score": 0.8406452427611069,
  "final_size_score": 0.8908943591326488,
  "final_matched_text_score": 0.942008613810639,
  "final_position_score": 0.8328734984984986,
  "final_text_color_score": 0.6891963134277432,
  "final_clip_score": 0.8482534289360046
}