{
  "sum_areas": 0.2536901779840537,
  "final_score": 0.9228223919305135,
  "final_size_score": 0.845490602242024,
  "final_matched_text_score": 0.9849526530240998,
  "final_position_score": 0.9148281798086512,
  "final_text_color_score": 0.9243762582775911,
  "final_clip_score": 0.9444642663002014
}