{
  "sum_areas": 0.1789841602933007,
  "final_score": 0.7832221290478588,
  "final_size_score": 0.4994401512675391,
  "final_matched_text_score": 0.9787387945955722,
  "final_position_score": 0.7857614317574341,
  "final_text_color_score": 0.8007333546052903,
  "final_clip_score": 0.8514369130134583
}