{
  "sum_areas": 0.1558364858105799,
  "final_score": 0.9022416482842015,
  "final_size_score": 0.9997463165809696,
  "final_matched_text_score": 0.9900923715738523,
  "final_position_score": 0.8380725856881323,
  "final_text_color_score": 0.8499279509307144,
  "final_clip_score": 0.8333690166473389
}