{
  "sum_areas": 0.215442126944672,
  "final_score": 0.9214321377248883,
  "final_size_score": 0.9975609408361524,
  "final_matched_text_score": 0.9835588185274144,
  "final_position_score": 0.8801196035515517,
  "final_text_color_score": 0.8100662946958344,
  "final_clip_score": 0.9358550310134888
}