{
  "sum_areas": 0.09997786665259566,
  "final_score": 0.8824631466018655,
  "final_size_score": 0.8054452430489539,
  "final_matched_text_score": 0.9993006993006993,
  "final_position_score": 0.8978189504550875,
  "final_text_color_score": 0.814473757284512,
  "final_clip_score": 0.8952770829200745
}