{
  "sum_areas": 0.21245882372508504,
  "final_score": 0.9012179619723906,
  "final_size_score": 0.9727799225685697,
  "final_matched_text_score": 0.9843271401800814,
  "final_position_score": 0.8182693513971142,
  "final_text_color_score": 0.8243155165925004,
  "final_clip_score": 0.9063978791236877
}