{
  "sum_areas": 0.15365589308527927,
  "final_score": 0.7585816794028688,
  "final_size_score": 0.20809984686095526,
  "final_matched_text_score": 0.9283692516174156,
  "final_position_score": 0.8348357117995147,
  "final_text_color_score": 0.937292149129647,
  "final_clip_score": 0.8843114376068115
}