{
  "sum_areas": 0.16770973516218082,
  "final_score": 0.8997370504420952,
  "final_size_score": 1.0,
  "final_matched_text_score": 0.9713249487373586,
  "final_position_score": 0.768248561627751,
  "final_text_color_score": 0.908243755166289,
  "final_clip_score": 0.8508679866790771
}