{
  "sum_areas": 0.3380665066524233,
  "final_score": 0.9074044929625806,
  "final_size_score": 0.9822473529392345,
  "final_matched_text_score": 0.9379701780410387,
  "final_position_score": 0.8482456954137155,
  "final_text_color_score": 0.8336140723079226,
  "final_clip_score": 0.9349451661109924
}