{
  "sum_areas": 0.40052075892857153,
  "final_score": 0.789105326671454,
  "final_size_score": 0.3776225179242344,
  "final_matched_text_score": 1.0,
  "final_position_score": 0.8698704751936661,
  "final_text_color_score": 0.8481474016643878,
  "final_clip_score": 0.8498862385749817
}