{
  "sum_areas": 0.2573414392238102,
  "final_score": 0.7854678321849494,
  "final_size_score": 0.2873211619150331,
  "final_matched_text_score": 0.9768121368917938,
  "final_position_score": 0.8479881631294728,
  "final_text_color_score": 0.8549844874711128,
  "final_clip_score": 0.960233211517334
}