{
  "sum_areas": 0.3362615755890053,
  "final_score": 0.8694249937763943,
  "final_size_score": 0.9508017530391658,
  "final_matched_text_score": 0.8779473011023862,
  "final_position_score": 0.7770090344813483,
  "final_text_color_score": 0.8020106724114759,
  "final_clip_score": 0.9393562078475952
}