{
  "sum_areas": 0.3483397481967971,
  "final_score": 0.95086783591743,
  "final_size_score": 1.0000000000000002,
  "final_matched_text_score": 0.9934287270368579,
  "final_position_score": 0.9395047274721233,
  "final_text_color_score": 0.9768046303554205,
  "final_clip_score": 0.8446010947227478
}