{
  "sum_areas": 0.3296011411030641,
  "final_score": 0.7821758245573884,
  "final_size_score": 0.37775940564052013,
  "final_matched_text_score": 0.9739718261982222,
  "final_position_score": 0.8414027645159706,
  "final_text_color_score": 0.815673650449563,
  "final_clip_score": 0.902071475982666
}