{
  "sum_areas": 0.22514865451388894,
  "final_score": 0.9012885933669182,
  "final_size_score": 0.9955180074892649,
  "final_matched_text_score": 0.9641488866003566,
  "final_position_score": 0.6151348039215687,
  "final_text_color_score": 0.9842482090928709,
  "final_clip_score": 0.9473930597305298
}