{
  "sum_areas": 0.5068423273790977,
  "final_score": 0.941423932235018,
  "final_size_score": 0.997735003765318,
  "final_matched_text_score": 0.9296354969813347,
  "final_position_score": 0.9043735569656493,
  "final_text_color_score": 0.9970459687963447,
  "final_clip_score": 0.8783296346664429
}