{
  "sum_areas": 0.2919541914623586,
  "final_score": 0.7402678409226511,
  "final_size_score": 0.3626873464598284,
  "final_matched_text_score": 0.9377745863788993,
  "final_position_score": 0.8105464324241402,
  "final_text_color_score": 0.7709648611094203,
  "final_clip_score": 0.8193659782409668
}