{
  "sum_areas": 0.12762560758683517,
  "final_score": 0.8908609273133274,
  "final_size_score": 0.9757076263456064,
  "final_matched_text_score": 0.9668923061365268,
  "final_position_score": 0.7851130500401611,
  "final_text_color_score": 0.7790892793952952,
  "final_clip_score": 0.9475023746490479
}