{
  "sum_areas": 0.3348637783198393,
  "final_score": 0.8915842030901747,
  "final_size_score": 0.9905451221435614,
  "final_matched_text_score": 0.9698282582054961,
  "final_position_score": 0.8808564073219634,
  "final_text_color_score": 0.7004998286824101,
  "final_clip_score": 0.9161913990974426
}