{
  "sum_areas": 0.3040479534598844,
  "final_score": 0.8006541941211527,
  "final_size_score": 0.4854541871308647,
  "final_matched_text_score": 0.982265642478932,
  "final_position_score": 0.7789458296008759,
  "final_text_color_score": 0.8573937854780375,
  "final_clip_score": 0.8992115259170532
}