{
  "sum_areas": 0.3401433145869692,
  "final_score": 0.8605553275255009,
  "final_size_score": 0.667307976325307,
  "final_matched_text_score": 0.9765788299920767,
  "final_position_score": 0.8399484099336207,
  "final_text_color_score": 0.9082453917134133,
  "final_clip_score": 0.9106960296630859
}