{
  "sum_areas": 0.5714991336260826,
  "final_score": 0.8951281213475429,
  "final_size_score": 0.9964577252786685,
  "final_matched_text_score": 0.9465452385913093,
  "final_position_score": 0.8617898199778441,
  "final_text_color_score": 0.7941382424684443,
  "final_clip_score": 0.8767095804214478
}