{
  "sum_areas": 0.1277196791850268,
  "final_score": 0.5325445055640002,
  "final_size_score": 0.2415316898400686,
  "final_matched_text_score": 0.7617721518987342,
  "final_position_score": 0.4186038702761807,
  "final_text_color_score": 0.36112553958660343,
  "final_clip_score": 0.8796892762184143
}