{
  "sum_areas": 0.07754429780756218,
  "final_score": 0.5757650406065224,
  "final_size_score": 0.022482689360059583,
  "final_matched_text_score": 0.5263157894736842,
  "final_position_score": 0.74140625,
  "final_text_color_score": 0.7695316575561071,
  "final_clip_score": 0.8190888166427612
}