{
  "sum_areas": 0.15622602696063578,
  "final_score": 0.5042077510033758,
  "final_size_score": 0.043758120763270424,
  "final_matched_text_score": 0.853874883286648,
  "final_position_score": 0.31197157871941267,
  "final_text_color_score": 0.45710172519554554,
  "final_clip_score": 0.854332447052002
}