{
  "sum_areas": 0.29167853475680083,
  "final_score": 0.4709044732307172,
  "final_size_score": 0.007164870074189499,
  "final_matched_text_score": 0.5,
  "final_position_score": 0.6745049980776624,
  "final_text_color_score": 0.35870454878298386,
  "final_clip_score": 0.81414794921875
}