{
  "sum_areas": 0.07338909615340172,
  "final_score": 0.5360661877937622,
  "final_size_score": 0.22040147733504037,
  "final_matched_text_score": 0.8636363636363636,
  "final_position_score": 0.6160549474833611,
  "final_text_color_score": 0.16848165885297423,
  "final_clip_score": 0.8117564916610718
}