{
  "sum_areas": 0.17059576309831523,
  "final_score": 0.6093054359118556,
  "final_size_score": 0.2248453552319304,
  "final_matched_text_score": 0.8458892328861368,
  "final_position_score": 0.6016137977724155,
  "final_text_color_score": 0.5427333381176479,
  "final_clip_score": 0.8314454555511475
}