{
  "sum_areas": 0.1395482232428607,
  "final_score": 0.5826996456989616,
  "final_size_score": 0.17140443445555156,
  "final_matched_text_score": 1.0,
  "final_position_score": 0.778515625,
  "final_text_color_score": 0.15132099836207102,
  "final_clip_score": 0.8122571706771851
}