{
  "sum_areas": 0.25647607981500076,
  "final_score": 0.5405580060419382,
  "final_size_score": 0.020656975590284194,
  "final_matched_text_score": 0.5227272727272727,
  "final_position_score": 0.7216657739473955,
  "final_text_color_score": 0.7242833772379508,
  "final_clip_score": 0.7134566307067871
}