{
  "sum_areas": 0.08930438299207792,
  "final_score": 0.5935472201409402,
  "final_size_score": 0.023493049955857215,
  "final_matched_text_score": 0.7727272727272727,
  "final_position_score": 0.875305641041529,
  "final_text_color_score": 0.4042030244769905,
  "final_clip_score": 0.8920071125030518
}