{
  "sum_areas": 0.16459796806513696,
  "final_score": 0.5419540378182559,
  "final_size_score": 0.004900046166951051,
  "final_matched_text_score": 1.0,
  "final_position_score": 0.2515793010752688,
  "final_text_color_score": 0.5769071796252432,
  "final_clip_score": 0.8763836622238159
}