{
  "sum_areas": 0.11080078124999995,
  "final_score": 0.6752498153007847,
  "final_size_score": 0.15581604872985103,
  "final_matched_text_score": 0.8828607404500263,
  "final_position_score": 0.7540333581349207,
  "final_text_color_score": 0.8488786613592298,
  "final_clip_score": 0.734660267829895
}