{
  "sum_areas": 0.283339031233544,
  "final_score": 0.6473889837228485,
  "final_size_score": 0.028965417405690874,
  "final_matched_text_score": 0.9230769230769231,
  "final_position_score": 0.4793970510795156,
  "final_text_color_score": 0.9003660211889232,
  "final_clip_score": 0.9051395058631897
}