{
  "sum_areas": 0.14729430049032902,
  "final_score": 0.5618526108994439,
  "final_size_score": 0.022254905123839812,
  "final_matched_text_score": 0.8823529411764706,
  "final_position_score": 0.559652928416486,
  "final_text_color_score": 0.5636396270017976,
  "final_clip_score": 0.7813626527786255
}