{
  "sum_areas": 0.09981714618892235,
  "final_score": 0.7104877090388907,
  "final_size_score": 0.22610199765745728,
  "final_matched_text_score": 0.7149877149877151,
  "final_position_score": 0.8343750000000001,
  "final_text_color_score": 0.9990109094993539,
  "final_clip_score": 0.7779629230499268
}