{
  "sum_areas": 0.20429383195608317,
  "final_score": 0.49792024271776597,
  "final_size_score": 0.02625473352644375,
  "final_matched_text_score": 0.6777777777777777,
  "final_position_score": 0.5232775482360852,
  "final_text_color_score": 0.4546737281299443,
  "final_clip_score": 0.8076174259185791
}