{
  "sum_areas": 0.19523361374709136,
  "final_score": 0.5244322094578182,
  "final_size_score": 0.003192272480967734,
  "final_matched_text_score": 1.0,
  "final_position_score": 0.4453125,
  "final_text_color_score": 0.3369631667263059,
  "final_clip_score": 0.8366931080818176
}