{
  "sum_areas": 0.37776082011767453,
  "final_score": 0.5260410642161352,
  "final_size_score": 0.014662901791213856,
  "final_matched_text_score": 0.5853658536585366,
  "final_position_score": 0.745703125,
  "final_text_color_score": 0.4388998961286674,
  "final_clip_score": 0.8455735445022583
}