{
  "sum_areas": 0.17073625937043657,
  "final_score": 0.5649149599013958,
  "final_size_score": 0.4023813772579281,
  "final_matched_text_score": 0.7158891142663962,
  "final_position_score": 0.5315662768761586,
  "final_text_color_score": 0.3296817357115989,
  "final_clip_score": 0.8450562953948975
}