{
  "sum_areas": 0.3775652622995309,
  "final_score": 0.632631609597671,
  "final_size_score": 0.026266927415977713,
  "final_matched_text_score": 0.6813725490196079,
  "final_position_score": 0.7337706909271073,
  "final_text_color_score": 0.8715958649396263,
  "final_clip_score": 0.8501520156860352
}