{
  "sum_areas": 0.18720173942583604,
  "final_score": 0.5369647956837471,
  "final_size_score": 0.018703551819288497,
  "final_matched_text_score": 0.875,
  "final_position_score": 0.44022424401280214,
  "final_text_color_score": 0.5353620081443538,
  "final_clip_score": 0.8155341744422913
}