{
  "sum_areas": 0.2970883505183385,
  "final_score": 0.6413933269457465,
  "final_size_score": 0.1750053348024059,
  "final_matched_text_score": 0.8247422680412371,
  "final_position_score": 0.6765625000000001,
  "final_text_color_score": 0.6094641242770571,
  "final_clip_score": 0.9211924076080322
}