{
  "sum_areas": 0.2300880136519905,
  "final_score": 0.5336911742733994,
  "final_size_score": 0.02378892242116083,
  "final_matched_text_score": 0.5517241379310345,
  "final_position_score": 0.6843619534168315,
  "final_text_color_score": 0.5728345096937646,
  "final_clip_score": 0.8357463479042053
}