{
  "sum_areas": 0.21152944669427776,
  "final_score": 0.568945564985328,
  "final_size_score": 0.11702329606411466,
  "final_matched_text_score": 0.75,
  "final_position_score": 0.447265625,
  "final_text_color_score": 0.7604813614430912,
  "final_clip_score": 0.7699575424194336
}