{
  "sum_areas": 0.16623943191126406,
  "final_score": 0.8918414985266477,
  "final_size_score": 0.996268006906473,
  "final_matched_text_score": 0.9917634176525847,
  "final_position_score": 0.8712061288655724,
  "final_text_color_score": 0.6864605703121239,
  "final_clip_score": 0.9135093688964844
}