{
  "sum_areas": 0.1685813822775957,
  "final_score": 0.813905815958222,
  "final_size_score": 0.5209835642025978,
  "final_matched_text_score": 0.9976430976430977,
  "final_position_score": 0.8204957120181252,
  "final_text_color_score": 0.7843212528938422,
  "final_clip_score": 0.9460854530334473
}