{
  "sum_areas": 0.2187352996143096,
  "final_score": 0.8748928412705053,
  "final_size_score": 0.9116305373323143,
  "final_matched_text_score": 0.9683512095713852,
  "final_position_score": 0.8884993297731225,
  "final_text_color_score": 0.6944822584942155,
  "final_clip_score": 0.911500871181488
}