{
  "sum_areas": 0.3907625986385928,
  "final_score": 0.9019055433401304,
  "final_size_score": 0.9966107506040445,
  "final_matched_text_score": 0.9462161659603736,
  "final_position_score": 0.9055635273336275,
  "final_text_color_score": 0.7197543282187138,
  "final_clip_score": 0.9413829445838928
}