{
  "sum_areas": 0.020631430588669397,
  "final_score": 0.8040179184271573,
  "final_size_score": 0.23198455857179684,
  "final_matched_text_score": 1.0,
  "final_position_score": 0.9945031032394793,
  "final_text_color_score": 0.90567845124431,
  "final_clip_score": 0.8879234790802002
}