{
  "sum_areas": 0.16831373694028323,
  "final_score": 0.8586762152515274,
  "final_size_score": 0.9827003329052433,
  "final_matched_text_score": 0.9502045748891924,
  "final_position_score": 0.649807076143067,
  "final_text_color_score": 0.777090481899907,
  "final_clip_score": 0.933578610420227
}