{
  "sum_areas": 0.3488995685093662,
  "final_score": 0.9392107079542253,
  "final_size_score": 0.9947908666793357,
  "final_matched_text_score": 0.9928615717397322,
  "final_position_score": 0.9434155437861222,
  "final_text_color_score": 0.8460657558539002,
  "final_clip_score": 0.9189198017120361
}