{
  "sum_areas": 0.42566928685292277,
  "final_score": 0.8303802199694741,
  "final_size_score": 0.7339380197179728,
  "final_matched_text_score": 0.8900845723552754,
  "final_position_score": 0.8768640770030797,
  "final_text_color_score": 0.7538730337716822,
  "final_clip_score": 0.8971413969993591
}