{
  "sum_areas": 0.5207701496711992,
  "final_score": 0.9498355861547227,
  "final_size_score": 1.0,
  "final_matched_text_score": 0.9676883485821375,
  "final_position_score": 0.9144692161880962,
  "final_text_color_score": 0.9503728125594711,
  "final_clip_score": 0.9166475534439087
}