{
  "sum_areas": 0.3665407400353824,
  "final_score": 0.7452699079882779,
  "final_size_score": 0.4579516583264644,
  "final_matched_text_score": 0.9326430775052915,
  "final_position_score": 0.7184696277467887,
  "final_text_color_score": 0.7386296234987701,
  "final_clip_score": 0.8786555528640747
}