{
  "sum_areas": 0.246581595844358,
  "final_score": 0.8694819296972363,
  "final_size_score": 0.6245526077994322,
  "final_matched_text_score": 0.9928615590380296,
  "final_position_score": 0.847985532351698,
  "final_text_color_score": 0.9396562834683166,
  "final_clip_score": 0.9423536658287048
}