{
  "sum_areas": 0.2824229105605724,
  "final_score": 0.8931201218305671,
  "final_size_score": 0.9006844329710928,
  "final_matched_text_score": 0.9452618058498853,
  "final_position_score": 0.933970960771846,
  "final_text_color_score": 0.8151873749378188,
  "final_clip_score": 0.8704960346221924
}