{
  "sum_areas": 0.3144550841691571,
  "final_score": 0.8841311996827234,
  "final_size_score": 0.9427391509937522,
  "final_matched_text_score": 0.9665657409960862,
  "final_position_score": 0.8231420475521932,
  "final_text_color_score": 0.7626981755402861,
  "final_clip_score": 0.9255108833312988
}