{
  "sum_areas": 0.22029142587636985,
  "final_score": 0.8943180354605303,
  "final_size_score": 0.9484563461402737,
  "final_matched_text_score": 0.9976896094890413,
  "final_position_score": 0.8500521067867918,
  "final_text_color_score": 0.76182570434501,
  "final_clip_score": 0.9135664105415344
}