{
  "sum_areas": 0.24231179875098902,
  "final_score": 0.8261301867153779,
  "final_size_score": 0.5094970896995937,
  "final_matched_text_score": 0.95503246795069,
  "final_position_score": 0.843409592032402,
  "final_text_color_score": 0.9110002102934344,
  "final_clip_score": 0.911711573600769
}