{
  "sum_areas": 0.34314228372897954,
  "final_score": 0.8654110241894304,
  "final_size_score": 0.9999999999999999,
  "final_matched_text_score": 0.8783947272292145,
  "final_position_score": 0.6831534491107589,
  "final_text_color_score": 0.8461488103374639,
  "final_clip_score": 0.9193581342697144
}