{
  "sum_areas": 0.20798657079811436,
  "final_score": 0.8069899781124183,
  "final_size_score": 0.8767481449667573,
  "final_matched_text_score": 0.9929393261450992,
  "final_position_score": 0.7534229369797592,
  "final_text_color_score": 0.5494182082852954,
  "final_clip_score": 0.8624212741851807
}