{
  "sum_areas": 0.15118651362728525,
  "final_score": 0.88602720224692,
  "final_size_score": 0.9575337065406654,
  "final_matched_text_score": 0.9658255890989651,
  "final_position_score": 0.8300954444138614,
  "final_text_color_score": 0.7644799858188646,
  "final_clip_score": 0.9122012853622437
}