{
  "sum_areas": 0.22850647477622058,
  "final_score": 0.9470479090586812,
  "final_size_score": 1.0,
  "final_matched_text_score": 0.9959093769666456,
  "final_position_score": 0.9391935059880991,
  "final_text_color_score": 0.875387228344368,
  "final_clip_score": 0.9247494339942932
}