{
  "sum_areas": 0.17996759676317098,
  "final_score": 0.9064399440712205,
  "final_size_score": 0.9971519889635257,
  "final_matched_text_score": 0.9911439987029881,
  "final_position_score": 0.8948451572760405,
  "final_text_color_score": 0.744128997109257,
  "final_clip_score": 0.9049295783042908
}