{
  "sum_areas": 0.3012474227914551,
  "final_score": 0.9052099864492062,
  "final_size_score": 0.9998687685618559,
  "final_matched_text_score": 0.9936906085409248,
  "final_position_score": 0.8477911882264886,
  "final_text_color_score": 0.7989916905060863,
  "final_clip_score": 0.885707676410675
}