{
  "sum_areas": 0.6178377515412857,
  "final_score": 0.8834738223633871,
  "final_size_score": 0.9999999999999998,
  "final_matched_text_score": 0.9367935266972495,
  "final_position_score": 0.8686632272433396,
  "final_text_color_score": 0.6928384185529212,
  "final_clip_score": 0.9190739393234253
}