{
  "sum_areas": 0.08395072135244548,
  "final_score": 0.5675990237103136,
  "final_size_score": 0.11112219096797062,
  "final_matched_text_score": 0.6666666666666666,
  "final_position_score": 0.3695312500000001,
  "final_text_color_score": 0.8063179161522208,
  "final_clip_score": 0.8843570947647095
}