{
  "sum_areas": 0.04910459085821887,
  "final_score": 0.49392373774783505,
  "final_size_score": 0.03203621436951863,
  "final_matched_text_score": 0.9117647058823529,
  "final_position_score": 0.14155862270517283,
  "final_text_color_score": 0.5687277131534992,
  "final_clip_score": 0.8155314326286316
}