{
  "sum_areas": 0.04804036458333333,
  "final_score": 0.427184742196092,
  "final_size_score": 0.23094818629443922,
  "final_matched_text_score": 0.5777777777777777,
  "final_position_score": 0.576953125,
  "final_text_color_score": 0.007299904501016474,
  "final_clip_score": 0.7429447174072266
}