{
  "sum_areas": 0.31028775611810305,
  "final_score": 0.6753906477920253,
  "final_size_score": 0.012734602000325643,
  "final_matched_text_score": 0.6956521739130435,
  "final_position_score": 0.8026770926053204,
  "final_text_color_score": 1.0,
  "final_clip_score": 0.8658893704414368
}