{
  "sum_areas": 0.11062957676477053,
  "final_score": 0.6765524540781657,
  "final_size_score": 0.1479094037226045,
  "final_matched_text_score": 0.9855072463768116,
  "final_position_score": 0.9048099347014926,
  "final_text_color_score": 0.5225754747897482,
  "final_clip_score": 0.8219602108001709
}