{
  "sum_areas": 0.05254288890624174,
  "final_score": 0.5593744792081684,
  "final_size_score": 0.023942736187146273,
  "final_matched_text_score": 0.5263157894736842,
  "final_position_score": 0.5671875,
  "final_text_color_score": 0.8459132297016057,
  "final_clip_score": 0.8335131406784058
}