{
  "sum_areas": 0.12926232493323753,
  "final_score": 0.6247041883196301,
  "final_size_score": 0.23117477202634507,
  "final_matched_text_score": 0.7198135198135197,
  "final_position_score": 0.5617932734830359,
  "final_text_color_score": 0.8059619924709286,
  "final_clip_score": 0.8047773838043213
}