{
  "sum_areas": 0.14264922306852976,
  "final_score": 0.5942540466801435,
  "final_size_score": 0.06635792611977163,
  "final_matched_text_score": 0.9262295081967213,
  "final_position_score": 0.6149322643263343,
  "final_text_color_score": 0.5460648114531415,
  "final_clip_score": 0.8176857233047485
}