{
  "sum_areas": 0.13042018927656507,
  "final_score": 0.6126229565340736,
  "final_size_score": 0.20779234682142753,
  "final_matched_text_score": 0.808038429128518,
  "final_position_score": 0.5567008747778438,
  "final_text_color_score": 0.7303812009428228,
  "final_clip_score": 0.7602019309997559
}