{
  "sum_areas": 0.2976343371747335,
  "final_score": 0.6401452308073488,
  "final_size_score": 0.01537062658576412,
  "final_matched_text_score": 1.0,
  "final_position_score": 0.720051700944131,
  "final_text_color_score": 0.6405033947784857,
  "final_clip_score": 0.824800431728363
}