{
  "sum_areas": 0.14895107809134678,
  "final_score": 0.6306261855093264,
  "final_size_score": 0.1422284364638354,
  "final_matched_text_score": 0.7404643449419569,
  "final_position_score": 0.6870114341821868,
  "final_text_color_score": 0.683819768828159,
  "final_clip_score": 0.8996069431304932
}