{
  "sum_areas": 0.13855234677482892,
  "final_score": 0.5625173037690869,
  "final_size_score": 0.006852960779800802,
  "final_matched_text_score": 0.5,
  "final_position_score": 0.8429687499999999,
  "final_text_color_score": 0.628558882601004,
  "final_clip_score": 0.8342059254646301
}