{
  "sum_areas": 0.1862569100987755,
  "final_score": 0.576882135627905,
  "final_size_score": 0.06659846347007642,
  "final_matched_text_score": 0.7054545454545454,
  "final_position_score": 0.5556389499149684,
  "final_text_color_score": 0.7601935389601218,
  "final_clip_score": 0.7965251803398132
}