{
  "sum_areas": 0.06963475587562395,
  "final_score": 0.5628415542546017,
  "final_size_score": 0.10198048142297225,
  "final_matched_text_score": 0.7905011655011656,
  "final_position_score": 0.5851064439283293,
  "final_text_color_score": 0.508880560890817,
  "final_clip_score": 0.8277391195297241
}