{
  "sum_areas": 0.3708221284161357,
  "final_score": 0.6063420097829345,
  "final_size_score": 0.11095850151536095,
  "final_matched_text_score": 0.7453379953379953,
  "final_position_score": 0.5387431693276259,
  "final_text_color_score": 0.726568313355791,
  "final_clip_score": 0.9101020693778992
}