{
  "sum_areas": 0.15236219618055558,
  "final_score": 0.5867025469820542,
  "final_size_score": 0.11343355861469766,
  "final_matched_text_score": 0.6949832775919732,
  "final_position_score": 0.5243055555555555,
  "final_text_color_score": 0.7445294474189795,
  "final_clip_score": 0.8562608957290649
}