{
  "sum_areas": 0.14665818398432326,
  "final_score": 0.5995055445371836,
  "final_size_score": 0.03043225284283488,
  "final_matched_text_score": 0.7727272727272727,
  "final_position_score": 0.30899143635776716,
  "final_text_color_score": 0.9967832062612779,
  "final_clip_score": 0.8885935544967651
}