{
  "sum_areas": 0.16006087968463342,
  "final_score": 0.4758061561524383,
  "final_size_score": 0.04583996630230146,
  "final_matched_text_score": 0.5603448275862069,
  "final_position_score": 0.4716548552129153,
  "final_text_color_score": 0.43305496413452266,
  "final_clip_score": 0.8681361675262451
}