{
  "sum_areas": 0.3357547098915391,
  "final_score": 0.500006921398174,
  "final_size_score": 0.12281577413482463,
  "final_matched_text_score": 0.5390070921985816,
  "final_position_score": 0.6818732822928937,
  "final_text_color_score": 0.3133183768444898,
  "final_clip_score": 0.8430200815200806
}