{
  "sum_areas": 0.2586617677095348,
  "final_score": 0.4098348314833456,
  "final_size_score": 0.004100455149055495,
  "final_matched_text_score": 0.6153846153846154,
  "final_position_score": 0.26269944252210686,
  "final_text_color_score": 0.33606614668410084,
  "final_clip_score": 0.8309234976768494
}