{
  "sum_areas": 0.2962312263336967,
  "final_score": 0.5204830825632053,
  "final_size_score": 0.011337108797582656,
  "final_matched_text_score": 0.6698292220113852,
  "final_position_score": 0.5835513078470825,
  "final_text_color_score": 0.47679904102093823,
  "final_clip_score": 0.8608987331390381
}