{
  "sum_areas": 0.15033428110444877,
  "final_score": 0.5715425656361863,
  "final_size_score": 0.19427756389528864,
  "final_matched_text_score": 0.595352016404648,
  "final_position_score": 0.6581876820640865,
  "final_text_color_score": 0.5890810158939654,
  "final_clip_score": 0.8208145499229431
}