{
  "sum_areas": 0.11550998263888883,
  "final_score": 0.5973879074236672,
  "final_size_score": 0.12857196535592846,
  "final_matched_text_score": 0.6484471417484128,
  "final_position_score": 0.6645206404320988,
  "final_text_color_score": 0.7799206421476612,
  "final_clip_score": 0.7654791474342346
}