{
  "sum_areas": 0.19382163755491558,
  "final_score": 0.8804389435282266,
  "final_size_score": 0.995207865044576,
  "final_matched_text_score": 0.9873393768349634,
  "final_position_score": 0.8025601490612461,
  "final_text_color_score": 0.7046501261540825,
  "final_clip_score": 0.9124372005462646
}