{
  "sum_areas": 0.03731433421514091,
  "final_score": 0.7096718771474549,
  "final_size_score": 0.5509104212911562,
  "final_matched_text_score": 0.9097962874118907,
  "final_position_score": 0.38779413959326425,
  "final_text_color_score": 0.7999884994084316,
  "final_clip_score": 0.8998700380325317
}