{
  "sum_areas": 0.195540351007109,
  "final_score": 0.8366711414318285,
  "final_size_score": 0.8366225956153748,
  "final_matched_text_score": 0.9869619633237198,
  "final_position_score": 0.7669427954534894,
  "final_text_color_score": 0.8112060621552917,
  "final_clip_score": 0.7816222906112671
}