{
  "sum_areas": 0.44799378259198397,
  "final_score": 0.8841240914081651,
  "final_size_score": 1.0,
  "final_matched_text_score": 0.954287398752013,
  "final_position_score": 0.8635602781025786,
  "final_text_color_score": 0.6714694578710176,
  "final_clip_score": 0.9313033223152161
}