{
  "sum_areas": 0.587001280403259,
  "final_score": 0.735498341572771,
  "final_size_score": 0.43382477049832574,
  "final_matched_text_score": 0.9479623835811556,
  "final_position_score": 0.5849062730159398,
  "final_text_color_score": 0.851176755957643,
  "final_clip_score": 0.859621524810791
}