{
  "sum_areas": 0.22716311195741865,
  "final_score": 0.7716337874967065,
  "final_size_score": 0.6715935756594219,
  "final_matched_text_score": 0.9989837398373984,
  "final_position_score": 0.8282945294790921,
  "final_text_color_score": 0.5859496551258758,
  "final_clip_score": 0.7733474373817444
}