{
  "sum_areas": 0.09079916163046518,
  "final_score": 0.6933019037863585,
  "final_size_score": 0.22882076053070982,
  "final_matched_text_score": 0.7457971014492754,
  "final_position_score": 0.8409514117501506,
  "final_text_color_score": 0.8283783255124778,
  "final_clip_score": 0.8225619196891785
}