{
  "sum_areas": 0.22955683847774316,
  "final_score": 0.9006165745463408,
  "final_size_score": 0.995429229531645,
  "final_matched_text_score": 0.9977086805029541,
  "final_position_score": 0.8900223910538371,
  "final_text_color_score": 0.7511137060960876,
  "final_clip_score": 0.8688088655471802
}