{
  "sum_areas": 0.03327637168677836,
  "final_score": 0.9155015275961571,
  "final_size_score": 0.8458911908087329,
  "final_matched_text_score": 1.0,
  "final_position_score": 0.9516376170451774,
  "final_text_color_score": 0.8474288766661815,
  "final_clip_score": 0.9325499534606934
}