{
  "sum_areas": 0.1769269570310886,
  "final_score": 0.8148209027852232,
  "final_size_score": 0.8770548749777718,
  "final_matched_text_score": 0.9190691850571406,
  "final_position_score": 0.7553943406264204,
  "final_text_color_score": 0.6714545548465098,
  "final_clip_score": 0.8511315584182739
}