{
  "sum_areas": 0.42043476008130237,
  "final_score": 0.8074667729962948,
  "final_size_score": 0.687690266356621,
  "final_matched_text_score": 0.9561835782466332,
  "final_position_score": 0.7406102841121693,
  "final_text_color_score": 0.7507583523320283,
  "final_clip_score": 0.902091383934021
}