{
  "sum_areas": 0.14447184697640214,
  "final_score": 0.8488957046447002,
  "final_size_score": 0.8977325529339972,
  "final_matched_text_score": 0.9941836918785592,
  "final_position_score": 0.8631450560190146,
  "final_text_color_score": 0.6732260259502798,
  "final_clip_score": 0.8161911964416504
}