{
  "sum_areas": 0.48213103625249554,
  "final_score": 0.9506470309350257,
  "final_size_score": 1.0000000000000002,
  "final_matched_text_score": 0.9964357638333919,
  "final_position_score": 0.8398437142610513,
  "final_text_color_score": 0.974879172350185,
  "final_clip_score": 0.9420765042304993
}