{
  "sum_areas": 0.2857950715145217,
  "final_score": 0.6990905595233304,
  "final_size_score": 0.2727796738346621,
  "final_matched_text_score": 0.8822768241655381,
  "final_position_score": 0.8286784042855649,
  "final_text_color_score": 0.6310868061203764,
  "final_clip_score": 0.8806310892105103
}