{
  "sum_areas": 0.25892166910299214,
  "final_score": 0.8938461506525363,
  "final_size_score": 1.0,
  "final_matched_text_score": 0.9990826682210862,
  "final_position_score": 0.8411347790263961,
  "final_text_color_score": 0.7499852241212779,
  "final_clip_score": 0.8790280818939209
}