{
  "sum_areas": 0.07573628863127628,
  "final_score": 0.9209856575233402,
  "final_size_score": 0.9207211382303231,
  "final_matched_text_score": 0.9912574324329304,
  "final_position_score": 0.9313274797600459,
  "final_text_color_score": 0.8545862903473925,
  "final_clip_score": 0.9070359468460083
}