{
  "sum_areas": 0.20558626902123658,
  "final_score": 0.8993736500999028,
  "final_size_score": 0.998482353134329,
  "final_matched_text_score": 0.9909042553191489,
  "final_position_score": 0.8691604227859256,
  "final_text_color_score": 0.7501232011860745,
  "final_clip_score": 0.8881980180740356
}