{
  "sum_areas": 0.49900249654736556,
  "final_score": 0.9433976909419068,
  "final_size_score": 0.9983771897739161,
  "final_matched_text_score": 0.9695791852027866,
  "final_position_score": 0.8957242802731304,
  "final_text_color_score": 0.9099459210646201,
  "final_clip_score": 0.9433618783950806
}