{
  "sum_areas": 0.15885840000270096,
  "final_score": 0.8550371440385715,
  "final_size_score": 0.7611824506736924,
  "final_matched_text_score": 0.996704444980307,
  "final_position_score": 0.8522249040749982,
  "final_text_color_score": 0.7516717207186816,
  "final_clip_score": 0.9134021997451782
}