{
  "sum_areas": 0.3593349687278287,
  "final_score": 0.8646243435183267,
  "final_size_score": 0.9656340817982606,
  "final_matched_text_score": 0.9320196268078116,
  "final_position_score": 0.7713648424461078,
  "final_text_color_score": 0.7212622232029672,
  "final_clip_score": 0.9328409433364868
}