{
  "sum_areas": 0.13102883789005113,
  "final_score": 0.8934127447657286,
  "final_size_score": 0.9737895547807391,
  "final_matched_text_score": 0.9935405431962846,
  "final_position_score": 0.8123816332669004,
  "final_text_color_score": 0.7802837400212421,
  "final_clip_score": 0.9070682525634766
}