{
  "sum_areas": 0.5827106604149349,
  "final_score": 0.8863989597233936,
  "final_size_score": 0.9959499178546243,
  "final_matched_text_score": 0.95418893959452,
  "final_position_score": 0.9014000135566034,
  "final_text_color_score": 0.6399256274708395,
  "final_clip_score": 0.9405303001403809
}