{
  "sum_areas": 0.07322500735740865,
  "final_score": 0.9352717548387126,
  "final_size_score": 0.9945612922991808,
  "final_matched_text_score": 0.995475113122172,
  "final_position_score": 0.9297043325826221,
  "final_text_color_score": 0.8155251874118167,
  "final_clip_score": 0.941092848777771
}