{
  "sum_areas": 0.24612504030493565,
  "final_score": 0.7939585015849028,
  "final_size_score": 0.5105556446639321,
  "final_matched_text_score": 0.9999379383106808,
  "final_position_score": 0.8571993085766703,
  "final_text_color_score": 0.7856857369786988,
  "final_clip_score": 0.8164138793945312
}