{
  "sum_areas": 0.25245356126114804,
  "final_score": 0.9450496223431476,
  "final_size_score": 0.9884759038822541,
  "final_matched_text_score": 0.9956649441072573,
  "final_position_score": 0.9399920181175139,
  "final_text_color_score": 0.8627175996583952,
  "final_clip_score": 0.9383976459503174
}