{
  "sum_areas": 0.2207117625643457,
  "final_score": 0.934353037332087,
  "final_size_score": 1.0000000000000002,
  "final_matched_text_score": 1.0,
  "final_position_score": 0.9402271386615154,
  "final_text_color_score": 0.8031490947899959,
  "final_clip_score": 0.9283889532089233
}