{
  "sum_areas": 0.28734550919964275,
  "final_score": 0.9302173919933843,
  "final_size_score": 0.9986251508603898,
  "final_matched_text_score": 0.9733291289397921,
  "final_position_score": 0.9469817963190754,
  "final_text_color_score": 0.8108236505331501,
  "final_clip_score": 0.9213272333145142
}