{
  "sum_areas": 0.23788178814007768,
  "final_score": 0.8908384608090005,
  "final_size_score": 0.9411724704874134,
  "final_matched_text_score": 0.9709058944989871,
  "final_position_score": 0.8655834264363691,
  "final_text_color_score": 0.8654325330766401,
  "final_clip_score": 0.8110979795455933
}