{
  "sum_areas": 0.258857421875,
  "final_score": 0.8897993570973309,
  "final_size_score": 0.8828359804328414,
  "final_matched_text_score": 0.9309346441782433,
  "final_position_score": 0.8758049242424243,
  "final_text_color_score": 0.9173598362196327,
  "final_clip_score": 0.8420614004135132
}