{
  "sum_areas": 0.40609872361271904,
  "final_score": 0.9346460570954275,
  "final_size_score": 0.9097829538785931,
  "final_matched_text_score": 0.9339611724612193,
  "final_position_score": 0.9461796567194325,
  "final_text_color_score": 0.9848055830758515,
  "final_clip_score": 0.898500919342041
}