{
  "sum_areas": 0.09186239517089695,
  "final_score": 0.769599017802115,
  "final_size_score": 0.28654648627372586,
  "final_matched_text_score": 0.9387755102040816,
  "final_position_score": 0.7993535128192951,
  "final_text_color_score": 0.8904028192688311,
  "final_clip_score": 0.9329167604446411
}