{
  "sum_areas": 0.20356183989082222,
  "final_score": 0.91630727205809,
  "final_size_score": 0.9903185056614833,
  "final_matched_text_score": 0.9683362695172764,
  "final_position_score": 0.9079582177488373,
  "final_text_color_score": 0.8124274467047413,
  "final_clip_score": 0.9024959206581116
}