{
  "sum_areas": 0.11726496587148968,
  "final_score": 0.8278674271492495,
  "final_size_score": 0.7690235338774838,
  "final_matched_text_score": 0.9434849185929475,
  "final_position_score": 0.8294221045165465,
  "final_text_color_score": 0.7436806685725017,
  "final_clip_score": 0.8537259101867676
}