{
  "sum_areas": 0.27395367930785475,
  "final_score": 0.9274396087428983,
  "final_size_score": 0.9860159134122379,
  "final_matched_text_score": 0.9445549293834209,
  "final_position_score": 0.9314660228792684,
  "final_text_color_score": 0.8710846018066544,
  "final_clip_score": 0.9040765762329102
}