{
  "sum_areas": 0.46821286932929246,
  "final_score": 0.9291300672283245,
  "final_size_score": 0.9969827714354205,
  "final_matched_text_score": 1.0,
  "final_position_score": 0.9002446075412924,
  "final_text_color_score": 0.8948420054742351,
  "final_clip_score": 0.8535809516906738
}