{
  "sum_areas": 0.11423359734457411,
  "final_score": 0.9062288717975506,
  "final_size_score": 0.9816939546495587,
  "final_matched_text_score": 0.9577799041408118,
  "final_position_score": 0.7770073029764243,
  "final_text_color_score": 0.8653714911357531,
  "final_clip_score": 0.9492917060852051
}