{
  "sum_areas": 0.18548284041889115,
  "final_score": 0.8998882910197779,
  "final_size_score": 0.9926674168843489,
  "final_matched_text_score": 0.9373337562589211,
  "final_position_score": 0.7742866402061088,
  "final_text_color_score": 0.9186411142836904,
  "final_clip_score": 0.8765125274658203
}