{
  "sum_areas": 0.26090097689961433,
  "final_score": 0.8862821021334195,
  "final_size_score": 0.9270515509936303,
  "final_matched_text_score": 0.9967895901994076,
  "final_position_score": 0.7891576207543542,
  "final_text_color_score": 0.7950406721358431,
  "final_clip_score": 0.9233710765838623
}