{
  "sum_areas": 0.05053545309500754,
  "final_score": 0.8780933259088034,
  "final_size_score": 1.0,
  "final_matched_text_score": 0.9517767538267683,
  "final_position_score": 0.689092548076923,
  "final_text_color_score": 0.8492848443296267,
  "final_clip_score": 0.9003124833106995
}