{
  "sum_areas": 0.0783571116315093,
  "final_score": 0.8977503755602385,
  "final_size_score": 0.9144186331628298,
  "final_matched_text_score": 0.9091194577359154,
  "final_position_score": 0.8851844582606335,
  "final_text_color_score": 0.874925168332976,
  "final_clip_score": 0.9051041603088379
}