{
  "sum_areas": 0.1463402271843689,
  "final_score": 0.8986289229913944,
  "final_size_score": 0.9774816855853639,
  "final_matched_text_score": 0.9755526034363071,
  "final_position_score": 0.8814964836921253,
  "final_text_color_score": 0.7367864067497065,
  "final_clip_score": 0.9218274354934692
}