{
  "sum_areas": 0.274497740502451,
  "final_score": 0.8463660783849797,
  "final_size_score": 0.8245849252582947,
  "final_matched_text_score": 0.9534202667058342,
  "final_position_score": 0.6700082550381264,
  "final_text_color_score": 0.8688693755523733,
  "final_clip_score": 0.9149475693702698
}