{
  "sum_areas": 0.08881285871777783,
  "final_score": 0.9160139192862057,
  "final_size_score": 1.0,
  "final_matched_text_score": 0.9855658025623509,
  "final_position_score": 0.8205124859602344,
  "final_text_color_score": 0.8485759112180737,
  "final_clip_score": 0.9254153966903687
}