{
  "sum_areas": 0.13285585060117175,
  "final_score": 0.8630818508060311,
  "final_size_score": 0.996907654049157,
  "final_matched_text_score": 0.9873350722633947,
  "final_position_score": 0.7839583094796969,
  "final_text_color_score": 0.7633331700773531,
  "final_clip_score": 0.783875048160553
}