{
  "sum_areas": 0.04003116149754784,
  "final_score": 0.9153444495421672,
  "final_size_score": 0.8749635750797683,
  "final_matched_text_score": 0.9954594017094016,
  "final_position_score": 0.9136152907164417,
  "final_text_color_score": 0.8945093366886838,
  "final_clip_score": 0.8981746435165405
}