{
  "sum_areas": 0.3478610139377919,
  "final_score": 0.8931711741799315,
  "final_size_score": 0.9345566880817416,
  "final_matched_text_score": 0.9533200338316187,
  "final_position_score": 0.8136267847411875,
  "final_text_color_score": 0.8472428748041915,
  "final_clip_score": 0.917109489440918
}