{
  "sum_areas": 0.35508542982675584,
  "final_score": 0.9319923425704003,
  "final_size_score": 0.9964927103472475,
  "final_matched_text_score": 0.9548398463041465,
  "final_position_score": 0.908415283798627,
  "final_text_color_score": 0.8291880478551665,
  "final_clip_score": 0.971025824546814
}