{
  "sum_areas": 0.12378550945236814,
  "final_score": 0.9481646355759404,
  "final_size_score": 0.9424968593897128,
  "final_matched_text_score": 1.0,
  "final_position_score": 0.9136718890159671,
  "final_text_color_score": 0.9386797218705676,
  "final_clip_score": 0.9459747076034546
}