{
  "sum_areas": 0.3122092410959813,
  "final_score": 0.9498950546109919,
  "final_size_score": 1.0,
  "final_matched_text_score": 0.9643170022634062,
  "final_position_score": 0.9578502315874203,
  "final_text_color_score": 0.8975532455601811,
  "final_clip_score": 0.9297547936439514
}