{
  "sum_areas": 0.06632581728747206,
  "final_score": 0.9444250303250519,
  "final_size_score": 1.0,
  "final_matched_text_score": 0.9996893445169308,
  "final_position_score": 0.9327213236980354,
  "final_text_color_score": 0.8661444465221706,
  "final_clip_score": 0.9235700368881226
}