{
  "sum_areas": 0.18474277810013262,
  "final_score": 0.8378055280428625,
  "final_size_score": 0.7115189664066143,
  "final_matched_text_score": 0.9366767983789259,
  "final_position_score": 0.8218244088673826,
  "final_text_color_score": 0.8060733420916326,
  "final_clip_score": 0.9129341244697571
}