{
  "sum_areas": 0.1093498849073894,
  "final_score": 0.8627748614927102,
  "final_size_score": 0.7595187098651444,
  "final_matched_text_score": 0.9289735790277126,
  "final_position_score": 0.7840931283821174,
  "final_text_color_score": 0.924513663595559,
  "final_clip_score": 0.9167752265930176
}