{
  "sum_areas": 0.004202473958333334,
  "final_score": 0.9244524034155721,
  "final_size_score": 0.6868060934675961,
  "final_matched_text_score": 1.0,
  "final_position_score": 0.9951388888888889,
  "final_text_color_score": 1.0,
  "final_clip_score": 0.9403170347213745
}