{
  "sum_areas": 0.2653399975573549,
  "final_score": 0.9070609683872451,
  "final_size_score": 0.9928721049017688,
  "final_matched_text_score": 0.984145261251952,
  "final_position_score": 0.8762172085596114,
  "final_text_color_score": 0.7767141580805905,
  "final_clip_score": 0.9053561091423035
}