{
  "sum_areas": 0.11456499738967116,
  "final_score": 0.8340167918479203,
  "final_size_score": 0.6439610821140662,
  "final_matched_text_score": 0.9049890896299269,
  "final_position_score": 0.8812911125346119,
  "final_text_color_score": 0.8515553691290872,
  "final_clip_score": 0.8882873058319092
}