{
  "sum_areas": 0.08541523957800025,
  "final_score": 0.8453072577599303,
  "final_size_score": 1.0,
  "final_matched_text_score": 0.9755926051603011,
  "final_position_score": 0.9520838093987152,
  "final_text_color_score": 0.4079646267812233,
  "final_clip_score": 0.8908952474594116
}