{
  "sum_areas": 0.355184275120925,
  "final_score": 0.9071641205451066,
  "final_size_score": 0.983793819932026,
  "final_matched_text_score": 0.9393306191887071,
  "final_position_score": 0.8862645593101129,
  "final_text_color_score": 0.8112040719079068,
  "final_clip_score": 0.9152275323867798
}