{
  "sum_areas": 0.2799201243025367,
  "final_score": 0.9056431073249283,
  "final_size_score": 1.0,
  "final_matched_text_score": 0.9427102942913113,
  "final_position_score": 0.7979196782307065,
  "final_text_color_score": 0.8468304352421502,
  "final_clip_score": 0.9407551288604736
}