{
  "sum_areas": 0.3164884754825193,
  "final_score": 0.8894164402453054,
  "final_size_score": 0.9646470214717394,
  "final_matched_text_score": 0.967235933467317,
  "final_position_score": 0.8659634616316507,
  "final_text_color_score": 0.7530751820862397,
  "final_clip_score": 0.8961606025695801
}