{
  "sum_areas": 0.191533203125,
  "final_score": 0.9004303100521094,
  "final_size_score": 0.9432575899205176,
  "final_matched_text_score": 0.9851291315839588,
  "final_position_score": 0.8685698127104378,
  "final_text_color_score": 0.9254904452753693,
  "final_clip_score": 0.7797045707702637
}