{
  "sum_areas": 0.16139694124821233,
  "final_score": 0.7530994649987066,
  "final_size_score": 0.5011548424550994,
  "final_matched_text_score": 0.9521450282893945,
  "final_position_score": 0.6840202439451398,
  "final_text_color_score": 0.7870596494404043,
  "final_clip_score": 0.8411175608634949
}