{
  "sum_areas": 0.3138235897904483,
  "final_score": 0.8417524025579181,
  "final_size_score": 0.6105496873034671,
  "final_matched_text_score": 0.9977786707500766,
  "final_position_score": 0.9148554711643608,
  "final_text_color_score": 0.8167663377922662,
  "final_clip_score": 0.868811845779419
}