{
  "sum_areas": 0.21159804243025343,
  "final_score": 0.7187270359143635,
  "final_size_score": 0.4116461156903596,
  "final_matched_text_score": 0.9254123127183663,
  "final_position_score": 0.7532247470323392,
  "final_text_color_score": 0.6572591839632106,
  "final_clip_score": 0.8460928201675415
}