{
  "sum_areas": 0.5837684145234576,
  "final_score": 0.9439379463654627,
  "final_size_score": 0.9999999999999998,
  "final_matched_text_score": 0.9525314232097173,
  "final_position_score": 0.911800086456764,
  "final_text_color_score": 0.9321501046757857,
  "final_clip_score": 0.9232081174850464
}