{
  "sum_areas": 0.03878946652198112,
  "final_score": 0.8672964790014472,
  "final_size_score": 0.9421570539412077,
  "final_matched_text_score": 1.0,
  "final_position_score": 0.7187450171721469,
  "final_text_color_score": 0.752477885444021,
  "final_clip_score": 0.9231024384498596
}