{
  "sum_areas": 0.38985783387091094,
  "final_score": 0.8241154385080853,
  "final_size_score": 0.4888405835165529,
  "final_matched_text_score": 0.9671153846153846,
  "final_position_score": 0.9258916804958999,
  "final_text_color_score": 0.8382936789872046,
  "final_clip_score": 0.9004358649253845
}