{
  "sum_areas": 0.16094451984407254,
  "final_score": 0.8112434865054028,
  "final_size_score": 0.6248077881509914,
  "final_matched_text_score": 0.9750605370353269,
  "final_position_score": 0.8324782033983931,
  "final_text_color_score": 0.7085200495454819,
  "final_clip_score": 0.9153508543968201
}