{
  "sum_areas": 0.1864010197989788,
  "final_score": 0.9604373016471222,
  "final_size_score": 1.0,
  "final_matched_text_score": 0.9997781721384206,
  "final_position_score": 0.9439964343578041,
  "final_text_color_score": 0.9134179289610656,
  "final_clip_score": 0.9449939727783203
}