{
  "sum_areas": 0.20488043540697845,
  "final_score": 0.8744856737082994,
  "final_size_score": 0.968320523495143,
  "final_matched_text_score": 0.9302126651221096,
  "final_position_score": 0.7370709251314861,
  "final_text_color_score": 0.8276882574973784,
  "final_clip_score": 0.9091359972953796
}