{
  "sum_areas": 0.10273671880052851,
  "final_score": 0.8873979908892523,
  "final_size_score": 0.8106697413137572,
  "final_matched_text_score": 0.999647639182523,
  "final_position_score": 0.8679090708114351,
  "final_text_color_score": 0.8195255509061851,
  "final_clip_score": 0.9392379522323608
}