{
  "sum_areas": 0.20536999447342702,
  "final_score": 0.8772784213561184,
  "final_size_score": 0.7873624398864055,
  "final_matched_text_score": 0.9763276508171373,
  "final_position_score": 0.7473223114429897,
  "final_text_color_score": 0.9856936566032061,
  "final_clip_score": 0.8896860480308533
}