{
  "sum_areas": 0.16203423155066682,
  "final_score": 0.9116396993883038,
  "final_size_score": 0.9697957933484318,
  "final_matched_text_score": 0.9810630879418064,
  "final_position_score": 0.824729245696254,
  "final_text_color_score": 0.8494768870219824,
  "final_clip_score": 0.9331334829330444
}