{
  "sum_areas": 0.531116110516702,
  "final_score": 0.9307995832994312,
  "final_size_score": 0.9996860476802271,
  "final_matched_text_score": 0.9694936458542199,
  "final_position_score": 0.9378121161857573,
  "final_text_color_score": 0.8398923758695114,
  "final_clip_score": 0.9071137309074402
}