{
  "sum_areas": 0.21187241808625187,
  "final_score": 0.9094532166801571,
  "final_size_score": 0.8056701067609463,
  "final_matched_text_score": 0.9933931323383657,
  "final_position_score": 0.8855574324324325,
  "final_text_color_score": 0.942910695453635,
  "final_clip_score": 0.9197347164154053
}