{
  "sum_areas": 0.3907625986385928,
  "final_score": 0.8907943682400264,
  "final_size_score": 0.9966107506040445,
  "final_matched_text_score": 0.9472909311293249,
  "final_position_score": 0.9007114932433449,
  "final_text_color_score": 0.6694292405070177,
  "final_clip_score": 0.9399294257164001
}