{
  "sum_areas": 0.2406537809359158,
  "final_score": 0.9254714524696066,
  "final_size_score": 0.9882882846915532,
  "final_matched_text_score": 0.9759389589302426,
  "final_position_score": 0.9398389797555677,
  "final_text_color_score": 0.8244751686856353,
  "final_clip_score": 0.8988158702850342
}