{
  "sum_areas": 0.7508154272738508,
  "final_score": 0.9396762956206761,
  "final_size_score": 0.9989269708038409,
  "final_matched_text_score": 0.9960424340944228,
  "final_position_score": 0.8199472891596479,
  "final_text_color_score": 0.9453264182999245,
  "final_clip_score": 0.9381383657455444
}