{
  "sum_areas": 0.329018572840242,
  "final_score": 0.8920053562645593,
  "final_size_score": 0.9976582750625909,
  "final_matched_text_score": 0.984831201067206,
  "final_position_score": 0.782687471222153,
  "final_text_color_score": 0.8362957091386936,
  "final_clip_score": 0.8585541248321533
}