{
  "sum_areas": 0.38489726593526613,
  "final_score": 0.8448836269131009,
  "final_size_score": 0.4926057002372741,
  "final_matched_text_score": 0.9951923076923078,
  "final_position_score": 0.919924525103284,
  "final_text_color_score": 0.8881961413123015,
  "final_clip_score": 0.9284994602203369
}