{
  "sum_areas": 0.3664828313656273,
  "final_score": 0.7456348681528957,
  "final_size_score": 0.4578660082066693,
  "final_matched_text_score": 0.9330157207350775,
  "final_position_score": 0.7184696277467887,
  "final_text_color_score": 0.7401899617675933,
  "final_clip_score": 0.8786330223083496
}