{
  "sum_areas": 0.3146976823321906,
  "final_score": 0.88399508721829,
  "final_size_score": 0.9427636265453129,
  "final_matched_text_score": 0.9673507143630613,
  "final_position_score": 0.8222039157174663,
  "final_text_color_score": 0.7626981755402861,
  "final_clip_score": 0.9249590039253235
}