{
  "sum_areas": 0.2486990011520771,
  "final_score": 0.9069468042477485,
  "final_size_score": 0.9918539276818481,
  "final_matched_text_score": 0.9881278115569874,
  "final_position_score": 0.9280354727096924,
  "final_text_color_score": 0.7181149292166675,
  "final_clip_score": 0.9086018800735474
}