{
  "sum_areas": 0.34855041327891567,
  "final_score": 0.9437745121219923,
  "final_size_score": 0.9953787964855241,
  "final_matched_text_score": 0.9928615717397322,
  "final_position_score": 0.9434155437861222,
  "final_text_color_score": 0.8688312025269586,
  "final_clip_score": 0.9183854460716248
}