{
  "sum_areas": 0.02029083113362852,
  "final_score": 0.7653828007540322,
  "final_size_score": 0.23587862351704694,
  "final_matched_text_score": 1.0,
  "final_position_score": 0.9945031032394793,
  "final_text_color_score": 0.7051920212763292,
  "final_clip_score": 0.8913402557373047
}