{
  "sum_areas": 0.10753971561092901,
  "final_score": 0.8853912385131963,
  "final_size_score": 0.813313905164916,
  "final_matched_text_score": 0.9986225895316804,
  "final_position_score": 0.877052543650149,
  "final_text_color_score": 0.7887013165498643,
  "final_clip_score": 0.9492658376693726
}