{
  "sum_areas": 0.09237596813217114,
  "final_score": 0.9222883392081269,
  "final_size_score": 0.9392776350373456,
  "final_matched_text_score": 0.9848759060272151,
  "final_position_score": 0.9229933729173,
  "final_text_color_score": 0.8711120275421722,
  "final_clip_score": 0.8931827545166016
}