{
  "sum_areas": 0.42571888118245205,
  "final_score": 0.8359827146160225,
  "final_size_score": 0.7339690147386508,
  "final_matched_text_score": 0.8912358859758691,
  "final_position_score": 0.8774662905447462,
  "final_text_color_score": 0.7538730337716822,
  "final_clip_score": 0.9233693480491638
}