{
  "sum_areas": 0.28227615265850287,
  "final_score": 0.905750309580246,
  "final_size_score": 0.9006326372534569,
  "final_matched_text_score": 0.9455030587566479,
  "final_position_score": 0.9337075401379432,
  "final_text_color_score": 0.8633053010987323,
  "final_clip_score": 0.8856030106544495
}