{
  "sum_areas": 0.2782244755961909,
  "final_score": 0.9022693974068323,
  "final_size_score": 0.9840595892250589,
  "final_matched_text_score": 0.9838701952787048,
  "final_position_score": 0.8411143397355205,
  "final_text_color_score": 0.7756143108921065,
  "final_clip_score": 0.926688551902771
}