{
  "sum_areas": 0.3361226943352315,
  "final_score": 0.7032916676510065,
  "final_size_score": 0.16634310373336167,
  "final_matched_text_score": 0.9789189292396991,
  "final_position_score": 0.739825580943382,
  "final_text_color_score": 0.7350676666679961,
  "final_clip_score": 0.8963030576705933
}