{
  "sum_areas": 0.11607025591979617,
  "final_score": 0.90395113603594,
  "final_size_score": 0.9735224971304308,
  "final_matched_text_score": 0.9288317874692751,
  "final_position_score": 0.8277673776567582,
  "final_text_color_score": 0.8345369982508422,
  "final_clip_score": 0.9550970196723938
}