{
  "sum_areas": 0.1426206950081654,
  "final_score": 0.924901772521407,
  "final_size_score": 0.9941967686313566,
  "final_matched_text_score": 0.9912548836375021,
  "final_position_score": 0.9001939233643645,
  "final_text_color_score": 0.8598922467249407,
  "final_clip_score": 0.8789710402488708
}