{
  "sum_areas": 0.36329236828539313,
  "final_score": 0.9187351047826632,
  "final_size_score": 0.9958536340386696,
  "final_matched_text_score": 0.9803973078782144,
  "final_position_score": 0.890879939548794,
  "final_text_color_score": 0.839772963523077,
  "final_clip_score": 0.8867716789245605
}