{
  "sum_areas": 0.47488826620543856,
  "final_score": 0.9504635077585303,
  "final_size_score": 0.9983302088071001,
  "final_matched_text_score": 0.9938671849872612,
  "final_position_score": 0.8543872798170501,
  "final_text_color_score": 0.9757200430300552,
  "final_clip_score": 0.9300128221511841
}