{
  "sum_areas": 0.046824889286313044,
  "final_score": 0.9514151099318474,
  "final_size_score": 0.9842828232676751,
  "final_matched_text_score": 0.9888369812093148,
  "final_position_score": 0.8758907568198284,
  "final_text_color_score": 0.9622674257632362,
  "final_clip_score": 0.9457975625991821
}