{
  "sum_areas": 0.45937747954977615,
  "final_score": 0.9165352415631713,
  "final_size_score": 0.9417267113865454,
  "final_matched_text_score": 0.946143038415491,
  "final_position_score": 0.9272360252660694,
  "final_text_color_score": 0.8388531175507599,
  "final_clip_score": 0.928717315196991
}