{
  "sum_areas": 0.4205446688186881,
  "final_score": 0.8623736673673901,
  "final_size_score": 0.6755672380156479,
  "final_matched_text_score": 0.977296278384858,
  "final_position_score": 0.8894479394200776,
  "final_text_color_score": 0.8727561841665427,
  "final_clip_score": 0.896800696849823
}