{
  "sum_areas": 0.22203860734519673,
  "final_score": 0.8699505556473748,
  "final_size_score": 0.86829242297694,
  "final_matched_text_score": 0.9977931904161412,
  "final_position_score": 0.7760661882077178,
  "final_text_color_score": 0.7688347355624661,
  "final_clip_score": 0.9387662410736084
}