{
  "sum_areas": 0.5191707860832315,
  "final_score": 0.9032641366532378,
  "final_size_score": 0.8205633667147701,
  "final_matched_text_score": 0.966147264668305,
  "final_position_score": 0.9262040986603353,
  "final_text_color_score": 0.9083290823045046,
  "final_clip_score": 0.8950768709182739
}