{
  "sum_areas": 0.2670307409289462,
  "final_score": 0.7218842652159233,
  "final_size_score": 0.15201761305292968,
  "final_matched_text_score": 0.947968852226799,
  "final_position_score": 0.7046009441020684,
  "final_text_color_score": 0.9482083597520184,
  "final_clip_score": 0.8566255569458008
}