{
  "sum_areas": 0.1549044232776618,
  "final_score": 0.8870167507992337,
  "final_size_score": 0.9919663069228744,
  "final_matched_text_score": 0.9875006143601913,
  "final_position_score": 0.7490907909571274,
  "final_text_color_score": 0.8766259558299188,
  "final_clip_score": 0.8299000859260559
}