{
  "sum_areas": 0.2270291634357841,
  "final_score": 0.848666791994456,
  "final_size_score": 0.7349112457335492,
  "final_matched_text_score": 0.9863793954247675,
  "final_position_score": 0.8612759477881043,
  "final_text_color_score": 0.7760176008613695,
  "final_clip_score": 0.8847497701644897
}