{
  "sum_areas": 0.14524712201663922,
  "final_score": 0.7457541240634247,
  "final_size_score": 0.502483200680455,
  "final_matched_text_score": 0.9050765241723211,
  "final_position_score": 0.7736325747709115,
  "final_text_color_score": 0.6764821269030002,
  "final_clip_score": 0.8710961937904358
}