{
  "sum_areas": 0.028013237847222226,
  "final_score": 0.9499351469660303,
  "final_size_score": 0.9842351938645078,
  "final_matched_text_score": 1.0,
  "final_position_score": 0.8642361111111111,
  "final_text_color_score": 0.9839651214972933,
  "final_clip_score": 0.9172393083572388
}