{
  "sum_areas": 0.14825036573150263,
  "final_score": 0.91661121229922,
  "final_size_score": 0.9951327945078693,
  "final_matched_text_score": 0.994331983805668,
  "final_position_score": 0.8116196937524973,
  "final_text_color_score": 0.8766089833814809,
  "final_clip_score": 0.905362606048584
}