{
  "sum_areas": 0.37701174835243867,
  "final_score": 0.9283846429208469,
  "final_size_score": 0.9056900144866714,
  "final_matched_text_score": 0.9975109041285511,
  "final_position_score": 0.9571019031934427,
  "final_text_color_score": 0.878048727508551,
  "final_clip_score": 0.9035716652870178
}