{
  "sum_areas": 0.0617670416595231,
  "final_score": 0.9209968827230384,
  "final_size_score": 0.9901096421817771,
  "final_matched_text_score": 0.9914529914529915,
  "final_position_score": 0.8705711007227096,
  "final_text_color_score": 0.8101586974652639,
  "final_clip_score": 0.94269198179245
}