{
  "sum_areas": 0.2582749757528435,
  "final_score": 0.9325784702465811,
  "final_size_score": 0.9796657465368195,
  "final_matched_text_score": 0.9902150743274176,
  "final_position_score": 0.9525819453869815,
  "final_text_color_score": 0.8152907538430758,
  "final_clip_score": 0.9251388311386108
}