{
  "sum_areas": 0.06807725694444444,
  "final_score": 0.9263942066997416,
  "final_size_score": 1.0,
  "final_matched_text_score": 0.910957459909725,
  "final_position_score": 0.8910714285714285,
  "final_text_color_score": 0.8926135679759287,
  "final_clip_score": 0.937328577041626
}