{
  "sum_areas": 0.2086798079948051,
  "final_score": 0.9194311833247973,
  "final_size_score": 0.9970517781240468,
  "final_matched_text_score": 0.9493170392069342,
  "final_position_score": 0.9102498763121667,
  "final_text_color_score": 0.8335071769946638,
  "final_clip_score": 0.9070300459861755
}