{
  "sum_areas": 0.07624722604648046,
  "final_score": 0.9156228849728647,
  "final_size_score": 0.9999051897940895,
  "final_matched_text_score": 0.9909594634004083,
  "final_position_score": 0.8334257067338579,
  "final_text_color_score": 0.816760847772882,
  "final_clip_score": 0.9370632171630859
}