{
  "sum_areas": 0.46234372756278774,
  "final_score": 0.930360805655507,
  "final_size_score": 0.9974214497002023,
  "final_matched_text_score": 0.982892779752994,
  "final_position_score": 0.8986638582959513,
  "final_text_color_score": 0.8325888356356573,
  "final_clip_score": 0.9402371048927307
}