{
  "sum_areas": 0.4275235235356475,
  "final_score": 0.7454415899906648,
  "final_size_score": 0.053123194976505944,
  "final_matched_text_score": 0.9907611900294827,
  "final_position_score": 0.9549738651260244,
  "final_text_color_score": 0.8303719304464632,
  "final_clip_score": 0.8979777693748474
}