{
  "sum_areas": 0.21324396757233127,
  "final_score": 0.8701515655896808,
  "final_size_score": 0.9844068875085397,
  "final_matched_text_score": 0.9678617644727956,
  "final_position_score": 0.8506568289879088,
  "final_text_color_score": 0.6650935183201019,
  "final_clip_score": 0.8827388286590576
}