{
  "sum_areas": 0.3968601451213839,
  "final_score": 0.947090869551205,
  "final_size_score": 0.9503911429439794,
  "final_matched_text_score": 0.95609561611388,
  "final_position_score": 0.9234117226918443,
  "final_text_color_score": 0.9767413952383464,
  "final_clip_score": 0.9288144707679749
}