{
  "sum_areas": 0.10612434332160894,
  "final_score": 0.8217255139891577,
  "final_size_score": 0.5356903795192169,
  "final_matched_text_score": 0.9993614303959131,
  "final_position_score": 0.7759985144099727,
  "final_text_color_score": 0.9096194342650948,
  "final_clip_score": 0.8879578113555908
}