{
  "sum_areas": 0.16335524291858405,
  "final_score": 0.9084994329200206,
  "final_size_score": 0.9823628162809587,
  "final_matched_text_score": 0.9775522812898042,
  "final_position_score": 0.8315296965222002,
  "final_text_color_score": 0.8418100981301249,
  "final_clip_score": 0.9092422723770142
}