{
  "sum_areas": 0.5180430485864359,
  "final_score": 0.7720660207652753,
  "final_size_score": 0.3150113724218703,
  "final_matched_text_score": 0.9506592634084006,
  "final_position_score": 0.8797695832158288,
  "final_text_color_score": 0.8808197983010898,
  "final_clip_score": 0.834070086479187
}