{
  "sum_areas": 0.2936526855122891,
  "final_score": 0.89202024749405,
  "final_size_score": 0.9964510893595154,
  "final_matched_text_score": 0.9396505993128008,
  "final_position_score": 0.878313971966555,
  "final_text_color_score": 0.7432412141909978,
  "final_clip_score": 0.9024443626403809
}