{
  "sum_areas": 0.15620616739575577,
  "final_score": 0.8581901935305263,
  "final_size_score": 0.9292652012167497,
  "final_matched_text_score": 0.9595836114819759,
  "final_position_score": 0.8738178505144408,
  "final_text_color_score": 0.6809402039641534,
  "final_clip_score": 0.8473441004753113
}