{
  "sum_areas": 0.07309855204907015,
  "final_score": 0.9035444872067311,
  "final_size_score": 0.9735304588343656,
  "final_matched_text_score": 0.9421161508278773,
  "final_position_score": 0.8042126689280603,
  "final_text_color_score": 0.9163425285142142,
  "final_clip_score": 0.8815206289291382
}