{
  "sum_areas": 0.13115487261840875,
  "final_score": 0.9232275454914154,
  "final_size_score": 0.990896895309991,
  "final_matched_text_score": 0.9950794525153593,
  "final_position_score": 0.8023955479060939,
  "final_text_color_score": 0.8994456026721355,
  "final_clip_score": 0.9283202290534973
}