{
  "sum_areas": 0.19489339106954695,
  "final_score": 0.8611071908129002,
  "final_size_score": 0.8234495537591453,
  "final_matched_text_score": 0.9280349211487564,
  "final_position_score": 0.8108410246316513,
  "final_text_color_score": 0.8392303782119293,
  "final_clip_score": 0.9039800763130188
}