{
  "sum_areas": 0.06591173260104914,
  "final_score": 0.8868323477182609,
  "final_size_score": 0.9112424766371062,
  "final_matched_text_score": 0.965079792002869,
  "final_position_score": 0.8501108474926181,
  "final_text_color_score": 0.7834076862557079,
  "final_clip_score": 0.9243209362030029
}