{
  "sum_areas": 0.10041845795175007,
  "final_score": 0.8948178410897756,
  "final_size_score": 0.9850949159707668,
  "final_matched_text_score": 0.9931693278549264,
  "final_position_score": 0.735453140061714,
  "final_text_color_score": 0.8382766420036702,
  "final_clip_score": 0.9220951795578003
}