{
  "sum_areas": 0.05628576480371949,
  "final_score": 0.917736801735066,
  "final_size_score": 0.8946748108655413,
  "final_matched_text_score": 0.965079792002869,
  "final_position_score": 0.8639423076923076,
  "final_text_color_score": 0.939458750622394,
  "final_clip_score": 0.925528347492218
}