{
  "sum_areas": 0.14823393812767946,
  "final_score": 0.8967280469877625,
  "final_size_score": 0.9869470840682616,
  "final_matched_text_score": 0.9423820444841206,
  "final_position_score": 0.7859829367698049,
  "final_text_color_score": 0.8420771158065062,
  "final_clip_score": 0.9262510538101196
}