{
  "sum_areas": 0.03335244767409747,
  "final_score": 0.8993508378914492,
  "final_size_score": 0.6895629598095705,
  "final_matched_text_score": 1.0,
  "final_position_score": 0.9381390447122935,
  "final_text_color_score": 0.9237008227069884,
  "final_clip_score": 0.9453513622283936
}