{
  "sum_areas": 0.15755845716783215,
  "final_score": 0.9068186446131659,
  "final_size_score": 0.9864838156001318,
  "final_matched_text_score": 0.9716673724825899,
  "final_position_score": 0.8047563539680018,
  "final_text_color_score": 0.8213706461487732,
  "final_clip_score": 0.949815034866333
}