{
  "sum_areas": 0.2082445369997232,
  "final_score": 0.9106906720497661,
  "final_size_score": 0.9475391875060074,
  "final_matched_text_score": 0.9790385391264727,
  "final_position_score": 0.872624690327452,
  "final_text_color_score": 0.8537376519299504,
  "final_clip_score": 0.9005132913589478
}