{
  "sum_areas": 0.08434294176127075,
  "final_score": 0.9395763885772208,
  "final_size_score": 0.9981142080912985,
  "final_matched_text_score": 0.9983932223196026,
  "final_position_score": 0.8891128682398686,
  "final_text_color_score": 0.9021716746003253,
  "final_clip_score": 0.9100899696350098
}