{
  "sum_areas": 0.12611696890239688,
  "final_score": 0.8499267093238765,
  "final_size_score": 0.6890196432843412,
  "final_matched_text_score": 0.9800926062417027,
  "final_position_score": 0.792556352697022,
  "final_text_color_score": 0.8659803314545735,
  "final_clip_score": 0.9219846129417419
}