{
  "sum_areas": 0.26095344855591884,
  "final_score": 0.5312555601778015,
  "final_size_score": 0.006519860784943911,
  "final_matched_text_score": 0.75,
  "final_position_score": 0.401092448789962,
  "final_text_color_score": 0.6669131314470054,
  "final_clip_score": 0.831752359867096
}