{
  "sum_areas": 0.2818894297193135,
  "final_score": 0.5081616678523421,
  "final_size_score": 0.502171151345444,
  "final_matched_text_score": 0.5142857142857142,
  "final_position_score": 0.6695312499999999,
  "final_text_color_score": 1.509796425658294e-07,
  "final_clip_score": 0.8548200726509094
}