{
  "sum_areas": 0.272496389934245,
  "final_score": 0.5056393189491671,
  "final_size_score": 0.0071833693610512915,
  "final_matched_text_score": 0.6094276094276094,
  "final_position_score": 0.4538197860641042,
  "final_text_color_score": 0.7453321340999187,
  "final_clip_score": 0.7124336957931519
}