{
  "sum_areas": 0.02597113715277778,
  "final_score": 0.6306016862591476,
  "final_size_score": 0.061374556089408824,
  "final_matched_text_score": 1.0,
  "final_position_score": 0.5298611111111111,
  "final_text_color_score": 0.81135690248862,
  "final_clip_score": 0.7504158616065979
}