{
  "sum_areas": 0.19762457009867473,
  "final_score": 0.6567315996281586,
  "final_size_score": 0.10704641406676578,
  "final_matched_text_score": 0.641025641025641,
  "final_position_score": 0.7828043746398732,
  "final_text_color_score": 0.9841185196643115,
  "final_clip_score": 0.7686630487442017
}