{
  "sum_areas": 0.14515667541053795,
  "final_score": 0.6286864044993336,
  "final_size_score": 0.11348680237577208,
  "final_matched_text_score": 0.9361344537815126,
  "final_position_score": 0.6002022235000958,
  "final_text_color_score": 0.7549624528086165,
  "final_clip_score": 0.7386460900306702
}