{
  "sum_areas": 0.3578855511869039,
  "final_score": 0.49978905689902753,
  "final_size_score": 0.005000479006698021,
  "final_matched_text_score": 0.5925925925925926,
  "final_position_score": 0.690869145857893,
  "final_text_color_score": 0.35971861362685187,
  "final_clip_score": 0.8507644534111023
}