{
  "sum_areas": 0.10259120353691478,
  "final_score": 0.549044503810341,
  "final_size_score": 0.021751180770478763,
  "final_matched_text_score": 0.7380952380952381,
  "final_position_score": 0.5321968767647343,
  "final_text_color_score": 0.6423979829579968,
  "final_clip_score": 0.8107812404632568
}