{
  "sum_areas": 0.08834831628706101,
  "final_score": 0.5611143472832154,
  "final_size_score": 0.1372138780402114,
  "final_matched_text_score": 0.9199999999999999,
  "final_position_score": 0.5714032665275379,
  "final_text_color_score": 0.3942148333568116,
  "final_clip_score": 0.7827397584915161
}