{
  "sum_areas": 0.1300143692691478,
  "final_score": 0.6097750686649346,
  "final_size_score": 0.07140888190401429,
  "final_matched_text_score": 0.9761904761904762,
  "final_position_score": 0.41289062499999996,
  "final_text_color_score": 0.7696324157607304,
  "final_clip_score": 0.8187529444694519
}