{
  "sum_areas": 0.08141125310300402,
  "final_score": 0.5619145657798618,
  "final_size_score": 0.03842347199918849,
  "final_matched_text_score": 0.7104761904761906,
  "final_position_score": 0.5509893607549857,
  "final_text_color_score": 0.6709258138781723,
  "final_clip_score": 0.8387579917907715
}