{
  "sum_areas": 0.1322581730914076,
  "final_score": 0.4058523790827625,
  "final_size_score": 0.006585907430902053,
  "final_matched_text_score": 0.6153846153846154,
  "final_position_score": 0.60078125,
  "final_text_color_score": 1.509796425658294e-07,
  "final_clip_score": 0.8065099716186523
}