{
  "sum_areas": 0.3567005987635079,
  "final_score": 0.6255332202684754,
  "final_size_score": 0.07950483908540162,
  "final_matched_text_score": 0.851063829787234,
  "final_position_score": 0.677734375,
  "final_text_color_score": 0.7198556779378804,
  "final_clip_score": 0.7995073795318604
}