{
  "sum_areas": 0.08970927230846039,
  "final_score": 0.5179257589588441,
  "final_size_score": 0.02636623065783635,
  "final_matched_text_score": 0.8333333333333334,
  "final_position_score": 0.2786458333333333,
  "final_text_color_score": 0.6167941711284693,
  "final_clip_score": 0.8344892263412476
}