{
  "sum_areas": 0.29988247083453473,
  "final_score": 0.5759139606314543,
  "final_size_score": 0.1961894829035023,
  "final_matched_text_score": 0.6204255319148937,
  "final_position_score": 0.5760164359861591,
  "final_text_color_score": 0.668481583363153,
  "final_clip_score": 0.818456768989563
}