{
  "sum_areas": 0.28432512514723207,
  "final_score": 0.4471395986231456,
  "final_size_score": 0.09010689842141727,
  "final_matched_text_score": 0.5655172413793104,
  "final_position_score": 0.7140625,
  "final_text_color_score": 1.509796425658294e-07,
  "final_clip_score": 0.8660112023353577
}