{
  "sum_areas": 0.40035490491602627,
  "final_score": 0.8754830096726384,
  "final_size_score": 0.9564100463857177,
  "final_matched_text_score": 0.8877644635581636,
  "final_position_score": 0.8734548123419991,
  "final_text_color_score": 0.7567910933563641,
  "final_clip_score": 0.9029946327209473
}