{
  "sum_areas": 0.3039898516668158,
  "final_score": 0.836234532611443,
  "final_size_score": 0.6189193807472747,
  "final_matched_text_score": 0.9701874104923658,
  "final_position_score": 0.8746930358344565,
  "final_text_color_score": 0.8995123518598875,
  "final_clip_score": 0.81786048412323
}