{
  "sum_areas": 0.17874271794280444,
  "final_score": 0.8918328478356141,
  "final_size_score": 0.8441433078191077,
  "final_matched_text_score": 0.9965277777777778,
  "final_position_score": 0.9017361287284748,
  "final_text_color_score": 0.9096685901565126,
  "final_clip_score": 0.8070884346961975
}