{
  "sum_areas": 0.35114856117061755,
  "final_score": 0.868485834715267,
  "final_size_score": 0.9887970641250409,
  "final_matched_text_score": 0.9275662892636144,
  "final_position_score": 0.7761909571926345,
  "final_text_color_score": 0.7115402787588994,
  "final_clip_score": 0.938334584236145
}