{
  "sum_areas": 0.18543050409865405,
  "final_score": 0.8973920655654442,
  "final_size_score": 1.0,
  "final_matched_text_score": 0.9964613043741901,
  "final_position_score": 0.8225480562714778,
  "final_text_color_score": 0.8045598658212315,
  "final_clip_score": 0.863391101360321
}