{
  "sum_areas": 0.007944878472222222,
  "final_score": 0.8675849508848437,
  "final_size_score": 0.5714285714285715,
  "final_matched_text_score": 1.0,
  "final_position_score": 0.9030815972222224,
  "final_text_color_score": 0.90567845124431,
  "final_clip_score": 0.9577361345291138
}