{
  "sum_areas": 0.5107705102067431,
  "final_score": 0.9523419991553409,
  "final_size_score": 0.9999999999999998,
  "final_matched_text_score": 0.9941592237973916,
  "final_position_score": 0.8882211575449471,
  "final_text_color_score": 0.9381817505694673,
  "final_clip_score": 0.9411478638648987
}