{
  "sum_areas": 0.26095905531377606,
  "final_score": 0.8570312165130285,
  "final_size_score": 0.6479845585483065,
  "final_matched_text_score": 0.9685361235229296,
  "final_position_score": 0.8855606068068392,
  "final_text_color_score": 0.84163325773736,
  "final_clip_score": 0.941441535949707
}