{
  "sum_areas": 0.17757086774731184,
  "final_score": 0.8135200067235691,
  "final_size_score": 0.7552895888071748,
  "final_matched_text_score": 0.9855878976935127,
  "final_position_score": 0.9059070789167439,
  "final_text_color_score": 0.6300114396893658,
  "final_clip_score": 0.7908040285110474
}