{
  "sum_areas": 0.41437523872905374,
  "final_score": 0.8796377958658811,
  "final_size_score": 0.8077300841965905,
  "final_matched_text_score": 0.9526768844192226,
  "final_position_score": 0.898830314882133,
  "final_text_color_score": 0.8511428960878067,
  "final_clip_score": 0.8878087997436523
}