{
  "sum_areas": 0.20224789271348032,
  "final_score": 0.9188741519092016,
  "final_size_score": 0.9939066830768996,
  "final_matched_text_score": 0.9942307692307693,
  "final_position_score": 0.8357789567070141,
  "final_text_color_score": 0.8248603377940514,
  "final_clip_score": 0.9455940127372742
}