{
  "sum_areas": 0.0886771547628883,
  "final_score": 0.9245146686559329,
  "final_size_score": 0.9227250183384966,
  "final_matched_text_score": 0.9776685175494699,
  "final_position_score": 0.8833118307013818,
  "final_text_color_score": 0.9113174224148033,
  "final_clip_score": 0.9275505542755127
}