{
  "sum_areas": 0.27200833352175735,
  "final_score": 0.7588512477304253,
  "final_size_score": 0.5687095127601168,
  "final_matched_text_score": 0.9848155607812261,
  "final_position_score": 0.770820963513618,
  "final_text_color_score": 0.5717664928912636,
  "final_clip_score": 0.8981437087059021
}