{
  "sum_areas": 0.6090986022357301,
  "final_score": 0.8899933631023562,
  "final_size_score": 1.0,
  "final_matched_text_score": 0.9431377918506691,
  "final_position_score": 0.8522712185235565,
  "final_text_color_score": 0.7481257129477656,
  "final_clip_score": 0.9064320921897888
}