{
  "sum_areas": 0.5262915028509838,
  "final_score": 0.9466728614450016,
  "final_size_score": 0.997445606911495,
  "final_matched_text_score": 0.967275888868264,
  "final_position_score": 0.9239140853746445,
  "final_text_color_score": 0.9384402214700798,
  "final_clip_score": 0.9062885046005249
}