{
  "sum_areas": 0.09576995934290701,
  "final_score": 0.8403607501647831,
  "final_size_score": 0.8124774572890422,
  "final_matched_text_score": 0.9273336302599136,
  "final_position_score": 0.8425555895408604,
  "final_text_color_score": 0.6825815787580554,
  "final_clip_score": 0.9368554949760437
}