{
  "sum_areas": 0.35611476106080797,
  "final_score": 0.8300810737579035,
  "final_size_score": 0.5617598502406792,
  "final_matched_text_score": 0.959400434875323,
  "final_position_score": 0.7286062935548586,
  "final_text_color_score": 0.9410900783419233,
  "final_clip_score": 0.9595487117767334
}