{
  "sum_areas": 0.1657413208381988,
  "final_score": 0.9284605571232594,
  "final_size_score": 0.9951311793351466,
  "final_matched_text_score": 0.9899390774085507,
  "final_position_score": 0.8612948079355812,
  "final_text_color_score": 0.8976944724743405,
  "final_clip_score": 0.898243248462677
}