{
  "sum_areas": 0.2245822569246484,
  "final_score": 0.9206594085206696,
  "final_size_score": 0.9958351027260345,
  "final_matched_text_score": 0.9952574525745258,
  "final_position_score": 0.7985677083333332,
  "final_text_color_score": 0.9235262266585113,
  "final_clip_score": 0.8901105523109436
}