{
  "sum_areas": 0.21260929136662882,
  "final_score": 0.7644658527682356,
  "final_size_score": 0.3156014338437041,
  "final_matched_text_score": 0.9310764790764791,
  "final_position_score": 0.723841437256425,
  "final_text_color_score": 0.9650511093432812,
  "final_clip_score": 0.8867588043212891
}