{
  "sum_areas": 0.32773627796088617,
  "final_score": 0.8901738438374732,
  "final_size_score": 0.9574516077321688,
  "final_matched_text_score": 0.965692793848187,
  "final_position_score": 0.8248355873667254,
  "final_text_color_score": 0.7965233588108417,
  "final_clip_score": 0.9063658714294434
}