{
  "sum_areas": 0.09969027777834942,
  "final_score": 0.7562200485342007,
  "final_size_score": 0.2777988224563209,
  "final_matched_text_score": 0.8568027210884354,
  "final_position_score": 0.7706075002940592,
  "final_text_color_score": 0.9719233414713481,
  "final_clip_score": 0.9039678573608398
}