{
  "sum_areas": 0.17460133603703032,
  "final_score": 0.890646412226153,
  "final_size_score": 0.9965586126605671,
  "final_matched_text_score": 0.9612312967060197,
  "final_position_score": 0.5741963233941602,
  "final_text_color_score": 0.9883760959901049,
  "final_clip_score": 0.9328697323799133
}