{
  "sum_areas": 0.15141994976416617,
  "final_score": 0.865294708846323,
  "final_size_score": 0.7994785086178215,
  "final_matched_text_score": 0.9878853240654484,
  "final_position_score": 0.882274122362013,
  "final_text_color_score": 0.7564509246508097,
  "final_clip_score": 0.9003846645355225
}