{
  "sum_areas": 0.1307485343629365,
  "final_score": 0.7956466729437653,
  "final_size_score": 0.9775647859588115,
  "final_matched_text_score": 0.9854547303830528,
  "final_position_score": 0.6410016938234098,
  "final_text_color_score": 0.6901549188357791,
  "final_clip_score": 0.6840572357177734
}