{
  "sum_areas": 0.07213417749511956,
  "final_score": 0.9148914782594892,
  "final_size_score": 0.8911139434451911,
  "final_matched_text_score": 0.9998274672187715,
  "final_position_score": 0.9258442132814297,
  "final_text_color_score": 0.8449590741376368,
  "final_clip_score": 0.9127126932144165
}