{
  "sum_areas": 0.18957498393533548,
  "final_score": 0.882104743810157,
  "final_size_score": 0.7641161099908403,
  "final_matched_text_score": 0.9883110656841296,
  "final_position_score": 0.8764534490461089,
  "final_text_color_score": 0.8442814963148743,
  "final_clip_score": 0.9373615980148315
}