{
  "sum_areas": 0.042685917918174304,
  "final_score": 0.9300163259628045,
  "final_size_score": 0.8445653004967492,
  "final_matched_text_score": 1.0,
  "final_position_score": 0.9207957184744539,
  "final_text_color_score": 0.925417947039719,
  "final_clip_score": 0.9593026638031006
}