{
  "sum_areas": 0.17737338796102323,
  "final_score": 0.9288066148912606,
  "final_size_score": 0.9720977393241541,
  "final_matched_text_score": 0.9567274868993213,
  "final_position_score": 0.9030147523144034,
  "final_text_color_score": 0.8548988702256756,
  "final_clip_score": 0.957294225692749
}