{
  "sum_areas": 0.26485670771295017,
  "final_score": 0.7482244413902702,
  "final_size_score": 0.35086707428065883,
  "final_matched_text_score": 0.970474726085578,
  "final_position_score": 0.7672883370222512,
  "final_text_color_score": 0.7969069712962613,
  "final_clip_score": 0.8555850982666016
}