{
  "sum_areas": 0.5513200602505958,
  "final_score": 0.8530820163308018,
  "final_size_score": 0.5357762329556714,
  "final_matched_text_score": 0.9670356060050764,
  "final_position_score": 0.900522060397893,
  "final_text_color_score": 0.9448568414941289,
  "final_clip_score": 0.917219340801239
}