{
  "sum_areas": 0.22458610407574287,
  "final_score": 0.8903682231383412,
  "final_size_score": 0.981902362727079,
  "final_matched_text_score": 0.9497105291222939,
  "final_position_score": 0.9112009584211477,
  "final_text_color_score": 0.6888988603270386,
  "final_clip_score": 0.9201284050941467
}