{
  "sum_areas": 0.035643774627282625,
  "final_score": 0.9207701758501887,
  "final_size_score": 0.8804385155143374,
  "final_matched_text_score": 0.9978632478632478,
  "final_position_score": 0.9429897594436157,
  "final_text_color_score": 0.8945093366886838,
  "final_clip_score": 0.8880500197410583
}