{
  "sum_areas": 0.14675209092635075,
  "final_score": 0.9050295185103363,
  "final_size_score": 0.9722137916840625,
  "final_matched_text_score": 0.9940694290737258,
  "final_position_score": 0.7903013104401408,
  "final_text_color_score": 0.8975915008755407,
  "final_clip_score": 0.8709715604782104
}