{
  "sum_areas": 0.24653503939636756,
  "final_score": 0.9021995339111236,
  "final_size_score": 1.0,
  "final_matched_text_score": 0.9453999911612172,
  "final_position_score": 0.841772669604701,
  "final_text_color_score": 0.7951089452902481,
  "final_clip_score": 0.9287160634994507
}