{
  "sum_areas": 0.08550901800216566,
  "final_score": 0.9153767516729827,
  "final_size_score": 0.9119876643672331,
  "final_matched_text_score": 0.9921491925741819,
  "final_position_score": 0.8824720444679982,
  "final_text_color_score": 0.8393381818837841,
  "final_clip_score": 0.9509366750717163
}