{
  "sum_areas": 0.2974226306158151,
  "final_score": 0.8847089505677552,
  "final_size_score": 0.9964960731533318,
  "final_matched_text_score": 0.9491044194350693,
  "final_position_score": 0.8855362997686896,
  "final_text_color_score": 0.7433377690983238,
  "final_clip_score": 0.8490701913833618
}