{
  "sum_areas": 0.12648111979166665,
  "final_score": 0.8394232409853495,
  "final_size_score": 0.7040363745549695,
  "final_matched_text_score": 0.9898248188164155,
  "final_position_score": 0.8056182484567902,
  "final_text_color_score": 0.7549885907200318,
  "final_clip_score": 0.94264817237854
}