{
  "sum_areas": 0.42186979770858113,
  "final_score": 0.8477279759827955,
  "final_size_score": 0.744357474202248,
  "final_matched_text_score": 0.8710561454820845,
  "final_position_score": 0.716113988295485,
  "final_text_color_score": 0.9663198901707015,
  "final_clip_score": 0.9407923817634583
}