{
  "sum_areas": 0.49323722160684114,
  "final_score": 0.8897901803740988,
  "final_size_score": 0.9672819302030213,
  "final_matched_text_score": 0.9295134015616029,
  "final_position_score": 0.852579248163711,
  "final_text_color_score": 0.8906778729980671,
  "final_clip_score": 0.8088984489440918
}