{
  "sum_areas": 0.06529730902777778,
  "final_score": 0.9277199817650733,
  "final_size_score": 1.0,
  "final_matched_text_score": 0.9645075760800774,
  "final_position_score": 0.7965711805555555,
  "final_text_color_score": 0.9587736079010983,
  "final_clip_score": 0.9187475442886353
}