{
  "sum_areas": 0.2213228199296314,
  "final_score": 0.8545848360884343,
  "final_size_score": 0.7043242765594213,
  "final_matched_text_score": 0.9923608092662353,
  "final_position_score": 0.7978900624921721,
  "final_text_color_score": 0.8975194594467301,
  "final_clip_score": 0.8808295726776123
}