{
  "sum_areas": 0.13722452193717546,
  "final_score": 0.865216254645246,
  "final_size_score": 0.9539649286809085,
  "final_matched_text_score": 0.9443651236514583,
  "final_position_score": 0.8123067095521731,
  "final_text_color_score": 0.7320838870283348,
  "final_clip_score": 0.8833606243133545
}