{
  "sum_areas": 0.40295453146700877,
  "final_score": 0.7431647602891179,
  "final_size_score": 0.25062597537153336,
  "final_matched_text_score": 0.9692357271729868,
  "final_position_score": 0.7709717177151022,
  "final_text_color_score": 0.8873717321800768,
  "final_clip_score": 0.8376186490058899
}