{
  "sum_areas": 0.08336638899234887,
  "final_score": 0.6168476018258239,
  "final_size_score": 0.18871175058154904,
  "final_matched_text_score": 0.7343262411347518,
  "final_position_score": 0.6901917605476106,
  "final_text_color_score": 0.5999087848193095,
  "final_clip_score": 0.8710994720458984
}