{
  "sum_areas": 0.307447838072558,
  "final_score": 0.8546907020208292,
  "final_size_score": 0.9501195631988902,
  "final_matched_text_score": 0.9223052531098765,
  "final_position_score": 0.6903892901866647,
  "final_text_color_score": 0.7991129620346171,
  "final_clip_score": 0.9115264415740967
}