{
  "sum_areas": 0.12841471354166667,
  "final_score": 0.8401882132768869,
  "final_size_score": 0.7084928219557742,
  "final_matched_text_score": 0.9820366568226461,
  "final_position_score": 0.8079185956790124,
  "final_text_color_score": 0.7549885907200318,
  "final_clip_score": 0.9475044012069702
}