{
  "sum_areas": 0.13337646596039152,
  "final_score": 0.8585858444842791,
  "final_size_score": 0.9595250345968556,
  "final_matched_text_score": 0.9231017306594709,
  "final_position_score": 0.8201960666020822,
  "final_text_color_score": 0.7379564271840799,
  "final_clip_score": 0.8521499633789062
}