{
  "sum_areas": 0.11453748729465715,
  "final_score": 0.9168556373118446,
  "final_size_score": 0.863694480522643,
  "final_matched_text_score": 0.9836827614826291,
  "final_position_score": 0.926194845162124,
  "final_text_color_score": 0.8779631460913508,
  "final_clip_score": 0.9327429533004761
}