{
  "sum_areas": 0.20783516008085812,
  "final_score": 0.8476148419150485,
  "final_size_score": 0.8255124305309831,
  "final_matched_text_score": 0.9857783292162071,
  "final_position_score": 0.729582538100387,
  "final_text_color_score": 0.7822120959432113,
  "final_clip_score": 0.9149888157844543
}