{
  "sum_areas": 0.1818732652141646,
  "final_score": 0.9046033856884637,
  "final_size_score": 0.8646464752749004,
  "final_matched_text_score": 0.9973277129950626,
  "final_position_score": 0.9099542026583635,
  "final_text_color_score": 0.8601901310084064,
  "final_clip_score": 0.8908984065055847
}