{
  "sum_areas": 0.30724669142365413,
  "final_score": 0.8970921435827551,
  "final_size_score": 0.980466590712962,
  "final_matched_text_score": 0.9378147112013787,
  "final_position_score": 0.8306484209820248,
  "final_text_color_score": 0.793741380816818,
  "final_clip_score": 0.942789614200592
}