{
  "sum_areas": 0.24822110739582387,
  "final_score": 0.884251882750458,
  "final_size_score": 0.860311645269622,
  "final_matched_text_score": 0.9996807151979566,
  "final_position_score": 0.8715109032732526,
  "final_text_color_score": 0.7527045557541036,
  "final_clip_score": 0.9370515942573547
}