{
  "sum_areas": 0.3358855168294271,
  "final_score": 0.9419646625782563,
  "final_size_score": 0.9947534804060181,
  "final_matched_text_score": 0.9971684704122435,
  "final_position_score": 0.9423439026612913,
  "final_text_color_score": 0.8707417855836033,
  "final_clip_score": 0.904815673828125
}