{
  "sum_areas": 0.2355299908148313,
  "final_score": 0.819156483170771,
  "final_size_score": 0.5540610795014391,
  "final_matched_text_score": 0.9859808896306161,
  "final_position_score": 0.8210924531222625,
  "final_text_color_score": 0.885404173885945,
  "final_clip_score": 0.8492438197135925
}