{
  "sum_areas": 0.1599948078100083,
  "final_score": 0.8371763294094248,
  "final_size_score": 0.6712249507097552,
  "final_matched_text_score": 0.972675490599366,
  "final_position_score": 0.7842779606943624,
  "final_text_color_score": 0.8136344555615229,
  "final_clip_score": 0.9440687894821167
}