{
  "sum_areas": 0.17810385283401342,
  "final_score": 0.8658214383109422,
  "final_size_score": 0.709382624591801,
  "final_matched_text_score": 0.9513453051049771,
  "final_position_score": 0.8220929195402487,
  "final_text_color_score": 0.9016924359150962,
  "final_clip_score": 0.9445939064025879
}