{
  "sum_areas": 0.19572647596621945,
  "final_score": 0.9039193593310781,
  "final_size_score": 0.8709215051320734,
  "final_matched_text_score": 0.9555945785083593,
  "final_position_score": 0.9158160960528126,
  "final_text_color_score": 0.9086659769970872,
  "final_clip_score": 0.8685986399650574
}