{
  "sum_areas": 0.34662003722671686,
  "final_score": 0.8531158802308522,
  "final_size_score": 0.5714940784025282,
  "final_matched_text_score": 0.9856066999104975,
  "final_position_score": 0.901133587050273,
  "final_text_color_score": 0.8850429685111465,
  "final_clip_score": 0.9223020672798157
}