{
  "sum_areas": 0.24652794910453216,
  "final_score": 0.923753548194172,
  "final_size_score": 0.9865650575205772,
  "final_matched_text_score": 0.9861658087054415,
  "final_position_score": 0.7158820662768032,
  "final_text_color_score": 0.9876011690561118,
  "final_clip_score": 0.9425536394119263
}