{
  "sum_areas": 0.14968308750876522,
  "final_score": 0.9244203921136581,
  "final_size_score": 0.9999526588613425,
  "final_matched_text_score": 0.9943415590858614,
  "final_position_score": 0.87999666948173,
  "final_text_color_score": 0.87567877180879,
  "final_clip_score": 0.8721323013305664
}