{
  "sum_areas": 0.5446166279157033,
  "final_score": 0.8996451708999417,
  "final_size_score": 0.9858626190051457,
  "final_matched_text_score": 0.9988142292490119,
  "final_position_score": 0.839819730635809,
  "final_text_color_score": 0.9054323781983948,
  "final_clip_score": 0.7682968974113464
}