{
  "sum_areas": 0.22108969641967627,
  "final_score": 0.8782337531590308,
  "final_size_score": 0.7504212749734873,
  "final_matched_text_score": 0.9933931323383657,
  "final_position_score": 0.864996021327681,
  "final_text_color_score": 0.8456880338108926,
  "final_clip_score": 0.9366703033447266
}