{
  "sum_areas": 0.30993871402838763,
  "final_score": 0.925692292448137,
  "final_size_score": 0.9946031519148785,
  "final_matched_text_score": 0.9396643633191456,
  "final_position_score": 0.8688559508044031,
  "final_text_color_score": 0.8688393137033259,
  "final_clip_score": 0.9564986824989319
}