{
  "sum_areas": 0.47851476691928285,
  "final_score": 0.8887818917668785,
  "final_size_score": 0.9999999999999998,
  "final_matched_text_score": 0.9307325743240745,
  "final_position_score": 0.8271915875845073,
  "final_text_color_score": 0.7625868618099961,
  "final_clip_score": 0.9233984351158142
}