{
  "sum_areas": 0.37321005487123227,
  "final_score": 0.8828083767138626,
  "final_size_score": 0.8462623724294093,
  "final_matched_text_score": 0.9410841138024356,
  "final_position_score": 0.8869004233360553,
  "final_text_color_score": 0.8163583323082969,
  "final_clip_score": 0.9234366416931152
}