{
  "sum_areas": 0.09334017813050707,
  "final_score": 0.7518970623092486,
  "final_size_score": 0.2755429273768277,
  "final_matched_text_score": 0.8568027210884354,
  "final_position_score": 0.8429731487844878,
  "final_text_color_score": 0.8738259667348467,
  "final_clip_score": 0.9103405475616455
}