{
  "sum_areas": 0.35096392575290014,
  "final_score": 0.8918566994854955,
  "final_size_score": 0.9983129716679273,
  "final_matched_text_score": 0.9840982584904693,
  "final_position_score": 0.8142795340013902,
  "final_text_color_score": 0.7601643446721094,
  "final_clip_score": 0.902428388595581
}