{
  "sum_areas": 0.09277004171005336,
  "final_score": 0.8596340877125977,
  "final_size_score": 0.9999999999999999,
  "final_matched_text_score": 0.9757137340454876,
  "final_position_score": 0.9279175981017221,
  "final_text_color_score": 0.466625559853584,
  "final_clip_score": 0.9279135465621948
}