{
  "sum_areas": 0.18515652492263482,
  "final_score": 0.9008630867115933,
  "final_size_score": 0.8690363784094634,
  "final_matched_text_score": 1.0,
  "final_position_score": 0.9263138073903947,
  "final_text_color_score": 0.8220271526653343,
  "final_clip_score": 0.8869380950927734
}