{
  "sum_areas": 0.2249845731431159,
  "final_score": 0.8867872549986591,
  "final_size_score": 0.8676350972634872,
  "final_matched_text_score": 0.9481964009290244,
  "final_position_score": 0.8997099436392915,
  "final_text_color_score": 0.8500154786845628,
  "final_clip_score": 0.8683793544769287
}