{
  "sum_areas": 0.4457087645128723,
  "final_score": 0.7896727115018374,
  "final_size_score": 0.3743451013064527,
  "final_matched_text_score": 0.9500483880290344,
  "final_position_score": 0.8190625,
  "final_text_color_score": 0.8979708034565976,
  "final_clip_score": 0.906936764717102
}