{
  "sum_areas": 0.3469472221659843,
  "final_score": 0.8958926489472875,
  "final_size_score": 0.9850201281833992,
  "final_matched_text_score": 0.9413537553406549,
  "final_position_score": 0.8920160502733289,
  "final_text_color_score": 0.760175331202726,
  "final_clip_score": 0.9008979797363281
}