{
  "sum_areas": 0.0041851128472222224,
  "final_score": 0.9086654583402627,
  "final_size_score": 0.9608504018667359,
  "final_matched_text_score": 1.0,
  "final_position_score": 0.9305989583333334,
  "final_text_color_score": 0.7051920212763292,
  "final_clip_score": 0.9466859102249146
}