{
  "sum_areas": 0.18567441328411663,
  "final_score": 0.9661790496736933,
  "final_size_score": 1.0,
  "final_matched_text_score": 0.9997781721384206,
  "final_position_score": 0.9476002805302101,
  "final_text_color_score": 0.9296398235013494,
  "final_clip_score": 0.9538769721984863
}