{
  "sum_areas": 0.3495283537977322,
  "final_score": 0.9255013516029593,
  "final_size_score": 0.9956903550355708,
  "final_matched_text_score": 0.9916917114038954,
  "final_position_score": 0.8961032480823878,
  "final_text_color_score": 0.8079290667839576,
  "final_clip_score": 0.9360923767089844
}