{
  "sum_areas": 0.13938546964838566,
  "final_score": 0.8797046891674175,
  "final_size_score": 0.9791099343146267,
  "final_matched_text_score": 0.9647078971732946,
  "final_position_score": 0.7871675815960355,
  "final_text_color_score": 0.7216648318597285,
  "final_clip_score": 0.9458732008934021
}