{
  "sum_areas": 0.2461758985183748,
  "final_score": 0.8800498848423306,
  "final_size_score": 0.9471076030931539,
  "final_matched_text_score": 0.9759221426016187,
  "final_position_score": 0.7623651245201433,
  "final_text_color_score": 0.8534943020932035,
  "final_clip_score": 0.8613602519035339
}