{
  "sum_areas": 0.019134114583333334,
  "final_score": 0.9238967412689644,
  "final_size_score": 0.9812861517522967,
  "final_matched_text_score": 1.0,
  "final_position_score": 0.8041666666666667,
  "final_text_color_score": 0.9960362528207245,
  "final_clip_score": 0.8379946351051331
}