{
  "sum_areas": 0.22265531134333275,
  "final_score": 0.9572256184859633,
  "final_size_score": 1.0000000000000002,
  "final_matched_text_score": 0.992393005975349,
  "final_position_score": 0.944060880276548,
  "final_text_color_score": 0.8838201574489767,
  "final_clip_score": 0.9658540487289429
}