{
  "sum_areas": 0.08533055449985653,
  "final_score": 0.8368356063202583,
  "final_size_score": 1.0,
  "final_matched_text_score": 0.9738649237472768,
  "final_position_score": 0.8141306182396035,
  "final_text_color_score": 0.49505974076263476,
  "final_clip_score": 0.9011227488517761
}