{
  "sum_areas": 0.08265299711026552,
  "final_score": 0.9403187129879913,
  "final_size_score": 0.999912537772926,
  "final_matched_text_score": 0.9904014636157493,
  "final_position_score": 0.8147915322650439,
  "final_text_color_score": 0.9476816262187929,
  "final_clip_score": 0.9488064050674438
}