{
  "sum_areas": 0.23970554257261165,
  "final_score": 0.7113127710712829,
  "final_size_score": 0.18901757811367126,
  "final_matched_text_score": 0.9927685950413223,
  "final_position_score": 0.711195330452689,
  "final_text_color_score": 0.7597117691681651,
  "final_clip_score": 0.9038705825805664
}