{
  "sum_areas": 0.19740812124932866,
  "final_score": 0.9128497128049713,
  "final_size_score": 0.9452842448714875,
  "final_matched_text_score": 0.9913638994319252,
  "final_position_score": 0.9211091541866594,
  "final_text_color_score": 0.813208732842828,
  "final_clip_score": 0.8932825326919556
}