{
  "sum_areas": 0.08560826307599402,
  "final_score": 0.8882074020575632,
  "final_size_score": 0.9641010058636521,
  "final_matched_text_score": 0.9285085210008462,
  "final_position_score": 0.7867875764784733,
  "final_text_color_score": 0.8463514586111034,
  "final_clip_score": 0.9152884483337402
}