{
  "sum_areas": 0.15339642806431544,
  "final_score": 0.9080560121709624,
  "final_size_score": 0.9797887800485907,
  "final_matched_text_score": 0.956461732367048,
  "final_position_score": 0.789685256943187,
  "final_text_color_score": 0.8881824658390952,
  "final_clip_score": 0.9261618256568909
}