{
  "sum_areas": 0.16021965088815282,
  "final_score": 0.910922299144742,
  "final_size_score": 0.9700297604395385,
  "final_matched_text_score": 0.9016261836146562,
  "final_position_score": 0.7777985554814735,
  "final_text_color_score": 0.9780129455898968,
  "final_clip_score": 0.9271440505981445
}