{
  "sum_areas": 0.09598455114595748,
  "final_score": 0.8845711086390067,
  "final_size_score": 0.7973510391531474,
  "final_matched_text_score": 0.9993311036789297,
  "final_position_score": 0.8978980590499098,
  "final_text_color_score": 0.7688946550299349,
  "final_clip_score": 0.9593806862831116
}