{
  "sum_areas": 0.3063473716467139,
  "final_score": 0.9222509771234884,
  "final_size_score": 0.9958696469473983,
  "final_matched_text_score": 0.9893861874807889,
  "final_position_score": 0.8629728113971246,
  "final_text_color_score": 0.8678994797861785,
  "final_clip_score": 0.8951267600059509
}