{
  "sum_areas": 0.2921440198400907,
  "final_score": 0.8968289045840919,
  "final_size_score": 0.99427442616753,
  "final_matched_text_score": 0.9396950466224329,
  "final_position_score": 0.7495608604762699,
  "final_text_color_score": 0.8702373023327546,
  "final_clip_score": 0.9303768873214722
}