{
  "sum_areas": 0.24293511284722225,
  "final_score": 0.9208470428257975,
  "final_size_score": 0.9658044834717204,
  "final_matched_text_score": 0.9856113587005116,
  "final_position_score": 0.7451722756410256,
  "final_text_color_score": 0.9856936566032061,
  "final_clip_score": 0.9219534397125244
}