{
  "sum_areas": 0.4577198599744341,
  "final_score": 0.9135271065383104,
  "final_size_score": 0.9159868703646749,
  "final_matched_text_score": 0.9412143357165238,
  "final_position_score": 0.9197417411736185,
  "final_text_color_score": 0.856341260401639,
  "final_clip_score": 0.9343513250350952
}