{
  "sum_areas": 0.6716470608077361,
  "final_score": 0.863588427249926,
  "final_size_score": 0.5328090238689861,
  "final_matched_text_score": 0.9867198273233143,
  "final_position_score": 0.946594435721179,
  "final_text_color_score": 0.9615445630660089,
  "final_clip_score": 0.8902742862701416
}