{
  "sum_areas": 0.3307423079832251,
  "final_score": 0.9126702279124637,
  "final_size_score": 0.9865307847403704,
  "final_matched_text_score": 0.9459949163497463,
  "final_position_score": 0.8366673560544675,
  "final_text_color_score": 0.856319051198252,
  "final_clip_score": 0.9378390312194824
}