{
  "sum_areas": 0.20165358520801663,
  "final_score": 0.9401762771556925,
  "final_size_score": 0.99536154029356,
  "final_matched_text_score": 0.9951635191156148,
  "final_position_score": 0.808179720011159,
  "final_text_color_score": 0.9775762435804182,
  "final_clip_score": 0.92460036277771
}