{
  "sum_areas": 0.5508396566006917,
  "final_score": 0.9064282462147318,
  "final_size_score": 0.998606453535852,
  "final_matched_text_score": 0.9985307414104883,
  "final_position_score": 0.7520775826475221,
  "final_text_color_score": 0.9192864431228936,
  "final_clip_score": 0.8636400103569031
}