{
  "sum_areas": 0.4835434184426871,
  "final_score": 0.7623601297306546,
  "final_size_score": 0.384169324032625,
  "final_matched_text_score": 0.9377919278626117,
  "final_position_score": 0.7985113971043643,
  "final_text_color_score": 0.8081883893631443,
  "final_clip_score": 0.8831396102905273
}