{
  "sum_areas": 0.1811502091707836,
  "final_score": 0.8880084844576663,
  "final_size_score": 0.9436559042263739,
  "final_matched_text_score": 0.9977217726341029,
  "final_position_score": 0.861199344000337,
  "final_text_color_score": 0.7277884323761564,
  "final_clip_score": 0.9096769690513611
}