{
  "sum_areas": 0.10014465976829995,
  "final_score": 0.8690000060123918,
  "final_size_score": 0.8057692782412651,
  "final_matched_text_score": 0.9976430976430977,
  "final_position_score": 0.878880295551186,
  "final_text_color_score": 0.7296737730780094,
  "final_clip_score": 0.9330335855484009
}