{
  "sum_areas": 0.10561089409722221,
  "final_score": 0.9314507488156867,
  "final_size_score": 1.0,
  "final_matched_text_score": 0.8622887380364406,
  "final_position_score": 0.9206349206349207,
  "final_text_color_score": 0.9437057792051372,
  "final_clip_score": 0.9306243062019348
}