{
  "sum_areas": 0.25264990887024186,
  "final_score": 0.9040983324995691,
  "final_size_score": 0.9848026209527369,
  "final_matched_text_score": 0.9718680689510681,
  "final_position_score": 0.8889491621780132,
  "final_text_color_score": 0.742583640555187,
  "final_clip_score": 0.9322881698608398
}