{
  "sum_areas": 0.2077852555712514,
  "final_score": 0.7974598178192368,
  "final_size_score": 0.4123342226902922,
  "final_matched_text_score": 0.9505815702362581,
  "final_position_score": 0.8842560644160364,
  "final_text_color_score": 0.8546484967835042,
  "final_clip_score": 0.8854787349700928
}