{
  "sum_areas": 0.1829740744105297,
  "final_score": 0.9084524983417848,
  "final_size_score": 1.0,
  "final_matched_text_score": 0.997371176141062,
  "final_position_score": 0.874450266897865,
  "final_text_color_score": 0.8103749328138253,
  "final_clip_score": 0.8600661158561707
}