{
  "sum_areas": 0.3262938557436493,
  "final_score": 0.8999400075896915,
  "final_size_score": 0.9770621538110986,
  "final_matched_text_score": 0.9699043386907865,
  "final_position_score": 0.8703997365722992,
  "final_text_color_score": 0.8078765091649535,
  "final_clip_score": 0.8744572997093201
}