{
  "sum_areas": 0.5971526433482411,
  "final_score": 0.7721744061494915,
  "final_size_score": 0.1670924252167851,
  "final_matched_text_score": 0.9552182730547933,
  "final_position_score": 0.9258604634842922,
  "final_text_color_score": 0.8888143910443518,
  "final_clip_score": 0.9238864779472351
}