{
  "sum_areas": 0.6692952406310613,
  "final_score": 0.9098753418459347,
  "final_size_score": 0.9959887739360219,
  "final_matched_text_score": 0.9285462322722091,
  "final_position_score": 0.8827615905073783,
  "final_text_color_score": 0.7935323916049447,
  "final_clip_score": 0.9485477209091187
}