{
  "sum_areas": 0.21547076338749116,
  "final_score": 0.7274680889161058,
  "final_size_score": 0.4362565259853346,
  "final_matched_text_score": 0.9064714451534482,
  "final_position_score": 0.8773878426541137,
  "final_text_color_score": 0.5639349073913312,
  "final_clip_score": 0.8532897233963013
}