{
  "sum_areas": 0.32465097611328775,
  "final_score": 0.8841070484919901,
  "final_size_score": 0.9603684990617334,
  "final_matched_text_score": 0.974280385969696,
  "final_position_score": 0.8580406172071045,
  "final_text_color_score": 0.7109440921768297,
  "final_clip_score": 0.9169016480445862
}