{
  "sum_areas": 0.2594836698196535,
  "final_score": 0.8598247087866862,
  "final_size_score": 0.5811245675700772,
  "final_matched_text_score": 0.9867967071589098,
  "final_position_score": 0.8794266518254182,
  "final_text_color_score": 0.9339782903373993,
  "final_clip_score": 0.917797327041626
}