{
  "sum_areas": 0.14451226383783775,
  "final_score": 0.8253626470486222,
  "final_size_score": 0.5704047785164318,
  "final_matched_text_score": 0.9594829230260421,
  "final_position_score": 0.884273165102085,
  "final_text_color_score": 0.7740931344562489,
  "final_clip_score": 0.9385592341423035
}