{
  "sum_areas": 0.25149713541666663,
  "final_score": 0.7872759168224635,
  "final_size_score": 0.4745864164942001,
  "final_matched_text_score": 0.99978584944847,
  "final_position_score": 0.7766342261904762,
  "final_text_color_score": 0.8456455710364834,
  "final_clip_score": 0.839727520942688
}