{
  "sum_areas": 0.24607495934532114,
  "final_score": 0.8219661925378781,
  "final_size_score": 0.5011219254386344,
  "final_matched_text_score": 0.9818869691367907,
  "final_position_score": 0.8772520074510336,
  "final_text_color_score": 0.8413324841782518,
  "final_clip_score": 0.9082375764846802
}