{
  "sum_areas": 0.16975117991262248,
  "final_score": 0.8957377977666088,
  "final_size_score": 0.8089168772593197,
  "final_matched_text_score": 0.9894140225363635,
  "final_position_score": 0.9056781806224063,
  "final_text_color_score": 0.9092970582448184,
  "final_clip_score": 0.8653828501701355
}