{
  "sum_areas": 0.4479053621495603,
  "final_score": 0.9016620305826346,
  "final_size_score": 0.781807934537426,
  "final_matched_text_score": 0.9535641935826566,
  "final_position_score": 0.8252035666188172,
  "final_text_color_score": 0.9728780815263237,
  "final_clip_score": 0.9748563766479492
}