{
  "sum_areas": 0.17155538924282596,
  "final_score": 0.9118447804100388,
  "final_size_score": 0.9343021188269807,
  "final_matched_text_score": 0.9885531574740208,
  "final_position_score": 0.9197598271635221,
  "final_text_color_score": 0.7800664068086323,
  "final_clip_score": 0.9365423917770386
}