{
  "sum_areas": 0.28423732551485176,
  "final_score": 0.898015806898377,
  "final_size_score": 0.9648886316154007,
  "final_matched_text_score": 0.9588884136053148,
  "final_position_score": 0.7944320180613816,
  "final_text_color_score": 0.8624028701126808,
  "final_clip_score": 0.9094671010971069
}