{
  "sum_areas": 0.16051166577810583,
  "final_score": 0.9151671707731541,
  "final_size_score": 0.9999526795384357,
  "final_matched_text_score": 0.9819315792328523,
  "final_position_score": 0.8723895738361653,
  "final_text_color_score": 0.8160308532743091,
  "final_clip_score": 0.9055311679840088
}