{
  "sum_areas": 0.2759596096098564,
  "final_score": 0.8099244723870194,
  "final_size_score": 0.4795825204032428,
  "final_matched_text_score": 0.9874184635413109,
  "final_position_score": 0.8533084049666515,
  "final_text_color_score": 0.8235911893858904,
  "final_clip_score": 0.9057217836380005
}