{
  "sum_areas": 0.1212274633899839,
  "final_score": 0.9111907862342585,
  "final_size_score": 0.9808764191800209,
  "final_matched_text_score": 0.9380529779887785,
  "final_position_score": 0.8483511694456599,
  "final_text_color_score": 0.8444197410712679,
  "final_clip_score": 0.9442536234855652
}