{
  "sum_areas": 0.18461643163432,
  "final_score": 0.9626782708551769,
  "final_size_score": 1.0,
  "final_matched_text_score": 0.9923553985959774,
  "final_position_score": 0.9592830258140006,
  "final_text_color_score": 0.9264968659277651,
  "final_clip_score": 0.9352560639381409
}