{
  "sum_areas": 0.47864153971892776,
  "final_score": 0.9147614502869761,
  "final_size_score": 0.999970524179425,
  "final_matched_text_score": 0.8811507533049906,
  "final_position_score": 0.893231017913075,
  "final_text_color_score": 0.8703071760958307,
  "final_clip_score": 0.9291477799415588
}