{
  "sum_areas": 0.48703207405846216,
  "final_score": 0.923683851287925,
  "final_size_score": 1.0,
  "final_matched_text_score": 0.9487537781800588,
  "final_position_score": 0.9414119004331586,
  "final_text_color_score": 0.7962311254719766,
  "final_clip_score": 0.9320224523544312
}