{
  "sum_areas": 0.3522059004858396,
  "final_score": 0.9046510760381363,
  "final_size_score": 0.9814692045552155,
  "final_matched_text_score": 0.9946310572056501,
  "final_position_score": 0.8566293759819273,
  "final_text_color_score": 0.7884726246958138,
  "final_clip_score": 0.9020531177520752
}