{
  "sum_areas": 0.22612378458465401,
  "final_score": 0.8096129140501307,
  "final_size_score": 0.4941497976610597,
  "final_matched_text_score": 0.9601449275362318,
  "final_position_score": 0.870008378669709,
  "final_text_color_score": 0.8497759374377292,
  "final_clip_score": 0.8739855289459229
}