{
  "sum_areas": 0.11716962725740615,
  "final_score": 0.8573131663029154,
  "final_size_score": 0.9821476532057786,
  "final_matched_text_score": 0.9522318686243202,
  "final_position_score": 0.7593279599200429,
  "final_text_color_score": 0.7087075466752929,
  "final_clip_score": 0.8841508030891418
}