{
  "sum_areas": 0.3142258356145177,
  "final_score": 0.9309837923499913,
  "final_size_score": 0.9878081572605736,
  "final_matched_text_score": 0.942090994605226,
  "final_position_score": 0.888352862942301,
  "final_text_color_score": 0.9122828298153912,
  "final_clip_score": 0.9243841171264648
}