{
  "sum_areas": 0.19736445249189624,
  "final_score": 0.9154650961848999,
  "final_size_score": 0.99799833900631,
  "final_matched_text_score": 0.9751002370890846,
  "final_position_score": 0.8999573201082036,
  "final_text_color_score": 0.7898139920886073,
  "final_clip_score": 0.9144555926322937
}