{
  "sum_areas": 0.37607734558033973,
  "final_score": 0.8125144225142436,
  "final_size_score": 0.5912899507254404,
  "final_matched_text_score": 0.9822169309525,
  "final_position_score": 0.9395356126941697,
  "final_text_color_score": 0.6510570110633346,
  "final_clip_score": 0.8984726071357727
}