{
  "sum_areas": 0.3146029845386138,
  "final_score": 0.9409893613289642,
  "final_size_score": 0.9871531765127511,
  "final_matched_text_score": 0.9875782506496309,
  "final_position_score": 0.905523145428201,
  "final_text_color_score": 0.8916860666424333,
  "final_clip_score": 0.9330061674118042
}