{
  "sum_areas": 0.4524602149209487,
  "final_score": 0.7738438658695945,
  "final_size_score": 0.43047129332091655,
  "final_matched_text_score": 0.9462076573295837,
  "final_position_score": 0.822245117997609,
  "final_text_color_score": 0.7978327496372413,
  "final_clip_score": 0.8724625110626221
}