{
  "sum_areas": 0.11044314546500462,
  "final_score": 0.9073919205349583,
  "final_size_score": 0.8107280299893975,
  "final_matched_text_score": 0.9854425144747726,
  "final_position_score": 0.880552929563098,
  "final_text_color_score": 0.9134084785773334,
  "final_clip_score": 0.9468276500701904
}