{
  "sum_areas": 0.1350807141261001,
  "final_score": 0.858190459656528,
  "final_size_score": 0.9290306643425247,
  "final_matched_text_score": 0.9809939994638847,
  "final_position_score": 0.7255653930777692,
  "final_text_color_score": 0.8400782276502916,
  "final_clip_score": 0.815284013748169
}