{
  "sum_areas": 0.19679016498151775,
  "final_score": 0.9169215052853359,
  "final_size_score": 0.9359522727206022,
  "final_matched_text_score": 0.9708675713811421,
  "final_position_score": 0.7607480428404952,
  "final_text_color_score": 0.9744748540039405,
  "final_clip_score": 0.9425647854804993
}