{
  "sum_areas": 0.5842485934685855,
  "final_score": 0.9114107069217108,
  "final_size_score": 0.9801037621856792,
  "final_matched_text_score": 0.939164317862814,
  "final_position_score": 0.9235833468464781,
  "final_text_color_score": 0.7679682391146443,
  "final_clip_score": 0.946233868598938
}