{
  "sum_areas": 0.3907042342483311,
  "final_score": 0.8743403352707004,
  "final_size_score": 0.9850625383186805,
  "final_matched_text_score": 0.9857916637181944,
  "final_position_score": 0.83965100473243,
  "final_text_color_score": 0.6582365267665089,
  "final_clip_score": 0.902959942817688
}