{
  "sum_areas": 0.5694615095886436,
  "final_score": 0.9153408915487212,
  "final_size_score": 0.9996105170461693,
  "final_matched_text_score": 0.9999060768291537,
  "final_position_score": 0.8835131805959049,
  "final_text_color_score": 0.8916621205206083,
  "final_clip_score": 0.80201256275177
}