{
  "sum_areas": 0.019511414364515665,
  "final_score": 0.9109477078799468,
  "final_size_score": 0.8999185404519753,
  "final_matched_text_score": 1.0,
  "final_position_score": 0.9288927170212671,
  "final_text_color_score": 0.774876285146097,
  "final_clip_score": 0.9510509967803955
}