{
  "sum_areas": 0.22700993667047695,
  "final_score": 0.8901374457138364,
  "final_size_score": 0.8682532032323599,
  "final_matched_text_score": 0.9998888271261811,
  "final_position_score": 0.9205944235838293,
  "final_text_color_score": 0.7306716517973747,
  "final_clip_score": 0.9312791228294373
}