{
  "sum_areas": 0.4384688508872106,
  "final_score": 0.9043227980124912,
  "final_size_score": 0.9998557921153586,
  "final_matched_text_score": 0.9234401714866983,
  "final_position_score": 0.8799796442081483,
  "final_text_color_score": 0.8109985709271775,
  "final_clip_score": 0.9073398113250732
}