{
  "sum_areas": 0.10511685508298932,
  "final_score": 0.8937186578609492,
  "final_size_score": 0.9960005925076296,
  "final_matched_text_score": 0.9805994614213792,
  "final_position_score": 0.8107511674421002,
  "final_text_color_score": 0.8172119451766782,
  "final_clip_score": 0.864030122756958
}