{
  "sum_areas": 0.14484471727973477,
  "final_score": 0.9181057017123389,
  "final_size_score": 0.9487314749378737,
  "final_matched_text_score": 0.9756015242242787,
  "final_position_score": 0.9300978966516351,
  "final_text_color_score": 0.8043315199706542,
  "final_clip_score": 0.9317660927772522
}