{
  "sum_areas": 0.38906691346363664,
  "final_score": 0.8917238725773928,
  "final_size_score": 0.9857331159959498,
  "final_matched_text_score": 0.9355594369211068,
  "final_position_score": 0.9163485126818561,
  "final_text_color_score": 0.6924360409327653,
  "final_clip_score": 0.9285422563552856
}