{
  "sum_areas": 0.11020345133731058,
  "final_score": 0.8957471034588018,
  "final_size_score": 0.9444001464341285,
  "final_matched_text_score": 0.9949730055119275,
  "final_position_score": 0.8123131890414744,
  "final_text_color_score": 0.8325051113078515,
  "final_clip_score": 0.8945440649986267
}