{
  "sum_areas": 0.1735476796480786,
  "final_score": 0.8437420629284356,
  "final_size_score": 0.6729810312314245,
  "final_matched_text_score": 0.9893380097714464,
  "final_position_score": 0.8392341874976418,
  "final_text_color_score": 0.8091778361874415,
  "final_clip_score": 0.9079792499542236
}