{
  "sum_areas": 0.20699869791666667,
  "final_score": 0.894848960093232,
  "final_size_score": 0.9071342454264296,
  "final_matched_text_score": 0.9529504277711899,
  "final_position_score": 0.763717830882353,
  "final_text_color_score": 0.9306175769571712,
  "final_clip_score": 0.9198247194290161
}