{
  "sum_areas": 0.19341560145514566,
  "final_score": 0.8029042154917104,
  "final_size_score": 0.29966199507376373,
  "final_matched_text_score": 0.9924450549450549,
  "final_position_score": 0.9087271560817849,
  "final_text_color_score": 0.9016218422136605,
  "final_clip_score": 0.9120650291442871
}