{
  "sum_areas": 0.19055250163625537,
  "final_score": 0.9013272340300911,
  "final_size_score": 0.9863072404724645,
  "final_matched_text_score": 0.977570577544305,
  "final_position_score": 0.8795040927475931,
  "final_text_color_score": 0.7625735385799708,
  "final_clip_score": 0.9006807208061218
}