{
  "sum_areas": 0.5723624955899617,
  "final_score": 0.9464838847877527,
  "final_size_score": 0.9810917543272135,
  "final_matched_text_score": 0.9937288123445642,
  "final_position_score": 0.9225024298574078,
  "final_text_color_score": 0.894404181449343,
  "final_clip_score": 0.9406922459602356
}