{
  "sum_areas": 0.3815241198960331,
  "final_score": 0.880381028837901,
  "final_size_score": 0.8640188584912576,
  "final_matched_text_score": 0.9380752741730327,
  "final_position_score": 0.7669334489001068,
  "final_text_color_score": 0.9031587105819556,
  "final_clip_score": 0.9297188520431519
}