{
  "sum_areas": 0.21487973919246975,
  "final_score": 0.7256972294075763,
  "final_size_score": 0.47391395569540656,
  "final_matched_text_score": 0.9359653182519782,
  "final_position_score": 0.7580659726554698,
  "final_text_color_score": 0.5908962585588059,
  "final_clip_score": 0.8696446418762207
}