{
  "sum_areas": 0.41425333745536114,
  "final_score": 0.8910778273761079,
  "final_size_score": 0.9769840573751651,
  "final_matched_text_score": 0.9392118511059238,
  "final_position_score": 0.8790922466256138,
  "final_text_color_score": 0.7726057024617022,
  "final_clip_score": 0.8874952793121338
}