{
  "sum_areas": 0.08740727470460732,
  "final_score": 0.7095475182266229,
  "final_size_score": 0.20720012006109262,
  "final_matched_text_score": 0.9941176470588236,
  "final_position_score": 0.9012896245215153,
  "final_text_color_score": 0.5110810700055985,
  "final_clip_score": 0.934049129486084
}