{
  "sum_areas": 0.35617351450931733,
  "final_score": 0.9344571018989813,
  "final_size_score": 0.9971106924415647,
  "final_matched_text_score": 0.9570990053198772,
  "final_position_score": 0.8496319249665438,
  "final_text_color_score": 0.902313689718733,
  "final_clip_score": 0.9661301970481873
}