{
  "sum_areas": 0.2755466689119298,
  "final_score": 0.9139147593206776,
  "final_size_score": 0.9198207433612869,
  "final_matched_text_score": 0.9698375615036201,
  "final_position_score": 0.8739350646089542,
  "final_text_color_score": 0.884036762578745,
  "final_clip_score": 0.9219436645507812
}