{
  "sum_areas": 0.19924636773960105,
  "final_score": 0.9148049456397587,
  "final_size_score": 0.9843446567355719,
  "final_matched_text_score": 0.967590679996695,
  "final_position_score": 0.9382064895534498,
  "final_text_color_score": 0.7688683965267246,
  "final_clip_score": 0.9150145053863525
}