{
  "sum_areas": 0.20627218751442417,
  "final_score": 0.9105291048993076,
  "final_size_score": 0.9322344697016623,
  "final_matched_text_score": 0.9894007667169431,
  "final_position_score": 0.9142296812235803,
  "final_text_color_score": 0.7890511194352235,
  "final_clip_score": 0.9277294874191284
}