{
  "sum_areas": 0.6445022480690635,
  "final_score": 0.8939837043670686,
  "final_size_score": 0.9958092146870322,
  "final_matched_text_score": 0.9375471019520651,
  "final_position_score": 0.8697498840518062,
  "final_text_color_score": 0.7303088512004385,
  "final_clip_score": 0.9365034699440002
}