{
  "sum_areas": 0.21293771671097012,
  "final_score": 0.8882285763144657,
  "final_size_score": 0.7283983085874285,
  "final_matched_text_score": 0.9905217601404691,
  "final_position_score": 0.9186236363449755,
  "final_text_color_score": 0.8618085957499434,
  "final_clip_score": 0.9417905807495117
}