{
  "sum_areas": 0.6106567619579524,
  "final_score": 0.9141764163355304,
  "final_size_score": 1.0,
  "final_matched_text_score": 0.9437445984912215,
  "final_position_score": 0.842152710212054,
  "final_text_color_score": 0.8517381604255478,
  "final_clip_score": 0.9332466125488281
}