{
  "sum_areas": 0.36693209823886314,
  "final_score": 0.9302732716197408,
  "final_size_score": 0.9360373590559792,
  "final_matched_text_score": 0.9858898165310213,
  "final_position_score": 0.8739761866853646,
  "final_text_color_score": 0.978359905540084,
  "final_clip_score": 0.8771030902862549
}