{
  "sum_areas": 0.18545672367425034,
  "final_score": 0.9500028949900616,
  "final_size_score": 1.0,
  "final_matched_text_score": 0.9995577178239717,
  "final_position_score": 0.9014413981038893,
  "final_text_color_score": 0.8958793917678083,
  "final_clip_score": 0.9531359672546387
}