{
  "sum_areas": 0.09528931997274712,
  "final_score": 0.9187701700900273,
  "final_size_score": 0.987257208386886,
  "final_matched_text_score": 0.98427003113223,
  "final_position_score": 0.8565422589380137,
  "final_text_color_score": 0.8355671853517705,
  "final_clip_score": 0.9302141666412354
}