{
  "sum_areas": 0.11972883940594332,
  "final_score": 0.8891067146898042,
  "final_size_score": 0.8548517843000899,
  "final_matched_text_score": 0.9530794760948597,
  "final_position_score": 0.9096957160025595,
  "final_text_color_score": 0.8084771756266462,
  "final_clip_score": 0.9194294214248657
}