{
  "sum_areas": 0.27436728293343965,
  "final_score": 0.8910499853983037,
  "final_size_score": 0.9493726464881291,
  "final_matched_text_score": 0.9659899651104721,
  "final_position_score": 0.8941842409704028,
  "final_text_color_score": 0.7677999705940843,
  "final_clip_score": 0.8779031038284302
}