{
  "sum_areas": 0.25810384276333515,
  "final_score": 0.8956457325971221,
  "final_size_score": 0.9926722684648751,
  "final_matched_text_score": 0.9810184360622525,
  "final_position_score": 0.8508855384957578,
  "final_text_color_score": 0.7261832260273304,
  "final_clip_score": 0.9274691939353943
}