{
  "sum_areas": 0.36972487505928575,
  "final_score": 0.8249378840700807,
  "final_size_score": 0.5638436057217731,
  "final_matched_text_score": 0.9581386604821139,
  "final_position_score": 0.885386619873652,
  "final_text_color_score": 0.8040028539139775,
  "final_clip_score": 0.9133176803588867
}