{
  "sum_areas": 0.06953884548611111,
  "final_score": 0.953277707276545,
  "final_size_score": 1.0,
  "final_matched_text_score": 0.9229189398719494,
  "final_position_score": 0.9764880952380953,
  "final_text_color_score": 0.9587736079010983,
  "final_clip_score": 0.908207893371582
}