{
  "sum_areas": 0.004363064236111111,
  "final_score": 0.9205172369863709,
  "final_size_score": 0.9624471524496395,
  "final_matched_text_score": 1.0,
  "final_position_score": 0.9868055555555556,
  "final_text_color_score": 0.7051920212763292,
  "final_clip_score": 0.9481414556503296
}