{
  "sum_areas": 0.24683748936697264,
  "final_score": 0.7383313913273981,
  "final_size_score": 0.5040965472031984,
  "final_matched_text_score": 0.9329050682388677,
  "final_position_score": 0.8698465108158171,
  "final_text_color_score": 0.543120853065112,
  "final_clip_score": 0.8416879773139954
}