{
  "sum_areas": 0.09995967977988521,
  "final_score": 0.9324894227027891,
  "final_size_score": 0.9692550982460584,
  "final_matched_text_score": 0.9288317874692751,
  "final_position_score": 0.8914379184124475,
  "final_text_color_score": 0.9004277071827956,
  "final_clip_score": 0.9724946022033691
}