{
  "sum_areas": 0.2217704237964408,
  "final_score": 0.8170877374587109,
  "final_size_score": 0.42866760697437334,
  "final_matched_text_score": 0.9603629281188817,
  "final_position_score": 0.8839166028439741,
  "final_text_color_score": 0.8991335762575705,
  "final_clip_score": 0.9133579730987549
}