{
  "sum_areas": 0.5326133642979025,
  "final_score": 0.9295240341703347,
  "final_size_score": 0.9893671302048217,
  "final_matched_text_score": 0.9226344732393469,
  "final_position_score": 0.9146549170616114,
  "final_text_color_score": 0.8896826201678236,
  "final_clip_score": 0.9312810301780701
}