{
  "sum_areas": 0.21351627698801456,
  "final_score": 0.88636034284843,
  "final_size_score": 0.9593292806299996,
  "final_matched_text_score": 0.9801489543416803,
  "final_position_score": 0.9173373673055382,
  "final_text_color_score": 0.633450996722927,
  "final_clip_score": 0.9415351152420044
}