{
  "sum_areas": 0.18000517900251656,
  "final_score": 0.9041429180576351,
  "final_size_score": 0.9847849164673015,
  "final_matched_text_score": 0.9756604288883255,
  "final_position_score": 0.8379032107199067,
  "final_text_color_score": 0.8174530259995986,
  "final_clip_score": 0.9049130082130432
}