{
  "sum_areas": 0.343083073357304,
  "final_score": 0.8496868690127471,
  "final_size_score": 0.6127840965098607,
  "final_matched_text_score": 0.9767005025625716,
  "final_position_score": 0.856744982609513,
  "final_text_color_score": 0.8856228942564238,
  "final_clip_score": 0.9165818691253662
}