{
  "sum_areas": 0.5170122877913805,
  "final_score": 0.9517467814822649,
  "final_size_score": 1.0,
  "final_matched_text_score": 0.9721308741094008,
  "final_position_score": 0.948737221517103,
  "final_text_color_score": 0.9659881414967343,
  "final_clip_score": 0.8718776702880859
}