{
  "sum_areas": 0.37158538664129515,
  "final_score": 0.9284869535423594,
  "final_size_score": 0.9784584125374332,
  "final_matched_text_score": 0.9808934119582899,
  "final_position_score": 0.872940768786189,
  "final_text_color_score": 0.9091509730291278,
  "final_clip_score": 0.9009912014007568
}