{
  "sum_areas": 0.02392061707432732,
  "final_score": 0.9076705675779965,
  "final_size_score": 0.9071614329170419,
  "final_matched_text_score": 1.0,
  "final_position_score": 0.9355811190162235,
  "final_text_color_score": 0.752477885444021,
  "final_clip_score": 0.9431324005126953
}