{
  "sum_areas": 0.08099175347222222,
  "final_score": 0.9288938894978517,
  "final_size_score": 1.0,
  "final_matched_text_score": 0.9229189398719494,
  "final_position_score": 0.9000992063492064,
  "final_text_color_score": 0.9587736079010983,
  "final_clip_score": 0.8626776933670044
}