{
  "sum_areas": 0.08541375806032254,
  "final_score": 0.8676277131148344,
  "final_size_score": 1.0000000000000002,
  "final_matched_text_score": 0.9755926051603011,
  "final_position_score": 0.9061662381794331,
  "final_text_color_score": 0.5518959866730667,
  "final_clip_score": 0.9044837355613708
}