{
  "sum_areas": 0.2949928569652232,
  "final_score": 0.9134426902544895,
  "final_size_score": 0.9814125492097312,
  "final_matched_text_score": 0.9665700083675509,
  "final_position_score": 0.9150260065270698,
  "final_text_color_score": 0.7844425738021595,
  "final_clip_score": 0.9197623133659363
}