{
  "sum_areas": 0.22053290400608222,
  "final_score": 0.7243416122553913,
  "final_size_score": 0.27107664651916447,
  "final_matched_text_score": 0.9841780462184874,
  "final_position_score": 0.7424576724868223,
  "final_text_color_score": 0.8076352820243144,
  "final_clip_score": 0.8163604140281677
}