{
  "sum_areas": 0.004671223958333333,
  "final_score": 0.9673486912994499,
  "final_size_score": 0.9649245063879212,
  "final_matched_text_score": 1.0,
  "final_position_score": 0.9513888888888888,
  "final_text_color_score": 0.9722112387411905,
  "final_clip_score": 0.948218822479248
}