{
  "sum_areas": 0.4704741392355608,
  "final_score": 0.724103603185783,
  "final_size_score": 0.10055659058639886,
  "final_matched_text_score": 1.0,
  "final_position_score": 0.8795947876084038,
  "final_text_color_score": 0.7028728962218134,
  "final_clip_score": 0.9374937415122986
}