{
  "sum_areas": 0.2496483298838927,
  "final_score": 0.8879144863773853,
  "final_size_score": 0.7370718736419791,
  "final_matched_text_score": 0.9853486358392551,
  "final_position_score": 0.8688004939747409,
  "final_text_color_score": 0.920798251551069,
  "final_clip_score": 0.9275531768798828
}