{
  "sum_areas": 0.6014790769179064,
  "final_score": 0.7742203259028646,
  "final_size_score": 0.16292765775527634,
  "final_matched_text_score": 0.9573278635778636,
  "final_position_score": 0.9242676386724942,
  "final_text_color_score": 0.8900476410327365,
  "final_clip_score": 0.9365308284759521
}