{
  "sum_areas": 0.07986152580977596,
  "final_score": 0.833140155383375,
  "final_size_score": 1.0000000000000002,
  "final_matched_text_score": 0.9755926051603011,
  "final_position_score": 0.791109375,
  "final_text_color_score": 0.4848045704916208,
  "final_clip_score": 0.9141942262649536
}