{
  "sum_areas": 0.5663058112108992,
  "final_score": 0.958134707553456,
  "final_size_score": 0.9999999999999998,
  "final_matched_text_score": 0.9697461329644761,
  "final_position_score": 0.9433861990089402,
  "final_text_color_score": 0.9405527328553256,
  "final_clip_score": 0.9369884729385376
}