{
  "sum_areas": 0.22423266804696115,
  "final_score": 0.6598100196115899,
  "final_size_score": 0.14821111178526905,
  "final_matched_text_score": 0.962581574709721,
  "final_position_score": 0.7522658078432414,
  "final_text_color_score": 0.6324328964824744,
  "final_clip_score": 0.8035587072372437
}