{
  "sum_areas": 0.3579328445334924,
  "final_score": 0.8973729925342273,
  "final_size_score": 0.9839182673290999,
  "final_matched_text_score": 0.9432055785960397,
  "final_position_score": 0.8852439413563704,
  "final_text_color_score": 0.7515415431798481,
  "final_clip_score": 0.9229556322097778
}