{
  "sum_areas": 0.6543961520893945,
  "final_score": 0.9064942871876829,
  "final_size_score": 0.9958974475856195,
  "final_matched_text_score": 0.9348682164287995,
  "final_position_score": 0.8683937732114606,
  "final_text_color_score": 0.7914170502300211,
  "final_clip_score": 0.9418949484825134
}