{
  "sum_areas": 0.20435852674535152,
  "final_score": 0.5003108316606474,
  "final_size_score": 0.004842966230816771,
  "final_matched_text_score": 0.625,
  "final_position_score": 0.91484375,
  "final_text_color_score": 0.1829451178918171,
  "final_clip_score": 0.773922324180603
}