{
  "sum_areas": 0.10373978662587817,
  "final_score": 0.6160672443911946,
  "final_size_score": 0.09911158559361724,
  "final_matched_text_score": 0.75,
  "final_position_score": 0.59375,
  "final_text_color_score": 0.8365413349135338,
  "final_clip_score": 0.800933301448822
}