{
  "sum_areas": 0.19450655778518042,
  "final_score": 0.5948407505062637,
  "final_size_score": 0.08418474802269957,
  "final_matched_text_score": 0.7261011301072152,
  "final_position_score": 0.7227192611393118,
  "final_text_color_score": 0.6644357701300733,
  "final_clip_score": 0.776762843132019
}