{
  "sum_areas": 0.14989649134078314,
  "final_score": 0.6414766712582471,
  "final_size_score": 0.23399479040262655,
  "final_matched_text_score": 0.6952530228392297,
  "final_position_score": 0.7147256540697675,
  "final_text_color_score": 0.7672571184603554,
  "final_clip_score": 0.7961527705192566
}