{
  "sum_areas": 0.06174683550331081,
  "final_score": 0.5693185744152264,
  "final_size_score": 0.20974634407241657,
  "final_matched_text_score": 0.6224489795918366,
  "final_position_score": 0.42850073620777174,
  "final_text_color_score": 0.7039807064568838,
  "final_clip_score": 0.8819161057472229
}