{
  "sum_areas": 0.29735101800036334,
  "final_score": 0.48593370250393825,
  "final_size_score": 0.014481351467690974,
  "final_matched_text_score": 0.625,
  "final_position_score": 0.3909017254569081,
  "final_text_color_score": 0.5713689326425162,
  "final_clip_score": 0.8279165029525757
}