{
  "sum_areas": 0.09500851524513776,
  "final_score": 0.38002779017747007,
  "final_size_score": 0.022025370524066282,
  "final_matched_text_score": 0.5277777777777778,
  "final_position_score": 0.14570312500000004,
  "final_text_color_score": 0.41290918782415376,
  "final_clip_score": 0.7917234897613525
}