{
  "sum_areas": 0.15469054771856494,
  "final_score": 0.536956726834374,
  "final_size_score": 0.07167872947206287,
  "final_matched_text_score": 1.0,
  "final_position_score": 0.22599631371183093,
  "final_text_color_score": 0.569280293372925,
  "final_clip_score": 0.8178282976150513
}