{
  "sum_areas": 0.3035140881791108,
  "final_score": 0.523556107264661,
  "final_size_score": 0.022834750507178505,
  "final_matched_text_score": 0.7945736434108527,
  "final_position_score": 0.4568870445883584,
  "final_text_color_score": 0.4971581506046958,
  "final_clip_score": 0.8463269472122192
}