{
  "sum_areas": 0.38238063527553534,
  "final_score": 0.6111736644056914,
  "final_size_score": 0.09473824449230976,
  "final_matched_text_score": 0.7417698580489279,
  "final_position_score": 0.7143229166666667,
  "final_text_color_score": 0.6316442440436975,
  "final_clip_score": 0.8733930587768555
}