{
  "sum_areas": 0.06821609182535193,
  "final_score": 0.5787664196634402,
  "final_size_score": 0.1403010418231361,
  "final_matched_text_score": 0.7292156862745098,
  "final_position_score": 0.7568924494878079,
  "final_text_color_score": 0.4575382533352018,
  "final_clip_score": 0.8098846673965454
}