{
  "sum_areas": 0.21130242425439388,
  "final_score": 0.5800809927010212,
  "final_size_score": 0.12875630172640373,
  "final_matched_text_score": 0.725557461406518,
  "final_position_score": 0.5337890625,
  "final_text_color_score": 0.6971850171293863,
  "final_clip_score": 0.8151171207427979
}