{
  "sum_areas": 0.21769319210135096,
  "final_score": 0.38991535199672306,
  "final_size_score": 0.00040594744155082426,
  "final_matched_text_score": 0.5,
  "final_position_score": 0.25599185573007566,
  "final_text_color_score": 0.3133183768444898,
  "final_clip_score": 0.8798605799674988
}