{
  "sum_areas": 0.1602051630713524,
  "final_score": 0.5681163471874238,
  "final_size_score": 0.24521016396480677,
  "final_matched_text_score": 0.6606122840771964,
  "final_position_score": 0.4895601574039882,
  "final_text_color_score": 0.6808715447939528,
  "final_clip_score": 0.7643275856971741
}