{
  "sum_areas": 0.16153790306745364,
  "final_score": 0.608418310276624,
  "final_size_score": 0.35549350013353376,
  "final_matched_text_score": 0.7951858832079861,
  "final_position_score": 0.4701822734404162,
  "final_text_color_score": 0.5866176442731197,
  "final_clip_score": 0.834612250328064
}