{
  "sum_areas": 0.27596223714273466,
  "final_score": 0.6349902830209904,
  "final_size_score": 0.1376575044061124,
  "final_matched_text_score": 0.9069767441860465,
  "final_position_score": 0.7537872849040284,
  "final_text_color_score": 0.48359126771716276,
  "final_clip_score": 0.8929386138916016
}