{
  "sum_areas": 0.43944904808859214,
  "final_score": 0.6775672373665568,
  "final_size_score": 0.02430100018384009,
  "final_matched_text_score": 0.6206896551724138,
  "final_position_score": 0.9052975139746985,
  "final_text_color_score": 1.0,
  "final_clip_score": 0.837548017501831
}