{
  "sum_areas": 0.4043515685003841,
  "final_score": 0.6839817974226509,
  "final_size_score": 0.026810304831236413,
  "final_matched_text_score": 0.9019607843137255,
  "final_position_score": 0.64296875,
  "final_text_color_score": 1.0,
  "final_clip_score": 0.8481691479682922
}