{
  "sum_areas": 0.09028768822255039,
  "final_score": 0.5846316190070577,
  "final_size_score": 0.2486544458691155,
  "final_matched_text_score": 0.8837209302325583,
  "final_position_score": 0.7147135416666667,
  "final_text_color_score": 0.28231805669962656,
  "final_clip_score": 0.7937511205673218
}