{
  "sum_areas": 0.13419270833333335,
  "final_score": 0.45970060402821694,
  "final_size_score": 0.047827802574552006,
  "final_matched_text_score": 0.7629310344827587,
  "final_position_score": 0.38330164930555566,
  "final_text_color_score": 0.4101843207350055,
  "final_clip_score": 0.6942582130432129
}