{
  "sum_areas": 0.11877225486811559,
  "final_score": 0.6137474966007641,
  "final_size_score": 0.022211950320562224,
  "final_matched_text_score": 0.8484848484848485,
  "final_position_score": 0.8211707993115595,
  "final_text_color_score": 0.46546396390448946,
  "final_clip_score": 0.9114059209823608
}