{
  "sum_areas": 0.050633689669453,
  "final_score": 0.5997651376654523,
  "final_size_score": 0.02901496576233584,
  "final_matched_text_score": 0.7666666666666666,
  "final_position_score": 0.4778073173226965,
  "final_text_color_score": 0.8575708947073063,
  "final_clip_score": 0.8677658438682556
}