{
  "sum_areas": 0.2594911024305556,
  "final_score": 0.6025302853785588,
  "final_size_score": 0.021677043826600368,
  "final_matched_text_score": 0.9423076923076923,
  "final_position_score": 0.6015625,
  "final_text_color_score": 0.5940866817748895,
  "final_clip_score": 0.8530175089836121
}