{
  "sum_areas": 0.13394487565119229,
  "final_score": 0.7720773214836444,
  "final_size_score": 0.27535376598453587,
  "final_matched_text_score": 0.8951880262108927,
  "final_position_score": 0.8421875,
  "final_text_color_score": 0.9032053870840602,
  "final_clip_score": 0.9444519281387329
}