{
  "sum_areas": 0.28013134938113665,
  "final_score": 0.9363708756918085,
  "final_size_score": 0.9940289005175453,
  "final_matched_text_score": 0.9359356481261922,
  "final_position_score": 0.9477709568486544,
  "final_text_color_score": 0.8689582360647948,
  "final_clip_score": 0.9351606369018555
}