{
  "sum_areas": 0.004967447916666667,
  "final_score": 0.9562622708714793,
  "final_size_score": 0.9670161642638706,
  "final_matched_text_score": 1.0,
  "final_position_score": 0.9763888888888889,
  "final_text_color_score": 0.90567845124431,
  "final_clip_score": 0.9322278499603271
}