{
  "sum_areas": 0.5020533588324732,
  "final_score": 0.8913273206209662,
  "final_size_score": 0.9969811400631396,
  "final_matched_text_score": 0.8965800058714024,
  "final_position_score": 0.9149623154020176,
  "final_text_color_score": 0.7183622820308746,
  "final_clip_score": 0.9297508597373962
}