{
  "sum_areas": 0.5422313266191996,
  "final_score": 0.8809677375009941,
  "final_size_score": 0.996830946009997,
  "final_matched_text_score": 0.9484180081392019,
  "final_position_score": 0.8977764923844911,
  "final_text_color_score": 0.6491534766814242,
  "final_clip_score": 0.912659764289856
}