{
  "sum_areas": 0.15943758928874616,
  "final_score": 0.7801033915706223,
  "final_size_score": 0.843943728414238,
  "final_matched_text_score": 0.8992808195150019,
  "final_position_score": 0.7695805376471286,
  "final_text_color_score": 0.5820619956821991,
  "final_clip_score": 0.8056498765945435
}