{
  "sum_areas": 0.36100854457307463,
  "final_score": 0.9265429064342409,
  "final_size_score": 0.9356768889353388,
  "final_matched_text_score": 0.9919738599114652,
  "final_position_score": 0.9214675341660964,
  "final_text_color_score": 0.8688937144827056,
  "final_clip_score": 0.9147025346755981
}