{
  "sum_areas": 0.32573136160714283,
  "final_score": 0.7640270216544729,
  "final_size_score": 0.4703430090185103,
  "final_matched_text_score": 0.9993506493506494,
  "final_position_score": 0.8890184414832855,
  "final_text_color_score": 0.6574152397889373,
  "final_clip_score": 0.8040077686309814
}