{
  "sum_areas": 0.20485508707041725,
  "final_score": 0.8122511791892919,
  "final_size_score": 0.43700978399404744,
  "final_matched_text_score": 0.9861456176673568,
  "final_position_score": 0.9024565838450307,
  "final_text_color_score": 0.8012324443183513,
  "final_clip_score": 0.9344114661216736
}