{
  "sum_areas": 0.411887816945455,
  "final_score": 0.9210465344510782,
  "final_size_score": 0.9612047114675838,
  "final_matched_text_score": 0.9437001786866832,
  "final_position_score": 0.8296219304625981,
  "final_text_color_score": 0.9234219876172246,
  "final_clip_score": 0.9472838640213013
}