{
  "sum_areas": 0.5372748377070766,
  "final_score": 0.9624055001260268,
  "final_size_score": 0.9923313781361179,
  "final_matched_text_score": 0.9924095431295814,
  "final_position_score": 0.9092800776884071,
  "final_text_color_score": 0.9846764426245139,
  "final_clip_score": 0.9333300590515137
}