{
  "sum_areas": 0.16213710829667013,
  "final_score": 0.9272970860075322,
  "final_size_score": 1.0,
  "final_matched_text_score": 0.9915076502147929,
  "final_position_score": 0.836490385270241,
  "final_text_color_score": 0.9433989317230377,
  "final_clip_score": 0.8650884628295898
}