{
  "sum_areas": 0.3574742308863217,
  "final_score": 0.7647765835722385,
  "final_size_score": 0.279565787295579,
  "final_matched_text_score": 0.9581559767318282,
  "final_position_score": 0.8478250332024595,
  "final_text_color_score": 0.8420472488661891,
  "final_clip_score": 0.8962888717651367
}