{
  "sum_areas": 0.08683333993768884,
  "final_score": 0.8552012584537296,
  "final_size_score": 1.0,
  "final_matched_text_score": 0.975524160585772,
  "final_position_score": 0.8067045183754395,
  "final_text_color_score": 0.5810558601870143,
  "final_clip_score": 0.9127217531204224
}