{
  "sum_areas": 0.157405848921975,
  "final_score": 0.9093913379126892,
  "final_size_score": 0.9970220293387424,
  "final_matched_text_score": 0.9897929872081791,
  "final_position_score": 0.8283751403836209,
  "final_text_color_score": 0.8406341778965759,
  "final_clip_score": 0.8911323547363281
}