{
  "sum_areas": 0.15845149249406573,
  "final_score": 0.8754319411816855,
  "final_size_score": 0.9817531309338339,
  "final_matched_text_score": 0.9763789145596045,
  "final_position_score": 0.8453376622176854,
  "final_text_color_score": 0.6773256669518815,
  "final_clip_score": 0.8963643312454224
}