{
  "sum_areas": 0.31504393219671534,
  "final_score": 0.851634375902076,
  "final_size_score": 0.9789187716172085,
  "final_matched_text_score": 0.9603439897426246,
  "final_position_score": 0.7074055544253396,
  "final_text_color_score": 0.7147255762450436,
  "final_clip_score": 0.8967779874801636
}