{
  "sum_areas": 0.2489713541666667,
  "final_score": 0.8581526908908501,
  "final_size_score": 0.8424071265449853,
  "final_matched_text_score": 0.9258798495984873,
  "final_position_score": 0.8220806623931624,
  "final_text_color_score": 0.8221282892910281,
  "final_clip_score": 0.8782675266265869
}