{
  "sum_areas": 0.21087471261797477,
  "final_score": 0.9487155579880464,
  "final_size_score": 0.9999999999999998,
  "final_matched_text_score": 0.9865347595032806,
  "final_position_score": 0.9677481165548165,
  "final_text_color_score": 0.8624901329220512,
  "final_clip_score": 0.926804780960083
}