{
  "sum_areas": 0.24530234616508578,
  "final_score": 0.8947178770009349,
  "final_size_score": 0.9841959419101541,
  "final_matched_text_score": 0.9816490654667905,
  "final_position_score": 0.8828897655569881,
  "final_text_color_score": 0.7228690859858414,
  "final_clip_score": 0.9019855260848999
}