{
  "sum_areas": 0.15050666487666298,
  "final_score": 0.9309211261918073,
  "final_size_score": 1.0,
  "final_matched_text_score": 0.9975277394670347,
  "final_position_score": 0.8999408975075031,
  "final_text_color_score": 0.8391755157511619,
  "final_clip_score": 0.9179614782333374
}