{
  "sum_areas": 0.004207899305555556,
  "final_score": 0.9196523220390166,
  "final_size_score": 0.9610624033006705,
  "final_matched_text_score": 1.0,
  "final_position_score": 0.9760416666666667,
  "final_text_color_score": 0.7051920212763292,
  "final_clip_score": 0.955965518951416
}