{
  "sum_areas": 0.5101925180365902,
  "final_score": 0.7935183979252649,
  "final_size_score": 0.4255014905879866,
  "final_matched_text_score": 0.9308082409905296,
  "final_position_score": 0.8761872400070784,
  "final_text_color_score": 0.8866301118250625,
  "final_clip_score": 0.8484649062156677
}