{
  "sum_areas": 0.5212423777373754,
  "final_score": 0.9200904669178854,
  "final_size_score": 0.9771188607202126,
  "final_matched_text_score": 0.9519557924779162,
  "final_position_score": 0.952371204114715,
  "final_text_color_score": 0.8699803337257102,
  "final_clip_score": 0.8490261435508728
}