{
  "sum_areas": 0.33592878604771614,
  "final_score": 0.8928914599038248,
  "final_size_score": 0.9841894691555398,
  "final_matched_text_score": 0.9307694523540017,
  "final_position_score": 0.8794874449657192,
  "final_text_color_score": 0.7907990304254544,
  "final_clip_score": 0.8792119026184082
}