{
  "sum_areas": 0.7245391404301745,
  "final_score": 0.8843763846039355,
  "final_size_score": 1.0,
  "final_matched_text_score": 0.9364670680452485,
  "final_position_score": 0.8479254862895371,
  "final_text_color_score": 0.695062329538468,
  "final_clip_score": 0.9424270391464233
}