{
  "sum_areas": 0.10330658949256727,
  "final_score": 0.9047355154436512,
  "final_size_score": 0.970251166462047,
  "final_matched_text_score": 0.9288317874692751,
  "final_position_score": 0.7770342645107599,
  "final_text_color_score": 0.9092168338433125,
  "final_clip_score": 0.9383435249328613
}