{
  "sum_areas": 0.2017081854293441,
  "final_score": 0.9172768000967064,
  "final_size_score": 0.9640402885673769,
  "final_matched_text_score": 0.9738101613825562,
  "final_position_score": 0.8847356183586675,
  "final_text_color_score": 0.8348610930712325,
  "final_clip_score": 0.9289368391036987
}