{
  "sum_areas": 0.021920572916666665,
  "final_score": 0.9289540733906541,
  "final_size_score": 0.9809919809919811,
  "final_matched_text_score": 1.0,
  "final_position_score": 0.8125,
  "final_text_color_score": 0.9960362528207245,
  "final_clip_score": 0.855242133140564
}