{
  "sum_areas": 0.13076292150874055,
  "final_score": 0.8754694974995321,
  "final_size_score": 0.8401397622878003,
  "final_matched_text_score": 0.9847146401985112,
  "final_position_score": 0.8523860974539798,
  "final_text_color_score": 0.7616922350740015,
  "final_clip_score": 0.9384147524833679
}