{
  "sum_areas": 0.22032709758293686,
  "final_score": 0.9020912299727165,
  "final_size_score": 0.9589032916208117,
  "final_matched_text_score": 0.981355245683931,
  "final_position_score": 0.8233251720966606,
  "final_text_color_score": 0.8500780021000583,
  "final_clip_score": 0.8967944383621216
}