{
  "sum_areas": 0.14480900189881263,
  "final_score": 0.8302187870394392,
  "final_size_score": 0.7330108386859098,
  "final_matched_text_score": 0.950383456975749,
  "final_position_score": 0.7219125235271431,
  "final_text_color_score": 0.8549951037937339,
  "final_clip_score": 0.8907920122146606
}