{
  "sum_areas": 0.09994767568936394,
  "final_score": 0.9149835220843135,
  "final_size_score": 0.9806410192206495,
  "final_matched_text_score": 0.9419842426468503,
  "final_position_score": 0.7610393799971857,
  "final_text_color_score": 0.9253312685561196,
  "final_clip_score": 0.9659217000007629
}