{
  "sum_areas": 0.1574981219994376,
  "final_score": 0.871681003653527,
  "final_size_score": 0.790689002845259,
  "final_matched_text_score": 0.9884609875437668,
  "final_position_score": 0.8300998789056075,
  "final_text_color_score": 0.801278039922251,
  "final_clip_score": 0.9478771090507507
}