{
  "sum_areas": 0.33728143598130683,
  "final_score": 0.8844502016369857,
  "final_size_score": 0.8088591746607492,
  "final_matched_text_score": 0.9588511117604247,
  "final_position_score": 0.9313437233486092,
  "final_text_color_score": 0.7878980787374108,
  "final_clip_score": 0.9352989196777344
}