{
  "sum_areas": 0.11776609123930942,
  "final_score": 0.9071110609377991,
  "final_size_score": 1.0000000000000002,
  "final_matched_text_score": 0.9932628946191931,
  "final_position_score": 0.7968406664885233,
  "final_text_color_score": 0.8873537730955912,
  "final_clip_score": 0.8580979704856873
}