{
  "sum_areas": 0.06868484364132624,
  "final_score": 0.9141609154771999,
  "final_size_score": 0.9447499327743397,
  "final_matched_text_score": 0.9809178743961353,
  "final_position_score": 0.8645720075883524,
  "final_text_color_score": 0.83092985299735,
  "final_clip_score": 0.9496349096298218
}