{
  "sum_areas": 0.5463200724277201,
  "final_score": 0.8722024804096948,
  "final_size_score": 0.9241419432924575,
  "final_matched_text_score": 0.9171878895072185,
  "final_position_score": 0.8958284505588613,
  "final_text_color_score": 0.7271116555780599,
  "final_clip_score": 0.8967424631118774
}