{
  "sum_areas": 0.6456752927852312,
  "final_score": 0.920613887766741,
  "final_size_score": 0.9878486546606556,
  "final_matched_text_score": 0.9499452950632319,
  "final_position_score": 0.9382265731198001,
  "final_text_color_score": 0.8531679335910306,
  "final_clip_score": 0.8738809823989868
}