{
  "sum_areas": 0.33772007148122285,
  "final_score": 0.9266097716949748,
  "final_size_score": 0.9881896446856874,
  "final_matched_text_score": 0.9876652717873989,
  "final_position_score": 0.8791135136782832,
  "final_text_color_score": 0.866344178399798,
  "final_clip_score": 0.911736249923706
}