{
  "sum_areas": 0.43524310175363806,
  "final_score": 0.8299921756683976,
  "final_size_score": 0.5074920204291992,
  "final_matched_text_score": 0.9329134399948357,
  "final_position_score": 0.8341122792956267,
  "final_text_color_score": 0.9147762437096064,
  "final_clip_score": 0.9606668949127197
}