{
  "sum_areas": 0.3271610547922252,
  "final_score": 0.829020464988548,
  "final_size_score": 0.43962216402865395,
  "final_matched_text_score": 0.9943820566711946,
  "final_position_score": 0.9314014820943178,
  "final_text_color_score": 0.887309410825789,
  "final_clip_score": 0.8923872113227844
}