{
  "sum_areas": 0.08990371991154095,
  "final_score": 0.9081778265388037,
  "final_size_score": 0.8287866453467335,
  "final_matched_text_score": 0.9542105296464729,
  "final_position_score": 0.9392995007286318,
  "final_text_color_score": 0.8763788024540523,
  "final_clip_score": 0.9422136545181274
}