{
  "sum_areas": 0.17005622345266994,
  "final_score": 0.9066586182281022,
  "final_size_score": 1.0000000000000002,
  "final_matched_text_score": 0.9923958545560719,
  "final_position_score": 0.8508681704790625,
  "final_text_color_score": 0.7415076904492477,
  "final_clip_score": 0.9485213756561279
}