{
  "sum_areas": 0.5977820900537633,
  "final_score": 0.9411942732711177,
  "final_size_score": 0.99993326907303,
  "final_matched_text_score": 0.9997619047619046,
  "final_position_score": 0.9133196764592935,
  "final_text_color_score": 0.8656037299972121,
  "final_clip_score": 0.927352786064148
}