{
  "sum_areas": 0.30138555629842406,
  "final_score": 0.7787938335380491,
  "final_size_score": 0.30966382936083925,
  "final_matched_text_score": 0.9754481449442522,
  "final_position_score": 0.7365496381793606,
  "final_text_color_score": 0.9705135984492013,
  "final_clip_score": 0.9017939567565918
}