{
  "sum_areas": 0.10431380415259567,
  "final_score": 0.894212823893016,
  "final_size_score": 0.7996066590980634,
  "final_matched_text_score": 0.9854425144747726,
  "final_position_score": 0.8603688174382453,
  "final_text_color_score": 0.9126100204370302,
  "final_clip_score": 0.9130361080169678
}