{
  "sum_areas": 0.4444140559059725,
  "final_score": 0.8012191284611728,
  "final_size_score": 0.4684683288910175,
  "final_matched_text_score": 0.9349494641491809,
  "final_position_score": 0.8645582932692307,
  "final_text_color_score": 0.8852101102337997,
  "final_clip_score": 0.8529094457626343
}