{
  "sum_areas": 0.26154738248215115,
  "final_score": 0.7691789076397896,
  "final_size_score": 0.44093431920511367,
  "final_matched_text_score": 0.932315422193199,
  "final_position_score": 0.8016992142565984,
  "final_text_color_score": 0.7901086188904717,
  "final_clip_score": 0.8808369636535645
}