{
  "sum_areas": 0.28080656416876304,
  "final_score": 0.9147448455678386,
  "final_size_score": 0.9936490675016246,
  "final_matched_text_score": 0.9977618875396832,
  "final_position_score": 0.8732708264248488,
  "final_text_color_score": 0.8088954255562334,
  "final_clip_score": 0.900147020816803
}