{
  "sum_areas": 0.33419566142411644,
  "final_score": 0.8656861426071825,
  "final_size_score": 0.9849516781964555,
  "final_matched_text_score": 0.9458578770401244,
  "final_position_score": 0.8350730506210379,
  "final_text_color_score": 0.6483424964261885,
  "final_clip_score": 0.9142056107521057
}