{
  "sum_areas": 0.20953226228356847,
  "final_score": 0.9169717477280559,
  "final_size_score": 0.998537826367736,
  "final_matched_text_score": 0.9744481055282734,
  "final_position_score": 0.8753136416994617,
  "final_text_color_score": 0.7912627582988976,
  "final_clip_score": 0.9452964067459106
}