{
  "sum_areas": 0.2606761481979714,
  "final_score": 0.8750274036634965,
  "final_size_score": 0.9702831312845837,
  "final_matched_text_score": 0.990585589037564,
  "final_position_score": 0.7381588867956353,
  "final_text_color_score": 0.7957179922658308,
  "final_clip_score": 0.8803914189338684
}