{
  "sum_areas": 0.09304047320617606,
  "final_score": 0.923474035673457,
  "final_size_score": 0.9999223024673836,
  "final_matched_text_score": 0.9904014636157493,
  "final_position_score": 0.8451466179061646,
  "final_text_color_score": 0.8131586158654143,
  "final_clip_score": 0.9687411785125732
}