{
  "sum_areas": 0.16556128540403825,
  "final_score": 0.943945623487307,
  "final_size_score": 0.9759288539951224,
  "final_matched_text_score": 0.9944038666120734,
  "final_position_score": 0.9005523381856535,
  "final_text_color_score": 0.9193309155086147,
  "final_clip_score": 0.9295121431350708
}