{
  "sum_areas": 0.19197295816474738,
  "final_score": 0.8826435740559472,
  "final_size_score": 0.946832382891283,
  "final_matched_text_score": 0.9980582276770358,
  "final_position_score": 0.8592440367796293,
  "final_text_color_score": 0.7279775019349307,
  "final_clip_score": 0.8811057209968567
}