{
  "sum_areas": 0.6091227213442585,
  "final_score": 0.894995655493619,
  "final_size_score": 0.9979372294437258,
  "final_matched_text_score": 0.9854220659015179,
  "final_position_score": 0.7620462725796748,
  "final_text_color_score": 0.8320046624965152,
  "final_clip_score": 0.8975680470466614
}