{
  "sum_areas": 0.45247011753975586,
  "final_score": 0.8919956427815539,
  "final_size_score": 0.9614307087738083,
  "final_matched_text_score": 0.8809625024189677,
  "final_position_score": 0.894798083045571,
  "final_text_color_score": 0.793293373183521,
  "final_clip_score": 0.9294935464859009
}