{
  "sum_areas": 0.48287863094878686,
  "final_score": 0.7586324577469054,
  "final_size_score": 0.36808749272602087,
  "final_matched_text_score": 0.9500483880290344,
  "final_position_score": 0.8242624484633175,
  "final_text_color_score": 0.7722795911918742,
  "final_clip_score": 0.8784843683242798
}