{
  "sum_areas": 0.3401508066193139,
  "final_score": 0.909555866008593,
  "final_size_score": 0.9847732759828124,
  "final_matched_text_score": 0.9714262163344769,
  "final_position_score": 0.8312923841721541,
  "final_text_color_score": 0.8802798289273618,
  "final_clip_score": 0.8800076246261597
}