{
  "sum_areas": 0.02575987422056372,
  "final_score": 0.9148545381596224,
  "final_size_score": 0.9244627861905336,
  "final_matched_text_score": 1.0,
  "final_position_score": 0.938885814501234,
  "final_text_color_score": 0.752477885444021,
  "final_clip_score": 0.958446204662323
}