{
  "sum_areas": 0.48964588355875566,
  "final_score": 0.9063389075161515,
  "final_size_score": 0.9603712625767042,
  "final_matched_text_score": 0.9403274582666258,
  "final_position_score": 0.895916260703774,
  "final_text_color_score": 0.8290834718203969,
  "final_clip_score": 0.9059960842132568
}