{
  "sum_areas": 0.1813770176728242,
  "final_score": 0.9318457247237361,
  "final_size_score": 0.9986386894162406,
  "final_matched_text_score": 0.9795585207488845,
  "final_position_score": 0.9113102453099938,
  "final_text_color_score": 0.8302922426293395,
  "final_clip_score": 0.9394289255142212
}