{
  "sum_areas": 0.26993740681101686,
  "final_score": 0.7457821817118229,
  "final_size_score": 0.2842753925884417,
  "final_matched_text_score": 0.9764972153098708,
  "final_position_score": 0.764410162430902,
  "final_text_color_score": 0.7714124310231738,
  "final_clip_score": 0.9323157072067261
}