{
  "sum_areas": 0.22307286988150601,
  "final_score": 0.6957588478873592,
  "final_size_score": 0.5032831523132909,
  "final_matched_text_score": 0.9460635021625444,
  "final_position_score": 0.7294315451965971,
  "final_text_color_score": 0.4713353456611222,
  "final_clip_score": 0.828680694103241
}