{
  "sum_areas": 0.1968684289580166,
  "final_score": 0.8955589988557983,
  "final_size_score": 0.9952487961904447,
  "final_matched_text_score": 0.9951635191156148,
  "final_position_score": 0.8233948700284575,
  "final_text_color_score": 0.7297161157147988,
  "final_clip_score": 0.9342716932296753
}