{
  "sum_areas": 0.18275438813098516,
  "final_score": 0.8336125056867335,
  "final_size_score": 0.5760344186842575,
  "final_matched_text_score": 0.9610913704177662,
  "final_position_score": 0.8969434448246596,
  "final_text_color_score": 0.8883240845498614,
  "final_clip_score": 0.8456692099571228
}