{
  "sum_areas": 0.21304221970206091,
  "final_score": 0.9008801457037011,
  "final_size_score": 0.9345932847462701,
  "final_matched_text_score": 0.9709341390505325,
  "final_position_score": 0.702304218058191,
  "final_text_color_score": 0.981183959595946,
  "final_clip_score": 0.9153851270675659
}