{
  "sum_areas": 0.09181220679033733,
  "final_score": 0.8732714123360685,
  "final_size_score": 0.772027527187701,
  "final_matched_text_score": 0.9690410599501508,
  "final_position_score": 0.7447683294499289,
  "final_text_color_score": 0.962789694462374,
  "final_clip_score": 0.917730450630188
}