{
  "sum_areas": 0.3305879584413846,
  "final_score": 0.8766702465814025,
  "final_size_score": 0.9748912837657269,
  "final_matched_text_score": 0.9377031315749644,
  "final_position_score": 0.8250030978702668,
  "final_text_color_score": 0.7246933959808443,
  "final_clip_score": 0.92106032371521
}