{
  "sum_areas": 0.4713472856683095,
  "final_score": 0.808675011202089,
  "final_size_score": 0.7390598319445504,
  "final_matched_text_score": 0.9046951598803828,
  "final_position_score": 0.8475111525011769,
  "final_text_color_score": 0.6380574385436176,
  "final_clip_score": 0.9140514731407166
}