{
  "sum_areas": 0.08693748457566579,
  "final_score": 0.9355208646299759,
  "final_size_score": 0.9999168481209586,
  "final_matched_text_score": 0.9904014636157493,
  "final_position_score": 0.8144223615610936,
  "final_text_color_score": 0.9396609659264495,
  "final_clip_score": 0.9332026839256287
}