{
  "sum_areas": 0.2890143793615167,
  "final_score": 0.8984750907663621,
  "final_size_score": 0.992557686756414,
  "final_matched_text_score": 0.9747587484570029,
  "final_position_score": 0.9016370705675331,
  "final_text_color_score": 0.6885778118127622,
  "final_clip_score": 0.9348441362380981
}