{
  "sum_areas": 0.23295052101687327,
  "final_score": 0.8688370524440409,
  "final_size_score": 0.861939860217823,
  "final_matched_text_score": 0.9704825102246551,
  "final_position_score": 0.823173255614347,
  "final_text_color_score": 0.7987232244774356,
  "final_clip_score": 0.8898664116859436
}