{
  "sum_areas": 0.19847002105028644,
  "final_score": 0.8714232862891587,
  "final_size_score": 0.7782731670377042,
  "final_matched_text_score": 0.9957868649318463,
  "final_position_score": 0.8468474132254766,
  "final_text_color_score": 0.8024056663197356,
  "final_clip_score": 0.9338033199310303
}