{
  "sum_areas": 0.5733464939299935,
  "final_score": 0.9212372111917916,
  "final_size_score": 0.9994089594368967,
  "final_matched_text_score": 0.8982257546464758,
  "final_position_score": 0.9285107449764011,
  "final_text_color_score": 0.835983013090285,
  "final_clip_score": 0.9440575838088989
}