{
  "sum_areas": 0.35088222377720296,
  "final_score": 0.9352517504467882,
  "final_size_score": 1.0000000000000002,
  "final_matched_text_score": 0.98902045653275,
  "final_position_score": 0.8781828548823154,
  "final_text_color_score": 0.8747937611695222,
  "final_clip_score": 0.934261679649353
}