{
  "sum_areas": 0.0038661024305555562,
  "final_score": 0.8825878960456189,
  "final_size_score": 0.9576199831602581,
  "final_matched_text_score": 1.0,
  "final_position_score": 0.8431857638888889,
  "final_text_color_score": 0.7051920212763292,
  "final_clip_score": 0.9069417119026184
}