{
  "sum_areas": 0.019157986111111115,
  "final_score": 0.9260222260546851,
  "final_size_score": 0.9800634345265063,
  "final_matched_text_score": 1.0,
  "final_position_score": 0.8069444444444445,
  "final_text_color_score": 0.9960362528207245,
  "final_clip_score": 0.8470669984817505
}