{
  "sum_areas": 0.2112092132924362,
  "final_score": 0.7826963926936408,
  "final_size_score": 0.3547199878785226,
  "final_matched_text_score": 0.9855835409638697,
  "final_position_score": 0.8554952279178601,
  "final_text_color_score": 0.78012115827274,
  "final_clip_score": 0.9375620484352112
}