{
  "sum_areas": 0.10030448410767563,
  "final_score": 0.9154342628747625,
  "final_size_score": 0.969360786194873,
  "final_matched_text_score": 0.9288317874692751,
  "final_position_score": 0.8676870676205782,
  "final_text_color_score": 0.8539561413775081,
  "final_clip_score": 0.9573355317115784
}