{
  "sum_areas": 0.0762202808807818,
  "final_score": 0.7239702520276968,
  "final_size_score": 0.22091793132195647,
  "final_matched_text_score": 1.0,
  "final_position_score": 0.8737404281239124,
  "final_text_color_score": 0.7361895285002322,
  "final_clip_score": 0.7890033721923828
}