{
  "sum_areas": 0.18473300882602636,
  "final_score": 0.8687268949158485,
  "final_size_score": 0.98084987475226,
  "final_matched_text_score": 0.9169704187141542,
  "final_position_score": 0.8172829702126577,
  "final_text_color_score": 0.7904313735970089,
  "final_clip_score": 0.8380998373031616
}