{
  "sum_areas": 0.2199732158488395,
  "final_score": 0.892472943237616,
  "final_size_score": 0.8860633045457061,
  "final_matched_text_score": 0.9788803601702856,
  "final_position_score": 0.8296446044310054,
  "final_text_color_score": 0.9518245632482052,
  "final_clip_score": 0.8159518837928772
}