{
  "sum_areas": 0.2986391696731049,
  "final_score": 0.8794271327782941,
  "final_size_score": 0.9191086238148087,
  "final_matched_text_score": 0.9671112993036891,
  "final_position_score": 0.818088099329357,
  "final_text_color_score": 0.7498876447242553,
  "final_clip_score": 0.9429399967193604
}