{
  "sum_areas": 0.11832198587908727,
  "final_score": 0.8937863594688367,
  "final_size_score": 0.9836472899078251,
  "final_matched_text_score": 0.9418530197031274,
  "final_position_score": 0.758875361985844,
  "final_text_color_score": 0.8696734658352772,
  "final_clip_score": 0.9148826599121094
}