{
  "sum_areas": 0.20086411391589526,
  "final_score": 0.8814699993109003,
  "final_size_score": 0.9108409858424078,
  "final_matched_text_score": 0.979124048074649,
  "final_position_score": 0.8579072024585896,
  "final_text_color_score": 0.8018420237134009,
  "final_clip_score": 0.8576357364654541
}