{
  "sum_areas": 0.05989337832052647,
  "final_score": 0.9152043958646576,
  "final_size_score": 0.9859069930454478,
  "final_matched_text_score": 0.9881756756756757,
  "final_position_score": 0.881296953437327,
  "final_text_color_score": 0.8390854290070321,
  "final_clip_score": 0.8815569281578064
}