{
  "sum_areas": 0.0804870545296022,
  "final_score": 0.865950930690961,
  "final_size_score": 1.0,
  "final_matched_text_score": 0.9864451065238466,
  "final_position_score": 0.7528345319732701,
  "final_text_color_score": 0.7567537348597266,
  "final_clip_score": 0.8337212800979614
}