{
  "sum_areas": 0.12099413498827562,
  "final_score": 0.8698327308054451,
  "final_size_score": 0.6895050867497827,
  "final_matched_text_score": 0.9813580970495863,
  "final_position_score": 0.8686785335305947,
  "final_text_color_score": 0.8669442600195577,
  "final_clip_score": 0.9426776766777039
}