{
  "sum_areas": 0.1435150238836349,
  "final_score": 0.9086713627077322,
  "final_size_score": 0.9467681419212185,
  "final_matched_text_score": 0.9798240757090667,
  "final_position_score": 0.8753600079417522,
  "final_text_color_score": 0.8321155855481052,
  "final_clip_score": 0.9092890024185181
}