{
  "sum_areas": 0.04099546770347447,
  "final_score": 0.9108368326030457,
  "final_size_score": 0.8168412027918106,
  "final_matched_text_score": 1.0,
  "final_position_score": 0.8503432582192505,
  "final_text_color_score": 0.9281544442450727,
  "final_clip_score": 0.9588452577590942
}