{
  "sum_areas": 0.1965346113939063,
  "final_score": 0.8508660574523678,
  "final_size_score": 0.6608048379263142,
  "final_matched_text_score": 0.9921143837586943,
  "final_position_score": 0.8453750923486302,
  "final_text_color_score": 0.8285544411313371,
  "final_clip_score": 0.9274815320968628
}