{
  "sum_areas": 0.22633648003472223,
  "final_score": 0.845058644766478,
  "final_size_score": 0.8767669087504442,
  "final_matched_text_score": 0.9419605172799594,
  "final_position_score": 0.7345916309232026,
  "final_text_color_score": 0.8981761779871814,
  "final_clip_score": 0.7737979888916016
}