{
  "sum_areas": 0.17516582902856043,
  "final_score": 0.9032596729094036,
  "final_size_score": 0.994660134143549,
  "final_matched_text_score": 0.9892463593523012,
  "final_position_score": 0.7469397284410257,
  "final_text_color_score": 0.8837561758895612,
  "final_clip_score": 0.901695966720581
}