{
  "sum_areas": 0.5046560022647042,
  "final_score": 0.7179511350081015,
  "final_size_score": 0.39467085495269216,
  "final_matched_text_score": 0.9162802280183483,
  "final_position_score": 0.7534037897022475,
  "final_text_color_score": 0.6741120665006728,
  "final_clip_score": 0.8512887358665466
}