{
  "sum_areas": 0.3229459704683816,
  "final_score": 0.8719395316761563,
  "final_size_score": 0.980607048115752,
  "final_matched_text_score": 0.9275357681424032,
  "final_position_score": 0.8746585835385989,
  "final_text_color_score": 0.7158094727907229,
  "final_clip_score": 0.8610867857933044
}