{
  "sum_areas": 0.05216680783174904,
  "final_score": 0.7424335210699509,
  "final_size_score": 0.44433406131740266,
  "final_matched_text_score": 0.998696219035202,
  "final_position_score": 0.615515680075134,
  "final_text_color_score": 0.7818900656182743,
  "final_clip_score": 0.8717315793037415
}