{
  "sum_areas": 0.5980260666409831,
  "final_score": 0.8914170412694473,
  "final_size_score": 0.9998277299539792,
  "final_matched_text_score": 0.9037966093925547,
  "final_position_score": 0.9016069594247429,
  "final_text_color_score": 0.7166378383544629,
  "final_clip_score": 0.9352160692214966
}