{
  "sum_areas": 0.24912937302013652,
  "final_score": 0.8267148514281619,
  "final_size_score": 0.8146825287849259,
  "final_matched_text_score": 0.9408845232868961,
  "final_position_score": 0.7731500230470729,
  "final_text_color_score": 0.7283748145063503,
  "final_clip_score": 0.876482367515564
}