{
  "sum_areas": 0.4694446745044172,
  "final_score": 0.8617746720412653,
  "final_size_score": 0.9534312559204887,
  "final_matched_text_score": 0.8825712657425214,
  "final_position_score": 0.9053050460568843,
  "final_text_color_score": 0.6563257512304805,
  "final_clip_score": 0.9112400412559509
}