{
  "sum_areas": 0.35642724789553565,
  "final_score": 0.7797595671835135,
  "final_size_score": 0.8266362226685913,
  "final_matched_text_score": 0.9128239109949483,
  "final_position_score": 0.7973826486987805,
  "final_text_color_score": 0.5220051476829024,
  "final_clip_score": 0.839949905872345
}