{
  "sum_areas": 0.22568475947283445,
  "final_score": 0.8557251910901336,
  "final_size_score": 0.8661671261381874,
  "final_matched_text_score": 0.9167253388141844,
  "final_position_score": 0.718840888064027,
  "final_text_color_score": 0.8804396986867108,
  "final_clip_score": 0.8964529037475586
}