{
  "sum_areas": 0.19842416380050687,
  "final_score": 0.866961428594107,
  "final_size_score": 0.7782219243736692,
  "final_matched_text_score": 0.9957868649318463,
  "final_position_score": 0.8468587967646232,
  "final_text_color_score": 0.7888542507327935,
  "final_clip_score": 0.9250853061676025
}