{
  "sum_areas": 0.4650550467432049,
  "final_score": 0.8920408204656678,
  "final_size_score": 0.7338535345334026,
  "final_matched_text_score": 0.992681084347751,
  "final_position_score": 0.8781146844653784,
  "final_text_color_score": 0.9093528784724686,
  "final_clip_score": 0.9462019205093384
}