{
  "sum_areas": 0.20927487620637647,
  "final_score": 0.862016539811312,
  "final_size_score": 0.96561884386215,
  "final_matched_text_score": 0.9705038069017775,
  "final_position_score": 0.8260744754648444,
  "final_text_color_score": 0.6705601572165204,
  "final_clip_score": 0.8773254156112671
}