{
  "sum_areas": 0.17201724373085614,
  "final_score": 0.8968364346535989,
  "final_size_score": 0.915891867346791,
  "final_matched_text_score": 0.9949262118120249,
  "final_position_score": 0.8071471275042292,
  "final_text_color_score": 0.8430667848346238,
  "final_clip_score": 0.9231501817703247
}