{
  "sum_areas": 0.1610795905396827,
  "final_score": 0.9004548301922797,
  "final_size_score": 0.9623655635692262,
  "final_matched_text_score": 0.9752651444780703,
  "final_position_score": 0.8318304649587536,
  "final_text_color_score": 0.8574443232274123,
  "final_clip_score": 0.8753686547279358
}