{
  "sum_areas": 0.5013637264096629,
  "final_score": 0.9105720737053453,
  "final_size_score": 0.962525940182764,
  "final_matched_text_score": 0.939468047737133,
  "final_position_score": 0.8991728771636346,
  "final_text_color_score": 0.8241204782166011,
  "final_clip_score": 0.927573025226593
}