{
  "sum_areas": 0.180596349392854,
  "final_score": 0.9258128180339054,
  "final_size_score": 0.9986328048455085,
  "final_matched_text_score": 0.9801158178579058,
  "final_position_score": 0.9121167988633591,
  "final_text_color_score": 0.7954410620964062,
  "final_clip_score": 0.9427576065063477
}