{
  "sum_areas": 0.2746887907489071,
  "final_score": 0.9271111928890026,
  "final_size_score": 0.9939105918710821,
  "final_matched_text_score": 0.9396643633191456,
  "final_position_score": 0.9245026143379015,
  "final_text_color_score": 0.8464207033427866,
  "final_clip_score": 0.9310576915740967
}