{
  "sum_areas": 0.3806427012575711,
  "final_score": 0.9241272440783895,
  "final_size_score": 0.9954132439758324,
  "final_matched_text_score": 0.9875267871605028,
  "final_position_score": 0.8723397787473653,
  "final_text_color_score": 0.9176679740000679,
  "final_clip_score": 0.8476884365081787
}