{
  "sum_areas": 0.17380308839601602,
  "final_score": 0.8014774787363672,
  "final_size_score": 0.4364397422043916,
  "final_matched_text_score": 0.9793043137054918,
  "final_position_score": 0.8107946248756281,
  "final_text_color_score": 0.8355686378230824,
  "final_clip_score": 0.9452800750732422
}