{
  "sum_areas": 0.2771215283114815,
  "final_score": 0.8620304579819602,
  "final_size_score": 0.7087784785016985,
  "final_matched_text_score": 0.9846462454722161,
  "final_position_score": 0.8784322690673043,
  "final_text_color_score": 0.8343556325047207,
  "final_clip_score": 0.9039396643638611
}