{
  "sum_areas": 0.4699369793809133,
  "final_score": 0.844556541941871,
  "final_size_score": 0.869566084601575,
  "final_matched_text_score": 0.8789585755048589,
  "final_position_score": 0.8632392308977785,
  "final_text_color_score": 0.677088540880741,
  "final_clip_score": 0.9339302778244019
}