{
  "sum_areas": 0.47627943582996735,
  "final_score": 0.8647479250979933,
  "final_size_score": 0.9368248568134494,
  "final_matched_text_score": 0.9037531355737143,
  "final_position_score": 0.7467856488304393,
  "final_text_color_score": 0.848043021282556,
  "final_clip_score": 0.8883329629898071
}