{
  "sum_areas": 0.05477879223065322,
  "final_score": 0.6812573979258194,
  "final_size_score": 0.03714398882165608,
  "final_matched_text_score": 1.0,
  "final_position_score": 0.8986386729984317,
  "final_text_color_score": 0.7361895285002322,
  "final_clip_score": 0.7343147993087769
}