{
  "sum_areas": 0.31943828904174065,
  "final_score": 0.9025206448677339,
  "final_size_score": 0.9887986196864004,
  "final_matched_text_score": 0.9323765174665363,
  "final_position_score": 0.8376651766958116,
  "final_text_color_score": 0.8512484527872846,
  "final_clip_score": 0.9025144577026367
}