{
  "sum_areas": 0.3542255247990694,
  "final_score": 0.8289342523191232,
  "final_size_score": 0.5776170371805747,
  "final_matched_text_score": 0.9747181646818807,
  "final_position_score": 0.8550525939542484,
  "final_text_color_score": 0.8191316699148066,
  "final_clip_score": 0.9181517958641052
}