{
  "sum_areas": 0.4695209997900519,
  "final_score": 0.8381938383697408,
  "final_size_score": 0.8694505246015193,
  "final_matched_text_score": 0.8757570309590058,
  "final_position_score": 0.8633953165970425,
  "final_text_color_score": 0.6731737575878646,
  "final_clip_score": 0.9091925621032715
}