{
  "sum_areas": 0.016285807291666666,
  "final_score": 0.7257925121821165,
  "final_size_score": 0.2949563595176228,
  "final_matched_text_score": 1.0,
  "final_position_score": 0.9652777777777778,
  "final_text_color_score": 0.48609688331671996,
  "final_clip_score": 0.8826315402984619
}