{
  "sum_areas": 0.17460618257600521,
  "final_score": 0.8318311900521427,
  "final_size_score": 0.9939971389872951,
  "final_matched_text_score": 0.9790368065853157,
  "final_position_score": 0.8115587703526551,
  "final_text_color_score": 0.6545506887498145,
  "final_clip_score": 0.7200125455856323
}