{
  "sum_areas": 0.40693370613323343,
  "final_score": 0.8548962689823671,
  "final_size_score": 0.9536113609087844,
  "final_matched_text_score": 0.9783252623083133,
  "final_position_score": 0.8238787412133725,
  "final_text_color_score": 0.670075308465221,
  "final_clip_score": 0.8485906720161438
}