{
  "sum_areas": 0.3304300898828583,
  "final_score": 0.7301706485938552,
  "final_size_score": 0.4222061111913122,
  "final_matched_text_score": 0.9581018138561795,
  "final_position_score": 0.7509912887879419,
  "final_text_color_score": 0.7179977399378277,
  "final_clip_score": 0.8015562891960144
}