{
  "sum_areas": 0.09831098807956641,
  "final_score": 0.8196127073950636,
  "final_size_score": 0.668833373621651,
  "final_matched_text_score": 0.9959064327485381,
  "final_position_score": 0.7217755480086161,
  "final_text_color_score": 0.7936742039817061,
  "final_clip_score": 0.9178739786148071
}