{
  "sum_areas": 0.45463332872613205,
  "final_score": 0.8801799523584809,
  "final_size_score": 0.933816947297559,
  "final_matched_text_score": 0.9024171686665181,
  "final_position_score": 0.7538551230112583,
  "final_text_color_score": 0.8914663956388769,
  "final_clip_score": 0.9193441271781921
}