{
  "sum_areas": 0.028001248079501013,
  "final_score": 0.9299784896204927,
  "final_size_score": 0.9284470757978919,
  "final_matched_text_score": 1.0,
  "final_position_score": 0.8907921014644357,
  "final_text_color_score": 0.8835159150356923,
  "final_clip_score": 0.9471373558044434
}