{
  "sum_areas": 0.3130244252736955,
  "final_score": 0.8638611933701388,
  "final_size_score": 0.9839338931648501,
  "final_matched_text_score": 0.944700168632986,
  "final_position_score": 0.7901191262420223,
  "final_text_color_score": 0.694314938158369,
  "final_clip_score": 0.9062378406524658
}