{
  "sum_areas": 0.22832153918179202,
  "final_score": 0.824532689729522,
  "final_size_score": 0.4459405373710623,
  "final_matched_text_score": 0.9603629281188817,
  "final_position_score": 0.8764095561637695,
  "final_text_color_score": 0.9403003301005854,
  "final_clip_score": 0.8996500968933105
}