{
  "sum_areas": 0.42880068301563706,
  "final_score": 0.8330528286558252,
  "final_size_score": 0.4678001404864121,
  "final_matched_text_score": 0.9373337458004635,
  "final_position_score": 0.9069028139041575,
  "final_text_color_score": 0.9176017707477,
  "final_clip_score": 0.9356256723403931
}