{
  "sum_areas": 0.2317934837060447,
  "final_score": 0.8519623429063344,
  "final_size_score": 0.664389309558707,
  "final_matched_text_score": 0.9937037878214349,
  "final_position_score": 0.8315614282929447,
  "final_text_color_score": 0.8481809205671127,
  "final_clip_score": 0.9219762682914734
}