{
  "sum_areas": 0.42395682559441106,
  "final_score": 0.8791048049799213,
  "final_size_score": 0.957925072998464,
  "final_matched_text_score": 0.8711901370232825,
  "final_position_score": 0.8175253129202399,
  "final_text_color_score": 0.8111804885375152,
  "final_clip_score": 0.937703013420105
}