{
  "sum_areas": 0.4951503765276119,
  "final_score": 0.9251720290279316,
  "final_size_score": 1.0000000000000002,
  "final_matched_text_score": 0.9722276703924235,
  "final_position_score": 0.8890653758773497,
  "final_text_color_score": 0.8604438522001145,
  "final_clip_score": 0.9041232466697693
}