{
  "sum_areas": 0.3564151618901579,
  "final_score": 0.8120272571810996,
  "final_size_score": 0.49173620693966247,
  "final_matched_text_score": 0.991957671957672,
  "final_position_score": 0.8805890230105016,
  "final_text_color_score": 0.8115499334132494,
  "final_clip_score": 0.8843034505844116
}