{
  "sum_areas": 0.14453638377994843,
  "final_score": 0.9121474694605566,
  "final_size_score": 0.8482683462031205,
  "final_matched_text_score": 0.9875243991082446,
  "final_position_score": 0.9001481490650732,
  "final_text_color_score": 0.8736015705334609,
  "final_clip_score": 0.9511948823928833
}