{
  "sum_areas": 0.1847439236111111,
  "final_score": 0.9092697099628406,
  "final_size_score": 0.9974627040996122,
  "final_matched_text_score": 0.9897929872081791,
  "final_position_score": 0.8782600308641975,
  "final_text_color_score": 0.8239354735162377,
  "final_clip_score": 0.8568973541259766
}