{
  "sum_areas": 0.17323099190289087,
  "final_score": 0.9081827244368823,
  "final_size_score": 0.9979394975159073,
  "final_matched_text_score": 0.9835687887971648,
  "final_position_score": 0.9042408329219143,
  "final_text_color_score": 0.749179564804741,
  "final_clip_score": 0.9059849381446838
}