{
  "sum_areas": 0.7275703714712379,
  "final_score": 0.8652932016129675,
  "final_size_score": 1.0,
  "final_matched_text_score": 0.9448205824696818,
  "final_position_score": 0.8284443236354627,
  "final_text_color_score": 0.6062960850605843,
  "final_clip_score": 0.9469050168991089
}