{
  "sum_areas": 0.278285519022497,
  "final_score": 0.8400513231029388,
  "final_size_score": 0.5919990316157611,
  "final_matched_text_score": 0.9856626500242905,
  "final_position_score": 0.9184051804099324,
  "final_text_color_score": 0.7660537123003118,
  "final_clip_score": 0.9381360411643982
}