{
  "sum_areas": 0.271093376269295,
  "final_score": 0.8638293635810653,
  "final_size_score": 0.8886356976172951,
  "final_matched_text_score": 0.9470788833045147,
  "final_position_score": 0.8407139580962204,
  "final_text_color_score": 0.7782414789223914,
  "final_clip_score": 0.8644767999649048
}