{
  "sum_areas": 0.1502409385310581,
  "final_score": 0.7662784788406851,
  "final_size_score": 0.4338361197019638,
  "final_matched_text_score": 0.9920634920634921,
  "final_position_score": 0.7461923870671915,
  "final_text_color_score": 0.7601385201228225,
  "final_clip_score": 0.8991618752479553
}