{
  "sum_areas": 0.06905170543444862,
  "final_score": 0.9438638786549833,
  "final_size_score": 0.9617023989834073,
  "final_matched_text_score": 0.9915959797907817,
  "final_position_score": 0.9202562711220365,
  "final_text_color_score": 0.9194726219683209,
  "final_clip_score": 0.9262921214103699
}