{
  "sum_areas": 0.09542589763177997,
  "final_score": 0.9482145066047928,
  "final_size_score": 0.9450469495313384,
  "final_matched_text_score": 0.9744503862150922,
  "final_position_score": 0.90765704396428,
  "final_text_color_score": 0.9565687337194423,
  "final_clip_score": 0.957349419593811
}