{
  "sum_areas": 0.49503663888935245,
  "final_score": 0.904561734350096,
  "final_size_score": 0.9994943903184594,
  "final_matched_text_score": 0.9091401256213302,
  "final_position_score": 0.9177678990369232,
  "final_text_color_score": 0.7372939106014342,
  "final_clip_score": 0.9591123461723328
}