{
  "sum_areas": 0.6802677844137259,
  "final_score": 0.9341664524850185,
  "final_size_score": 0.9149541522776193,
  "final_matched_text_score": 0.9511011395348055,
  "final_position_score": 0.8563461543696009,
  "final_text_color_score": 0.9926861921051884,
  "final_clip_score": 0.9557446241378784
}