{
  "sum_areas": 0.23914687376407773,
  "final_score": 0.7872872268230607,
  "final_size_score": 0.6351656428242823,
  "final_matched_text_score": 0.9348801938409573,
  "final_position_score": 0.8559989523319885,
  "final_text_color_score": 0.6787119413361843,
  "final_clip_score": 0.8316794037818909
}