{
  "sum_areas": 0.3241944768306418,
  "final_score": 0.8948871845346453,
  "final_size_score": 0.9655157943083977,
  "final_matched_text_score": 0.9876925015685099,
  "final_position_score": 0.8594594775185385,
  "final_text_color_score": 0.7865438569994904,
  "final_clip_score": 0.8752242922782898
}