{
  "sum_areas": 0.4290729334507845,
  "final_score": 0.8678262612148878,
  "final_size_score": 0.8181200330172032,
  "final_matched_text_score": 0.9736393003486008,
  "final_position_score": 0.8046438584676024,
  "final_text_color_score": 0.8583935500320474,
  "final_clip_score": 0.8843345642089844
}