{
  "sum_areas": 0.6233059057782009,
  "final_score": 0.9292980916756535,
  "final_size_score": 1.0,
  "final_matched_text_score": 0.9544379842284155,
  "final_position_score": 0.9318030151864624,
  "final_text_color_score": 0.8404848210163063,
  "final_clip_score": 0.9197646379470825
}