{
  "sum_areas": 0.007306857638888889,
  "final_score": 0.83044342377491,
  "final_size_score": 0.5534600534600536,
  "final_matched_text_score": 1.0,
  "final_position_score": 0.9586805555555555,
  "final_text_color_score": 0.7051920212763292,
  "final_clip_score": 0.9348844885826111
}