{
  "sum_areas": 0.31828213671681643,
  "final_score": 0.8834430421811487,
  "final_size_score": 0.8596609170558032,
  "final_matched_text_score": 0.9765909403367443,
  "final_position_score": 0.8117570788638386,
  "final_text_color_score": 0.86360048165009,
  "final_clip_score": 0.9056057929992676
}