{
  "sum_areas": 0.10701474931318679,
  "final_score": 0.6666858430478053,
  "final_size_score": 0.012314841074035363,
  "final_matched_text_score": 1.0,
  "final_position_score": 0.6278348318348319,
  "final_text_color_score": 0.9980218189987078,
  "final_clip_score": 0.6952577233314514
}