{
  "sum_areas": 0.16360534180801029,
  "final_score": 0.6104962795976742,
  "final_size_score": 0.2552825486213132,
  "final_matched_text_score": 0.7385486361296963,
  "final_position_score": 0.525268829975928,
  "final_text_color_score": 0.7083815143916516,
  "final_clip_score": 0.8249998688697815
}