{
  "sum_areas": 0.1823418285779864,
  "final_score": 0.6210014864848863,
  "final_size_score": 0.4140971307446208,
  "final_matched_text_score": 0.7343267167592583,
  "final_position_score": 0.5242855357288042,
  "final_text_color_score": 0.584515735368048,
  "final_clip_score": 0.8477823138237
}