{
  "sum_areas": 0.2784510144420786,
  "final_score": 0.7061316096539518,
  "final_size_score": 0.01658623329524798,
  "final_matched_text_score": 1.0,
  "final_position_score": 0.836020652415943,
  "final_text_color_score": 0.8661097772894027,
  "final_clip_score": 0.811941385269165
}