{
  "sum_areas": 0.020481770833333336,
  "final_score": 0.6210480313714962,
  "final_size_score": 0.07485696122059758,
  "final_matched_text_score": 1.0,
  "final_position_score": 0.742361111111111,
  "final_text_color_score": 0.41038404255265837,
  "final_clip_score": 0.877638041973114
}