{
  "sum_areas": 0.20450880859958187,
  "final_score": 0.5582412699768302,
  "final_size_score": 0.12271121387944146,
  "final_matched_text_score": 0.6645658263305322,
  "final_position_score": 0.7704427083333334,
  "final_text_color_score": 0.39314276837117834,
  "final_clip_score": 0.8403438329696655
}