{
  "sum_areas": 0.10987361807290841,
  "final_score": 0.5891325852492908,
  "final_size_score": 0.08882541839218654,
  "final_matched_text_score": 0.5278637770897833,
  "final_position_score": 0.8812253961407266,
  "final_text_color_score": 0.5946076228393946,
  "final_clip_score": 0.8531407117843628
}