{
  "sum_areas": 0.043566485781591786,
  "final_score": 0.6049207326839197,
  "final_size_score": 0.017903546039370933,
  "final_matched_text_score": 1.0,
  "final_position_score": 0.4921875,
  "final_text_color_score": 0.6548529455967798,
  "final_clip_score": 0.8596596717834473
}