{
  "sum_areas": 0.2798453478781908,
  "final_score": 0.5516573095554635,
  "final_size_score": 0.008991053958911716,
  "final_matched_text_score": 0.6617647058823529,
  "final_position_score": 0.2448714337261534,
  "final_text_color_score": 1.0,
  "final_clip_score": 0.8426593542098999
}