{
  "sum_areas": 0.36217884399352684,
  "final_score": 0.6950455663209549,
  "final_size_score": 0.3732514653818266,
  "final_matched_text_score": 0.7237762237762237,
  "final_position_score": 0.7590652887757666,
  "final_text_color_score": 0.7741922243336464,
  "final_clip_score": 0.8449426293373108
}