{
  "sum_areas": 0.2829244008458646,
  "final_score": 0.6886224317509223,
  "final_size_score": 0.7107050824889278,
  "final_matched_text_score": 0.6410487857296367,
  "final_position_score": 0.64296875,
  "final_text_color_score": 0.6450797422953849,
  "final_clip_score": 0.8033097982406616
}