{
  "sum_areas": 0.30669147784839274,
  "final_score": 0.39962538879052156,
  "final_size_score": 0.06960974084466295,
  "final_matched_text_score": 0.5258620689655172,
  "final_position_score": 0.38046875,
  "final_text_color_score": 0.1829451178918171,
  "final_clip_score": 0.8392412662506104
}