{
  "sum_areas": 0.11888148727685717,
  "final_score": 0.6689889377246496,
  "final_size_score": 0.1548741378002879,
  "final_matched_text_score": 0.8283166109253065,
  "final_position_score": 0.654595274308891,
  "final_text_color_score": 0.8722647237094897,
  "final_clip_score": 0.8348939418792725
}