{
  "sum_areas": 0.08380955251719971,
  "final_score": 0.4924996321214312,
  "final_size_score": 0.0630051779972858,
  "final_matched_text_score": 0.7380952380952381,
  "final_position_score": 0.143237107970745,
  "final_text_color_score": 0.702783341526645,
  "final_clip_score": 0.8153772950172424
}