{
  "sum_areas": 0.017366536458333335,
  "final_score": 0.7718253081022799,
  "final_size_score": 0.8725398313027178,
  "final_matched_text_score": 0.8518518518518519,
  "final_position_score": 0.7381944444444445,
  "final_text_color_score": 0.5672885871029063,
  "final_clip_score": 0.8292518258094788
}