{
  "sum_areas": 0.13603255904911646,
  "final_score": 0.5779356147920363,
  "final_size_score": 0.21983944190426014,
  "final_matched_text_score": 0.6677827996376383,
  "final_position_score": 0.46337850870783015,
  "final_text_color_score": 0.6810760387296787,
  "final_clip_score": 0.8576012849807739
}