{
  "sum_areas": 0.12037868923611111,
  "final_score": 0.5814592644269263,
  "final_size_score": 0.3756411065341037,
  "final_matched_text_score": 0.815348361566849,
  "final_position_score": 0.545703125,
  "final_text_color_score": 0.39636520221254223,
  "final_clip_score": 0.7742385268211365
}