{
  "sum_areas": 0.08594890121379853,
  "final_score": 0.6057139114641233,
  "final_size_score": 0.03968020383966421,
  "final_matched_text_score": 0.5333333333333333,
  "final_position_score": 0.7828125,
  "final_text_color_score": 0.8597423642943471,
  "final_clip_score": 0.8130011558532715
}