{
  "sum_areas": 0.06271411097582973,
  "final_score": 0.576216745555119,
  "final_size_score": 0.37059887281890097,
  "final_matched_text_score": 0.7792105263157895,
  "final_position_score": 0.4747070312499999,
  "final_text_color_score": 0.4510344843187,
  "final_clip_score": 0.8055328130722046
}