{
  "sum_areas": 0.13017878736624366,
  "final_score": 0.3982477921877088,
  "final_size_score": 0.08773622988209975,
  "final_matched_text_score": 0.7368421052631579,
  "final_position_score": 0.11670632698768202,
  "final_text_color_score": 0.32382500536383163,
  "final_clip_score": 0.7261292934417725
}