{
  "sum_areas": 0.2639419759428341,
  "final_score": 0.5810349538677161,
  "final_size_score": 0.03779605684562554,
  "final_matched_text_score": 0.65,
  "final_position_score": 0.6203124999999999,
  "final_text_color_score": 0.8661097772894027,
  "final_clip_score": 0.7309564352035522
}