{
  "sum_areas": 0.22250117145361137,
  "final_score": 0.7990744300460996,
  "final_size_score": 0.4918530320511495,
  "final_matched_text_score": 0.9692357271729868,
  "final_position_score": 0.7912451406149195,
  "final_text_color_score": 0.8873717321800768,
  "final_clip_score": 0.8556665182113647
}