{
  "sum_areas": 0.22618727263778504,
  "final_score": 0.6929542257616587,
  "final_size_score": 0.1588827488304036,
  "final_matched_text_score": 0.9563374239887658,
  "final_position_score": 0.6497857199553083,
  "final_text_color_score": 0.7857904740709248,
  "final_clip_score": 0.9139747619628906
}