{
  "sum_areas": 0.3436014693932828,
  "final_score": 0.9538734692212367,
  "final_size_score": 1.0000000000000002,
  "final_matched_text_score": 0.9704159582875276,
  "final_position_score": 0.9556647759862341,
  "final_text_color_score": 0.9536714337242063,
  "final_clip_score": 0.8896151781082153
}