{
  "sum_areas": 0.06857829911825164,
  "final_score": 0.8877218529753862,
  "final_size_score": 0.9658480788747087,
  "final_matched_text_score": 0.8555421904881573,
  "final_position_score": 0.7812839361543871,
  "final_text_color_score": 0.8968036206275309,
  "final_clip_score": 0.9391314387321472
}