{
  "sum_areas": 0.2126748847254188,
  "final_score": 0.8994244731750387,
  "final_size_score": 0.8795556577653711,
  "final_matched_text_score": 0.9335066517388076,
  "final_position_score": 0.8071483226249839,
  "final_text_color_score": 0.9733439427609234,
  "final_clip_score": 0.9035677909851074
}