{
  "sum_areas": 0.17578218342644047,
  "final_score": 0.7700293467249354,
  "final_size_score": 0.33306148853502965,
  "final_matched_text_score": 0.9786601183893039,
  "final_position_score": 0.8747361354919213,
  "final_text_color_score": 0.793272111554491,
  "final_clip_score": 0.8704168796539307
}