{
  "sum_areas": 0.09407744337969659,
  "final_score": 0.9340647792070605,
  "final_size_score": 0.9999231588897202,
  "final_matched_text_score": 0.9895925117164055,
  "final_position_score": 0.8044545412032061,
  "final_text_color_score": 0.9247847826871216,
  "final_clip_score": 0.9515689015388489
}