{
  "sum_areas": 0.07831347001887688,
  "final_score": 0.8579968565431,
  "final_size_score": 0.99299619402508,
  "final_matched_text_score": 0.9736018848320517,
  "final_position_score": 0.8009361907658158,
  "final_text_color_score": 0.6135393213544231,
  "final_clip_score": 0.9089106917381287
}