{
  "sum_areas": 0.3774620827341824,
  "final_score": 0.8229657120841989,
  "final_size_score": 0.41805956235700337,
  "final_matched_text_score": 0.9990739988330136,
  "final_position_score": 0.9275628521540087,
  "final_text_color_score": 0.9320110309156222,
  "final_clip_score": 0.8381211161613464
}