{
  "sum_areas": 0.13173657761306154,
  "final_score": 0.9072741730384719,
  "final_size_score": 0.982700666479938,
  "final_matched_text_score": 0.9520886258293585,
  "final_position_score": 0.875821502042317,
  "final_text_color_score": 0.7987961454791128,
  "final_clip_score": 0.9269639253616333
}