{
  "sum_areas": 0.24196755471931358,
  "final_score": 0.8111071908478173,
  "final_size_score": 0.6639745171941603,
  "final_matched_text_score": 0.9376619749433637,
  "final_position_score": 0.782703995580441,
  "final_text_color_score": 0.8005901169804117,
  "final_clip_score": 0.8706053495407104
}