{
  "sum_areas": 0.6336179235314755,
  "final_score": 0.7325571894266635,
  "final_size_score": 0.1579746523637011,
  "final_matched_text_score": 0.9405525868334046,
  "final_position_score": 0.9138952547744232,
  "final_text_color_score": 0.7347042043329,
  "final_clip_score": 0.9156592488288879
}