{
  "sum_areas": 0.10185354941663634,
  "final_score": 0.8942387246832507,
  "final_size_score": 0.9731134863950263,
  "final_matched_text_score": 0.9375277482534516,
  "final_position_score": 0.7604200644073419,
  "final_text_color_score": 0.8933440348134671,
  "final_clip_score": 0.9067882895469666
}