{
  "sum_areas": 0.381937145490757,
  "final_score": 0.7727315073593294,
  "final_size_score": 0.269793519144434,
  "final_matched_text_score": 0.9581559767318282,
  "final_position_score": 0.93299236461624,
  "final_text_color_score": 0.7637107782328553,
  "final_clip_score": 0.9390048980712891
}