{
  "sum_areas": 0.22673003315267792,
  "final_score": 0.9236309311404146,
  "final_size_score": 0.9930415284312919,
  "final_matched_text_score": 0.9809393720832497,
  "final_position_score": 0.8458299142260147,
  "final_text_color_score": 0.8600133098412163,
  "final_clip_score": 0.9383305311203003
}