{
  "sum_areas": 0.1733119487038475,
  "final_score": 0.8864835339696637,
  "final_size_score": 1.0,
  "final_matched_text_score": 0.9912548836375021,
  "final_position_score": 0.6952426781400965,
  "final_text_color_score": 0.9187239272502546,
  "final_clip_score": 0.8271961808204651
}