{
  "sum_areas": 0.25882710819532934,
  "final_score": 0.9362022165284835,
  "final_size_score": 1.0,
  "final_matched_text_score": 0.9427102942913113,
  "final_position_score": 0.9427498524649938,
  "final_text_color_score": 0.8676724964596904,
  "final_clip_score": 0.9278784394264221
}