{
  "sum_areas": 0.3213830019993231,
  "final_score": 0.8784872332382343,
  "final_size_score": 0.9843517428514493,
  "final_matched_text_score": 0.9435340921435902,
  "final_position_score": 0.754358209595852,
  "final_text_color_score": 0.8444007411948536,
  "final_clip_score": 0.865791380405426
}