{
  "sum_areas": 0.01834309895833333,
  "final_score": 0.9332982936669251,
  "final_size_score": 0.9772848269742682,
  "final_matched_text_score": 1.0,
  "final_position_score": 0.8177083333333333,
  "final_text_color_score": 0.9960362528207245,
  "final_clip_score": 0.8754620552062988
}