{
  "sum_areas": 0.2964126540668624,
  "final_score": 0.8815566113427009,
  "final_size_score": 0.9203235185570101,
  "final_matched_text_score": 0.9664940153530721,
  "final_position_score": 0.8152729930236767,
  "final_text_color_score": 0.7695422173560393,
  "final_clip_score": 0.936150312423706
}