{
  "sum_areas": 0.5724495594168368,
  "final_score": 0.8958752244117915,
  "final_size_score": 0.9964636064418169,
  "final_matched_text_score": 0.9460607560093899,
  "final_position_score": 0.8616884412268303,
  "final_text_color_score": 0.7941382424684443,
  "final_clip_score": 0.8810250759124756
}