{
  "sum_areas": 0.47022480832828173,
  "final_score": 0.8439338374351021,
  "final_size_score": 0.8696459244056545,
  "final_matched_text_score": 0.8784853307359038,
  "final_position_score": 0.8632392308977785,
  "final_text_color_score": 0.677088540880741,
  "final_clip_score": 0.9312101602554321
}