{
  "sum_areas": 0.3769977725782572,
  "final_score": 0.7391115046690135,
  "final_size_score": 0.5783770471238995,
  "final_matched_text_score": 0.9631803331747352,
  "final_position_score": 0.5449174774393684,
  "final_text_color_score": 0.7326666380611353,
  "final_clip_score": 0.876416027545929
}