{
  "sum_areas": 0.5970756296108686,
  "final_score": 0.8807628069737977,
  "final_size_score": 0.9826261869566564,
  "final_matched_text_score": 0.9163352362926237,
  "final_position_score": 0.8918415179859958,
  "final_text_color_score": 0.6750715689831385,
  "final_clip_score": 0.9379395246505737
}