{
  "sum_areas": 0.08963341205442221,
  "final_score": 0.859177773951309,
  "final_size_score": 0.9579141344450269,
  "final_matched_text_score": 0.9912361189535103,
  "final_position_score": 0.6853632728532643,
  "final_text_color_score": 0.7464107868107127,
  "final_clip_score": 0.9149645566940308
}