{
  "sum_areas": 0.3165302598751126,
  "final_score": 0.9018590173387184,
  "final_size_score": 0.9886957102815579,
  "final_matched_text_score": 0.9323441295352887,
  "final_position_score": 0.8337282048408033,
  "final_text_color_score": 0.8512484527872846,
  "final_clip_score": 0.9032785892486572
}