{
  "sum_areas": 0.22415986316401562,
  "final_score": 0.883201055138396,
  "final_size_score": 0.8825667095713989,
  "final_matched_text_score": 0.9593176562961331,
  "final_position_score": 0.8113506800957564,
  "final_text_color_score": 0.9498283804969715,
  "final_clip_score": 0.81294184923172
}