{
  "sum_areas": 0.22167901941588924,
  "final_score": 0.8542380050977919,
  "final_size_score": 0.7047993758316303,
  "final_matched_text_score": 0.9909158831312666,
  "final_position_score": 0.7977295405705754,
  "final_text_color_score": 0.8990294127955444,
  "final_clip_score": 0.8787158131599426
}