{
  "sum_areas": 0.016018880208333332,
  "final_score": 0.7422140455021797,
  "final_size_score": 0.30190340716656505,
  "final_matched_text_score": 1.0,
  "final_position_score": 0.9652777777777778,
  "final_text_color_score": 0.49335827512575964,
  "final_clip_score": 0.9505307674407959
}