{
  "sum_areas": 0.27779466069928305,
  "final_score": 0.9025116203085374,
  "final_size_score": 0.9840349255904283,
  "final_matched_text_score": 0.9838701952787048,
  "final_position_score": 0.8468384504324283,
  "final_text_color_score": 0.7657550634022889,
  "final_clip_score": 0.9320594668388367
}