{
  "sum_areas": 0.2067638610378404,
  "final_score": 0.7895452252886104,
  "final_size_score": 0.8760192881667124,
  "final_matched_text_score": 0.9929393261450992,
  "final_position_score": 0.7525025602674302,
  "final_text_color_score": 0.46615598026804544,
  "final_clip_score": 0.8601089715957642
}