{
  "sum_areas": 0.17979434173886139,
  "final_score": 0.904545825035831,
  "final_size_score": 0.9971605346584171,
  "final_matched_text_score": 0.9901973505576983,
  "final_position_score": 0.8956508541479148,
  "final_text_color_score": 0.7365073616757207,
  "final_clip_score": 0.9032130241394043
}