{
  "sum_areas": 0.31334137529386735,
  "final_score": 0.6986439456066071,
  "final_size_score": 0.32854364562856225,
  "final_matched_text_score": 0.9394523364817827,
  "final_position_score": 0.7811267683507167,
  "final_text_color_score": 0.6456755946679208,
  "final_clip_score": 0.7984213829040527
}