{
  "sum_areas": 0.6156611022357301,
  "final_score": 0.8882904042928694,
  "final_size_score": 1.0,
  "final_matched_text_score": 0.9370783137073014,
  "final_position_score": 0.8678401619320807,
  "final_text_color_score": 0.6965803378552994,
  "final_clip_score": 0.9399532079696655
}