{
  "sum_areas": 0.10389355240811195,
  "final_score": 0.922182779458101,
  "final_size_score": 0.946134180961012,
  "final_matched_text_score": 0.9848759060272151,
  "final_position_score": 0.9238826297754864,
  "final_text_color_score": 0.8711120275421722,
  "final_clip_score": 0.8849091529846191
}