{
  "sum_areas": 0.3814484956641286,
  "final_score": 0.8263907282747077,
  "final_size_score": 0.458358803357762,
  "final_matched_text_score": 0.9951923076923078,
  "final_position_score": 0.9131813464995769,
  "final_text_color_score": 0.8881549292081079,
  "final_clip_score": 0.8770662546157837
}