{
  "sum_areas": 0.34832789256425994,
  "final_score": 0.9418091842793452,
  "final_size_score": 0.9953758443432165,
  "final_matched_text_score": 0.9928615717397322,
  "final_position_score": 0.9434277156310455,
  "final_text_color_score": 0.8490746273254015,
  "final_clip_score": 0.9283061623573303
}