{
  "sum_areas": 0.42571052258758757,
  "final_score": 0.8378292390438116,
  "final_size_score": 0.7339834258215623,
  "final_matched_text_score": 0.8912358859758691,
  "final_position_score": 0.8774662905447462,
  "final_text_color_score": 0.7627462531437565,
  "final_clip_score": 0.9237143397331238
}