{
  "sum_areas": 0.07956056033992781,
  "final_score": 0.8481465015784597,
  "final_size_score": 0.9341212767682513,
  "final_matched_text_score": 0.9744503862150922,
  "final_position_score": 0.8211708828434251,
  "final_text_color_score": 0.5856559853199239,
  "final_clip_score": 0.9253339767456055
}