{
  "sum_areas": 0.22575365136759631,
  "final_score": 0.9208520851405773,
  "final_size_score": 1.0000000000000002,
  "final_matched_text_score": 0.9962073324905184,
  "final_position_score": 0.9390835030546877,
  "final_text_color_score": 0.7585901207629956,
  "final_clip_score": 0.9103794693946838
}