{
  "sum_areas": 0.4039459627080666,
  "final_score": 0.9417940102795858,
  "final_size_score": 0.9166061082816879,
  "final_matched_text_score": 0.9919413267232274,
  "final_position_score": 0.9686403759780053,
  "final_text_color_score": 0.951195258641631,
  "final_clip_score": 0.8805869817733765
}