{
  "sum_areas": 0.5597523646851813,
  "final_score": 0.9091803204211385,
  "final_size_score": 0.9909145094343793,
  "final_matched_text_score": 0.9428398768902763,
  "final_position_score": 0.9109144348644594,
  "final_text_color_score": 0.7862138051818667,
  "final_clip_score": 0.9150189757347107
}