{
  "sum_areas": 0.31706889941898425,
  "final_score": 0.8847021295370088,
  "final_size_score": 0.9440110794736073,
  "final_matched_text_score": 0.9673507143630613,
  "final_position_score": 0.8225903598229555,
  "final_text_color_score": 0.7602029918968185,
  "final_clip_score": 0.9293555021286011
}