{
  "sum_areas": 0.32143630188704175,
  "final_score": 0.9450104439223304,
  "final_size_score": 0.9861408331431765,
  "final_matched_text_score": 0.9433004975558985,
  "final_position_score": 0.8574234969151886,
  "final_text_color_score": 0.9823015048513909,
  "final_clip_score": 0.9558858871459961
}