{
  "sum_areas": 0.32083331389725306,
  "final_score": 0.7799347867242278,
  "final_size_score": 0.3647038803623163,
  "final_matched_text_score": 0.987468205223649,
  "final_position_score": 0.828930120385939,
  "final_text_color_score": 0.8323241523661835,
  "final_clip_score": 0.8862475752830505
}