{
  "sum_areas": 0.29610107061253693,
  "final_score": 0.8577172110101974,
  "final_size_score": 0.6150373548005147,
  "final_matched_text_score": 0.9928615590380296,
  "final_position_score": 0.8541444289691671,
  "final_text_color_score": 0.9307572613079116,
  "final_clip_score": 0.8957854509353638
}