{
  "sum_areas": 0.1967200148048995,
  "final_score": 0.8383017113451846,
  "final_size_score": 0.8725015675524642,
  "final_matched_text_score": 0.9534692464252214,
  "final_position_score": 0.9063466914496441,
  "final_text_color_score": 0.6117239268364656,
  "final_clip_score": 0.8474671244621277
}