{
  "sum_areas": 0.3665446178480892,
  "final_score": 0.7262442910954157,
  "final_size_score": 0.4579468134844634,
  "final_matched_text_score": 0.9326430775052915,
  "final_position_score": 0.7184696277467887,
  "final_text_color_score": 0.6455989241405895,
  "final_clip_score": 0.8765630125999451
}