{
  "sum_areas": 0.24317419312823785,
  "final_score": 0.8158483346937712,
  "final_size_score": 0.5107070117165172,
  "final_matched_text_score": 0.9548290988721283,
  "final_position_score": 0.8452591549680929,
  "final_text_color_score": 0.8545922261456068,
  "final_clip_score": 0.91385418176651
}