{
  "sum_areas": 0.5201845657846572,
  "final_score": 0.950669459250923,
  "final_size_score": 1.0,
  "final_matched_text_score": 0.9718228120928284,
  "final_position_score": 0.9165456964512539,
  "final_text_color_score": 0.9503728125594711,
  "final_clip_score": 0.914605975151062
}