{
  "sum_areas": 0.3606121230916717,
  "final_score": 0.7476014859227488,
  "final_size_score": 0.14415790266607736,
  "final_matched_text_score": 0.9867149758454106,
  "final_position_score": 0.8586540856197394,
  "final_text_color_score": 0.8934562469232511,
  "final_clip_score": 0.8550242185592651
}