{
  "sum_areas": 0.09427723149712622,
  "final_score": 0.9084992137224376,
  "final_size_score": 0.9999999999999999,
  "final_matched_text_score": 0.9762916129408246,
  "final_position_score": 0.8479600182539425,
  "final_text_color_score": 0.8529921214193436,
  "final_clip_score": 0.8652523159980774
}