{
  "sum_areas": 0.32870121443039,
  "final_score": 0.8986622436869965,
  "final_size_score": 0.9968295001829325,
  "final_matched_text_score": 0.9310514146811044,
  "final_position_score": 0.8365019110806271,
  "final_text_color_score": 0.791083639224937,
  "final_clip_score": 0.9378447532653809
}