{
  "sum_areas": 0.2068999303089789,
  "final_score": 0.9086831091771027,
  "final_size_score": 0.9719546528277038,
  "final_matched_text_score": 0.945519739882485,
  "final_position_score": 0.9038003352886818,
  "final_text_color_score": 0.7986611416399998,
  "final_clip_score": 0.9234796762466431
}