{
  "sum_areas": 0.34451131391678513,
  "final_score": 0.8087315299624802,
  "final_size_score": 0.5292400068353045,
  "final_matched_text_score": 0.9772012866244711,
  "final_position_score": 0.8317363873899959,
  "final_text_color_score": 0.8064495815610481,
  "final_clip_score": 0.8990303874015808
}