{
  "sum_areas": 0.21960473512321593,
  "final_score": 0.8917249510954299,
  "final_size_score": 0.8858721270822849,
  "final_matched_text_score": 0.9790383487994929,
  "final_position_score": 0.8296446044310054,
  "final_text_color_score": 0.9518274056483755,
  "final_clip_score": 0.8122422695159912
}