{
  "sum_areas": 0.38144884728016437,
  "final_score": 0.8633535792361171,
  "final_size_score": 0.6380426741098093,
  "final_matched_text_score": 0.9897432125468401,
  "final_position_score": 0.9019373227612187,
  "final_text_color_score": 0.884587211100486,
  "final_clip_score": 0.9024574756622314
}