{
  "sum_areas": 0.1100599395638563,
  "final_score": 0.7432744566318128,
  "final_size_score": 0.2625170498387377,
  "final_matched_text_score": 0.8925925925925926,
  "final_position_score": 0.7487628711636228,
  "final_text_color_score": 0.907693692083795,
  "final_clip_score": 0.9048060774803162
}