{
  "sum_areas": 0.20733349332513434,
  "final_score": 0.798922204929842,
  "final_size_score": 0.4110537483816514,
  "final_matched_text_score": 0.9546700743247621,
  "final_position_score": 0.8842560644160364,
  "final_text_color_score": 0.8546484967835042,
  "final_clip_score": 0.8899826407432556
}