{
  "sum_areas": 0.020338541666666668,
  "final_score": 0.941352402673763,
  "final_size_score": 0.9372599231754161,
  "final_matched_text_score": 1.0,
  "final_position_score": 0.8284722222222223,
  "final_text_color_score": 0.9960362528207245,
  "final_clip_score": 0.9449936151504517
}