{
  "sum_areas": 0.08493333446079133,
  "final_score": 0.9251178821098952,
  "final_size_score": 0.9427009195764826,
  "final_matched_text_score": 0.9863018105094736,
  "final_position_score": 0.837865839154789,
  "final_text_color_score": 0.9461160325013578,
  "final_clip_score": 0.912604808807373
}