{
  "sum_areas": 0.22614942043638417,
  "final_score": 0.6559933477827928,
  "final_size_score": 0.1554305350480797,
  "final_matched_text_score": 0.9526033279656467,
  "final_position_score": 0.7205587995482741,
  "final_text_color_score": 0.6485473141525618,
  "final_clip_score": 0.8028267621994019
}