{
  "sum_areas": 0.07960529356806725,
  "final_score": 0.8254225571655998,
  "final_size_score": 0.9688359349813631,
  "final_matched_text_score": 0.9751860087829018,
  "final_position_score": 0.7915156250000002,
  "final_text_color_score": 0.4848045704916208,
  "final_clip_score": 0.906770646572113
}