{
  "sum_areas": 0.2162908901422598,
  "final_score": 0.935518092071284,
  "final_size_score": 0.9851332904915769,
  "final_matched_text_score": 0.970177459340214,
  "final_position_score": 0.9245705102284317,
  "final_text_color_score": 0.849384460363183,
  "final_clip_score": 0.9483247399330139
}