{
  "sum_areas": 0.4519886636298646,
  "final_score": 0.8910144291803482,
  "final_size_score": 0.9613896251415033,
  "final_matched_text_score": 0.8810942698174578,
  "final_position_score": 0.894798083045571,
  "final_text_color_score": 0.7926834636621319,
  "final_clip_score": 0.9251067042350769
}