{
  "sum_areas": 0.2629956589179706,
  "final_score": 0.7734984617904642,
  "final_size_score": 0.3955977017983511,
  "final_matched_text_score": 0.9493350765681936,
  "final_position_score": 0.8007323992918483,
  "final_text_color_score": 0.9161494789349192,
  "final_clip_score": 0.8056776523590088
}