{
  "sum_areas": 0.15070727529105896,
  "final_score": 0.9078531340546748,
  "final_size_score": 0.9397771877462446,
  "final_matched_text_score": 0.9907519629601698,
  "final_position_score": 0.8612508000453062,
  "final_text_color_score": 0.8385539873439192,
  "final_clip_score": 0.9089317321777344
}