{
  "sum_areas": 0.3855798982514936,
  "final_score": 0.8445465645313223,
  "final_size_score": 0.604966108888739,
  "final_matched_text_score": 0.9603915906141385,
  "final_position_score": 0.7611092126132487,
  "final_text_color_score": 0.9768589004620546,
  "final_clip_score": 0.9194070100784302
}