{
  "sum_areas": 0.04046993328836425,
  "final_score": 0.8238457919493638,
  "final_size_score": 0.47764932227208373,
  "final_matched_text_score": 1.0,
  "final_position_score": 0.9382018115917617,
  "final_text_color_score": 0.8067325183420802,
  "final_clip_score": 0.8966453075408936
}