{
  "sum_areas": 0.3258648487750081,
  "final_score": 0.8997663514119104,
  "final_size_score": 0.977031955721622,
  "final_matched_text_score": 0.9706039888656991,
  "final_position_score": 0.8703657691809947,
  "final_text_color_score": 0.8078765091649535,
  "final_clip_score": 0.8729535341262817
}