{
  "sum_areas": 0.6635161607699501,
  "final_score": 0.9101620483020811,
  "final_size_score": 0.9959538370390248,
  "final_matched_text_score": 0.9322365865532471,
  "final_position_score": 0.8774289389932426,
  "final_text_color_score": 0.7935323916049447,
  "final_clip_score": 0.9516584873199463
}