{
  "sum_areas": 0.14820537745450194,
  "final_score": 0.9001573686582103,
  "final_size_score": 0.9968371592984614,
  "final_matched_text_score": 0.9890346992050679,
  "final_position_score": 0.8176134616354104,
  "final_text_color_score": 0.8031387490661124,
  "final_clip_score": 0.8941627740859985
}