{
  "sum_areas": 0.07915473090277778,
  "final_score": 0.937919295275677,
  "final_size_score": 1.0,
  "final_matched_text_score": 0.9229189398719494,
  "final_position_score": 0.9362103174603175,
  "final_text_color_score": 0.9587736079010983,
  "final_clip_score": 0.8716936111450195
}