{
  "sum_areas": 0.1335670025835192,
  "final_score": 0.9262518725386614,
  "final_size_score": 0.9952225383217146,
  "final_matched_text_score": 0.9719356859663538,
  "final_position_score": 0.8944000682126992,
  "final_text_color_score": 0.8282166188985933,
  "final_clip_score": 0.9414844512939453
}