{
  "sum_areas": 0.1656571819607825,
  "final_score": 0.7717908909056304,
  "final_size_score": 0.43789757444864924,
  "final_matched_text_score": 0.9914529914529915,
  "final_position_score": 0.7436569865482612,
  "final_text_color_score": 0.7821915948806786,
  "final_clip_score": 0.9037553071975708
}