{
  "sum_areas": 0.18033120954692558,
  "final_score": 0.9412847374903208,
  "final_size_score": 1.0,
  "final_matched_text_score": 0.9997781721384206,
  "final_position_score": 0.8649535499980737,
  "final_text_color_score": 0.9502347652647561,
  "final_clip_score": 0.891457200050354
}