{
  "sum_areas": 0.5337324729456189,
  "final_score": 0.9463468222451836,
  "final_size_score": 1.0000000000000002,
  "final_matched_text_score": 0.9643202482168562,
  "final_position_score": 0.9015173219065985,
  "final_text_color_score": 0.9648007931547696,
  "final_clip_score": 0.9010957479476929
}