{
  "sum_areas": 0.14658893939950113,
  "final_score": 0.8879195154057726,
  "final_size_score": 0.95812538452227,
  "final_matched_text_score": 0.9389260423106698,
  "final_position_score": 0.8036659707246472,
  "final_text_color_score": 0.8435969572727894,
  "final_clip_score": 0.8952832221984863
}