{
  "sum_areas": 0.0928295939104271,
  "final_score": 0.9149260963945699,
  "final_size_score": 0.9668936337569951,
  "final_matched_text_score": 0.9288317874692751,
  "final_position_score": 0.9023744670310165,
  "final_text_color_score": 0.8091625870093245,
  "final_clip_score": 0.9673680067062378
}