{
  "sum_areas": 0.4288593462594994,
  "final_score": 0.7886109035812656,
  "final_size_score": 0.31462577033406336,
  "final_matched_text_score": 0.9531423820302664,
  "final_position_score": 0.8423837327002357,
  "final_text_color_score": 0.9483849631640279,
  "final_clip_score": 0.8845176696777344
}