{
  "sum_areas": 0.16444652290316775,
  "final_score": 0.9188247100973886,
  "final_size_score": 0.849935384883767,
  "final_matched_text_score": 0.9998352688065154,
  "final_position_score": 0.9088611950467043,
  "final_text_color_score": 0.9445286242047906,
  "final_clip_score": 0.890963077545166
}