{
  "sum_areas": 0.44718448277735734,
  "final_score": 0.8149234376354569,
  "final_size_score": 0.4210450336873713,
  "final_matched_text_score": 0.9236889554440126,
  "final_position_score": 0.824582523906972,
  "final_text_color_score": 0.9526225907654542,
  "final_clip_score": 0.9526780843734741
}