{
  "sum_areas": 0.21718501415859448,
  "final_score": 0.9011402982723546,
  "final_size_score": 0.876048661985689,
  "final_matched_text_score": 0.9886261528940656,
  "final_position_score": 0.8349014972169035,
  "final_text_color_score": 0.8860936913233722,
  "final_clip_score": 0.9200314879417419
}