{
  "sum_areas": 0.2911506262372801,
  "final_score": 0.8988160546242452,
  "final_size_score": 0.952902137952171,
  "final_matched_text_score": 0.9674449374830967,
  "final_position_score": 0.9060808556044082,
  "final_text_color_score": 0.7342717978959113,
  "final_clip_score": 0.9333805441856384
}