{
  "sum_areas": 0.3688339653304442,
  "final_score": 0.9548223946204306,
  "final_size_score": 0.9235465807407461,
  "final_matched_text_score": 0.9934287270368579,
  "final_position_score": 0.9564381443408044,
  "final_text_color_score": 0.9852942608252053,
  "final_clip_score": 0.9154042601585388
}