{
  "sum_areas": 0.11509470321241491,
  "final_score": 0.9105752874438358,
  "final_size_score": 0.982555637198238,
  "final_matched_text_score": 0.9526366522479985,
  "final_position_score": 0.7764746394483402,
  "final_text_color_score": 0.9176205767640857,
  "final_clip_score": 0.9235889315605164
}