{
  "sum_areas": 0.2305257542795173,
  "final_score": 0.8915520436051683,
  "final_size_score": 0.7555065351827124,
  "final_matched_text_score": 0.9792672559188661,
  "final_position_score": 0.8656368224973066,
  "final_text_color_score": 0.9186730087390899,
  "final_clip_score": 0.9386765956878662
}