{
  "sum_areas": 0.2873979260900907,
  "final_score": 0.9184733067362343,
  "final_size_score": 0.9941798739536322,
  "final_matched_text_score": 0.9361862746926084,
  "final_position_score": 0.8350023618293622,
  "final_text_color_score": 0.8706399480636617,
  "final_clip_score": 0.9563580751419067
}