{
  "sum_areas": 0.30322796490856935,
  "final_score": 0.8783128889206134,
  "final_size_score": 0.8351643327856296,
  "final_matched_text_score": 0.9539662411436837,
  "final_position_score": 0.8809781960134785,
  "final_text_color_score": 0.8209279589772921,
  "final_clip_score": 0.9005277156829834
}