{
  "sum_areas": 0.2520325673933837,
  "final_score": 0.9088220772471307,
  "final_size_score": 0.9867760965103016,
  "final_matched_text_score": 0.9885958327178206,
  "final_position_score": 0.8871487250869645,
  "final_text_color_score": 0.7767124864943891,
  "final_clip_score": 0.904877245426178
}