{
  "sum_areas": 0.277203630283856,
  "final_score": 0.8990232403677241,
  "final_size_score": 0.9626420230839111,
  "final_matched_text_score": 0.9759328288431129,
  "final_position_score": 0.8775874736138517,
  "final_text_color_score": 0.7870162628105007,
  "final_clip_score": 0.8919376134872437
}