{
  "sum_areas": 0.06877638119253611,
  "final_score": 0.8448133650133255,
  "final_size_score": 0.9999999999999998,
  "final_matched_text_score": 0.9757137340454876,
  "final_position_score": 0.8021302672090246,
  "final_text_color_score": 0.5696927725807313,
  "final_clip_score": 0.8765300512313843
}