{
  "sum_areas": 0.6097703835441337,
  "final_score": 0.9320406667019692,
  "final_size_score": 0.9916902865130246,
  "final_matched_text_score": 0.9330680313859456,
  "final_position_score": 0.9225121483600474,
  "final_text_color_score": 0.8891704265693705,
  "final_clip_score": 0.9237624406814575
}