{
  "sum_areas": 0.30993871402838763,
  "final_score": 0.926215794628239,
  "final_size_score": 0.9946031519148785,
  "final_matched_text_score": 0.9396950466224329,
  "final_position_score": 0.8688559508044031,
  "final_text_color_score": 0.8696797252086297,
  "final_clip_score": 0.9582450985908508
}