{
  "sum_areas": 0.33818149280297166,
  "final_score": 0.9450038046922336,
  "final_size_score": 1.0000000000000002,
  "final_matched_text_score": 0.974552129737396,
  "final_position_score": 0.8587221015611181,
  "final_text_color_score": 0.9701815244548286,
  "final_clip_score": 0.9215632677078247
}