{
  "sum_areas": 0.6955932300347665,
  "final_score": 0.8593264703097507,
  "final_size_score": 1.0,
  "final_matched_text_score": 0.9426843749066561,
  "final_position_score": 0.8212963545980057,
  "final_text_color_score": 0.6058445761075064,
  "final_clip_score": 0.9268070459365845
}