{
  "sum_areas": 0.19766258903268213,
  "final_score": 0.9671258308775486,
  "final_size_score": 1.0,
  "final_matched_text_score": 0.9997781721384206,
  "final_position_score": 0.9303491252615947,
  "final_text_color_score": 0.9484907533576606,
  "final_clip_score": 0.9570111036300659
}