{
  "sum_areas": 0.24618605923629225,
  "final_score": 0.7686824302892208,
  "final_size_score": 0.465047206260471,
  "final_matched_text_score": 0.9274628765474001,
  "final_position_score": 0.8529852742857933,
  "final_text_color_score": 0.7319621568249736,
  "final_clip_score": 0.8659546375274658
}