{
  "sum_areas": 0.18138051571761216,
  "final_score": 0.9060589674028441,
  "final_size_score": 0.8642787655410242,
  "final_matched_text_score": 0.9973277129950626,
  "final_position_score": 0.9067476498785596,
  "final_text_color_score": 0.8602999357800547,
  "final_clip_score": 0.901640772819519
}