{
  "sum_areas": 0.2397337484111341,
  "final_score": 0.9168664696945499,
  "final_size_score": 0.9982336312175526,
  "final_matched_text_score": 0.9875273480404034,
  "final_position_score": 0.8709990101458172,
  "final_text_color_score": 0.7821969165640933,
  "final_clip_score": 0.9453754425048828
}