{
  "sum_areas": 0.2322969703118851,
  "final_score": 0.9180394491941546,
  "final_size_score": 1.0,
  "final_matched_text_score": 0.9976845985960454,
  "final_position_score": 0.875718849573141,
  "final_text_color_score": 0.8172747119174915,
  "final_clip_score": 0.8995190858840942
}