{
  "sum_areas": 0.15882785477449857,
  "final_score": 0.8343852668369908,
  "final_size_score": 0.6761566296954893,
  "final_matched_text_score": 0.972675490599366,
  "final_position_score": 0.7842779606943624,
  "final_text_color_score": 0.7976180234060021,
  "final_clip_score": 0.9411982297897339
}