{
  "sum_areas": 0.46183020112360146,
  "final_score": 0.855856758804978,
  "final_size_score": 0.8138350302857628,
  "final_matched_text_score": 0.8936225522367742,
  "final_position_score": 0.9075080167367856,
  "final_text_color_score": 0.7400497106499662,
  "final_clip_score": 0.9242684841156006
}