{
  "sum_areas": 0.10127452463870677,
  "final_score": 0.8670073722248706,
  "final_size_score": 0.8079362049195373,
  "final_matched_text_score": 0.9993006993006993,
  "final_position_score": 0.8656026966438822,
  "final_text_color_score": 0.726317314505229,
  "final_clip_score": 0.9358799457550049
}