{
  "sum_areas": 0.027349630003531803,
  "final_score": 0.8934019013370854,
  "final_size_score": 0.9282532271780922,
  "final_matched_text_score": 1.0,
  "final_position_score": 0.8642708333333334,
  "final_text_color_score": 0.752477885444021,
  "final_clip_score": 0.9220075607299805
}