{
  "sum_areas": 0.06868722547486641,
  "final_score": 0.9586803019988285,
  "final_size_score": 0.9964941081681854,
  "final_matched_text_score": 0.9925255159535079,
  "final_position_score": 0.8968043193041372,
  "final_text_color_score": 0.9408506078166338,
  "final_clip_score": 0.9667269587516785
}