{
  "sum_areas": 0.4961021919775131,
  "final_score": 0.9156900799662389,
  "final_size_score": 0.9730502403747061,
  "final_matched_text_score": 0.9239025330783284,
  "final_position_score": 0.7659074536388065,
  "final_text_color_score": 0.9693732318595314,
  "final_clip_score": 0.9462169408798218
}