{
  "sum_areas": 0.33652775300903304,
  "final_score": 0.8289892294486535,
  "final_size_score": 0.5870589966510659,
  "final_matched_text_score": 0.9866868686868688,
  "final_position_score": 0.904956193087993,
  "final_text_color_score": 0.7592477194554619,
  "final_clip_score": 0.9069963693618774
}