{
  "sum_areas": 0.5423353763454799,
  "final_score": 0.9586284136606331,
  "final_size_score": 0.9999999999999998,
  "final_matched_text_score": 0.9698378942765198,
  "final_position_score": 0.9599906302274016,
  "final_text_color_score": 0.9555763483074531,
  "final_clip_score": 0.9077371954917908
}