{
  "sum_areas": 0.3653257446767398,
  "final_score": 0.9368495962352701,
  "final_size_score": 0.9899080206545298,
  "final_matched_text_score": 0.9881020650852066,
  "final_position_score": 0.8769446415439782,
  "final_text_color_score": 0.9196621208131069,
  "final_clip_score": 0.9096311330795288
}