{
  "sum_areas": 0.35715349585514833,
  "final_score": 0.8989252964296703,
  "final_size_score": 0.9545721974621371,
  "final_matched_text_score": 0.9514569178635038,
  "final_position_score": 0.8842458641960417,
  "final_text_color_score": 0.7599748551542881,
  "final_clip_score": 0.9443766474723816
}