{
  "sum_areas": 0.3144341527286827,
  "final_score": 0.8826579443142673,
  "final_size_score": 0.6994716060742189,
  "final_matched_text_score": 0.9924854951702827,
  "final_position_score": 0.9167400946456582,
  "final_text_color_score": 0.9042240140043877,
  "final_clip_score": 0.9003685116767883
}