{
  "sum_areas": 0.4427231688994343,
  "final_score": 0.8254878418709328,
  "final_size_score": 0.7206142099353248,
  "final_matched_text_score": 0.8918857640688193,
  "final_position_score": 0.8635511772241005,
  "final_text_color_score": 0.7223582357768715,
  "final_clip_score": 0.9290298223495483
}