{
  "sum_areas": 0.4687606523076084,
  "final_score": 0.9293784795995154,
  "final_size_score": 0.954929085841374,
  "final_matched_text_score": 0.9732097156759381,
  "final_position_score": 0.9610539263673962,
  "final_text_color_score": 0.8747792261011796,
  "final_clip_score": 0.8829204440116882
}