{
  "sum_areas": 0.5482947095314226,
  "final_score": 0.9052401428895067,
  "final_size_score": 0.9999216682268898,
  "final_matched_text_score": 0.9935581933989578,
  "final_position_score": 0.7562389516825505,
  "final_text_color_score": 0.8912563667000483,
  "final_clip_score": 0.8852255344390869
}