{
  "sum_areas": 0.09823989883521185,
  "final_score": 0.780626674199316,
  "final_size_score": 0.3648232494821949,
  "final_matched_text_score": 0.8925925925925926,
  "final_position_score": 0.7891149695230748,
  "final_text_color_score": 0.9335498312226002,
  "final_clip_score": 0.9230527281761169
}