{
  "sum_areas": 0.2828669983111904,
  "final_score": 0.9353132617673025,
  "final_size_score": 0.9974892807041823,
  "final_matched_text_score": 0.9704839355683907,
  "final_position_score": 0.9339597601228401,
  "final_text_color_score": 0.8284251534440596,
  "final_clip_score": 0.9462081789970398
}