{
  "sum_areas": 0.08377738235833827,
  "final_score": 0.958053457891737,
  "final_size_score": 0.9999137116128712,
  "final_matched_text_score": 0.9904014636157493,
  "final_position_score": 0.9498291349215652,
  "final_text_color_score": 0.9040716797365084,
  "final_clip_score": 0.946051299571991
}