{
  "sum_areas": 0.5554135417071323,
  "final_score": 0.9297504720027249,
  "final_size_score": 0.9908602344225054,
  "final_matched_text_score": 0.9605102353266107,
  "final_position_score": 0.9296057909339052,
  "final_text_color_score": 0.8963159595791691,
  "final_clip_score": 0.8714601397514343
}