{
  "sum_areas": 0.35485600058685446,
  "final_score": 0.9627970707525709,
  "final_size_score": 1.0,
  "final_matched_text_score": 0.9830368008252297,
  "final_position_score": 0.9523429645380295,
  "final_text_color_score": 0.9653221211068098,
  "final_clip_score": 0.9132834672927856
}