{
  "sum_areas": 0.29301094856417903,
  "final_score": 0.8869617018468077,
  "final_size_score": 0.9791508798135743,
  "final_matched_text_score": 0.9691368653572464,
  "final_position_score": 0.8332676230278518,
  "final_text_color_score": 0.7970408230917925,
  "final_clip_score": 0.856212317943573
}