{
  "sum_areas": 0.32786840091788216,
  "final_score": 0.8314651860847662,
  "final_size_score": 0.4394446486344004,
  "final_matched_text_score": 0.9968253968253968,
  "final_position_score": 0.9648470310661883,
  "final_text_color_score": 0.9842802454803337,
  "final_clip_score": 0.771928608417511
}