{
  "sum_areas": 0.19605576541777592,
  "final_score": 0.9611376852672291,
  "final_size_score": 0.9952291021503328,
  "final_matched_text_score": 0.9949483352468427,
  "final_position_score": 0.9397491657741918,
  "final_text_color_score": 0.9732453389042193,
  "final_clip_score": 0.9025164842605591
}