{
  "sum_areas": 0.23436463848638356,
  "final_score": 0.8767489893618472,
  "final_size_score": 0.6454669051175336,
  "final_matched_text_score": 0.996920971604516,
  "final_position_score": 0.950059176438867,
  "final_text_color_score": 0.8634340573598671,
  "final_clip_score": 0.9278638362884521
}