{
  "sum_areas": 0.13460096500339314,
  "final_score": 0.913616081920546,
  "final_size_score": 0.8949225557325766,
  "final_matched_text_score": 0.9738497856144916,
  "final_position_score": 0.8909560200689088,
  "final_text_color_score": 0.8740863154215549,
  "final_clip_score": 0.9342657327651978
}