{
  "sum_areas": 0.08219766377179516,
  "final_score": 0.7853020897310012,
  "final_size_score": 0.2868279633479627,
  "final_matched_text_score": 0.8796726959517657,
  "final_position_score": 0.9072091250720035,
  "final_text_color_score": 0.9410687058939919,
  "final_clip_score": 0.9117319583892822
}