{
  "sum_areas": 0.08840720591542957,
  "final_score": 0.9053677547658019,
  "final_size_score": 0.9652375561203925,
  "final_matched_text_score": 0.9195619963160256,
  "final_position_score": 0.8694382898233518,
  "final_text_color_score": 0.8913210458003492,
  "final_clip_score": 0.8812798857688904
}