{
  "sum_areas": 0.2574636906199294,
  "final_score": 0.928575782187798,
  "final_size_score": 0.9691069367741373,
  "final_matched_text_score": 0.9890699523052464,
  "final_position_score": 0.8701201192798154,
  "final_text_color_score": 0.8732018786234921,
  "final_clip_score": 0.9413800239562988
}