{
  "sum_areas": 0.19445366101309727,
  "final_score": 0.8789389653543989,
  "final_size_score": 0.8251531259648927,
  "final_matched_text_score": 0.980982555606109,
  "final_position_score": 0.837801157582912,
  "final_text_color_score": 0.8485000683065576,
  "final_clip_score": 0.9022579193115234
}