{
  "sum_areas": 0.33154677910962416,
  "final_score": 0.6821215348463537,
  "final_size_score": 0.16879597612448413,
  "final_matched_text_score": 0.9835253456221198,
  "final_position_score": 0.5545205312030678,
  "final_text_color_score": 0.8088480351607283,
  "final_clip_score": 0.8949177861213684
}