{
  "sum_areas": 0.286947088466937,
  "final_score": 0.807915559514348,
  "final_size_score": 0.5430040795216853,
  "final_matched_text_score": 0.9998661559052938,
  "final_position_score": 0.8810136571185971,
  "final_text_color_score": 0.7278027316634318,
  "final_clip_score": 0.8878911733627319
}