{
  "sum_areas": 0.17310924740891961,
  "final_score": 0.9474644874089233,
  "final_size_score": 0.9972218686561868,
  "final_matched_text_score": 0.9916327572562629,
  "final_position_score": 0.9115165771248924,
  "final_text_color_score": 0.9059886714462386,
  "final_clip_score": 0.9309625625610352
}