{
  "sum_areas": 0.4324995000387299,
  "final_score": 0.7488892536347507,
  "final_size_score": 0.1239078716635921,
  "final_matched_text_score": 0.990126050420168,
  "final_position_score": 0.9322432627781659,
  "final_text_color_score": 0.8143977829959701,
  "final_clip_score": 0.8837713003158569
}