{
  "sum_areas": 0.4505977639664173,
  "final_score": 0.9378823367225659,
  "final_size_score": 0.9972112153550895,
  "final_matched_text_score": 0.9950065768906349,
  "final_position_score": 0.8553636102333083,
  "final_text_color_score": 0.9067056454373854,
  "final_clip_score": 0.9351246356964111
}