{
  "sum_areas": 0.19638768724173558,
  "final_score": 0.9204360232307857,
  "final_size_score": 0.9999999999999999,
  "final_matched_text_score": 0.9911170457313345,
  "final_position_score": 0.8862742601201409,
  "final_text_color_score": 0.8302462950245907,
  "final_clip_score": 0.8945425152778625
}