{
  "sum_areas": 0.17681982766867183,
  "final_score": 0.9798784242621812,
  "final_size_score": 1.0,
  "final_matched_text_score": 0.9916184281534922,
  "final_position_score": 0.9726406407523767,
  "final_text_color_score": 0.9708193665110249,
  "final_clip_score": 0.9643136858940125
}