{
  "sum_areas": 0.40264151492308414,
  "final_score": 0.9378068703409366,
  "final_size_score": 0.8911578355907898,
  "final_matched_text_score": 0.9997884045704611,
  "final_position_score": 0.9365240208801731,
  "final_text_color_score": 0.94158880990154,
  "final_clip_score": 0.9199752807617188
}