{
  "sum_areas": 0.11754486969079012,
  "final_score": 0.9304417747463708,
  "final_size_score": 0.8221633000970792,
  "final_matched_text_score": 0.9858059753033496,
  "final_position_score": 0.9220043067261668,
  "final_text_color_score": 0.9853229934027435,
  "final_clip_score": 0.9369122982025146
}