{
  "sum_areas": 0.2624323290117374,
  "final_score": 0.904197734703104,
  "final_size_score": 0.997534688900093,
  "final_matched_text_score": 0.991057185599483,
  "final_position_score": 0.8421325523819987,
  "final_text_color_score": 0.7695377089294779,
  "final_clip_score": 0.9207265377044678
}