{
  "sum_areas": 0.22920380436448323,
  "final_score": 0.840141961962301,
  "final_size_score": 0.3973077961663833,
  "final_matched_text_score": 0.9597321674213865,
  "final_position_score": 0.9515980646626095,
  "final_text_color_score": 0.9498003701422109,
  "final_clip_score": 0.9422714114189148
}