{
  "sum_areas": 0.1865587388111396,
  "final_score": 0.9658092067371578,
  "final_size_score": 0.9975910283346521,
  "final_matched_text_score": 0.9997781721384206,
  "final_position_score": 0.9674949236755049,
  "final_text_color_score": 0.907820198511973,
  "final_clip_score": 0.956361711025238
}