{
  "sum_areas": 0.1832027532860653,
  "final_score": 0.9206242426196701,
  "final_size_score": 0.9487731151867385,
  "final_matched_text_score": 0.9819187959372789,
  "final_position_score": 0.9403396166688938,
  "final_text_color_score": 0.843634413584553,
  "final_clip_score": 0.8884552717208862
}