{
  "sum_areas": 0.5102076556222515,
  "final_score": 0.9139737048349815,
  "final_size_score": 0.9975021477858269,
  "final_matched_text_score": 0.8988375773904301,
  "final_position_score": 0.9248019618714977,
  "final_text_color_score": 0.7945560736345683,
  "final_clip_score": 0.9541707634925842
}