{
  "sum_areas": 0.5329189327193322,
  "final_score": 0.7400754537218426,
  "final_size_score": 0.15337792072227843,
  "final_matched_text_score": 0.959570270686352,
  "final_position_score": 0.9510016876322335,
  "final_text_color_score": 0.7384405602874955,
  "final_clip_score": 0.8979868292808533
}