{
  "sum_areas": 0.09453661465048192,
  "final_score": 0.9397434088103824,
  "final_size_score": 0.9999235321126284,
  "final_matched_text_score": 0.9904014636157493,
  "final_position_score": 0.8228225323409717,
  "final_text_color_score": 0.9247847826871216,
  "final_clip_score": 0.9607847332954407
}