{
  "sum_areas": 0.2762278529640008,
  "final_score": 0.8484860671251298,
  "final_size_score": 0.6637014179099683,
  "final_matched_text_score": 0.965657955174377,
  "final_position_score": 0.9160046865715712,
  "final_text_color_score": 0.7899496244346977,
  "final_clip_score": 0.9071166515350342
}