{
  "sum_areas": 0.3267225112166289,
  "final_score": 0.7929548173918368,
  "final_size_score": 0.48399793188409923,
  "final_matched_text_score": 0.9265521342095098,
  "final_position_score": 0.8164033763139221,
  "final_text_color_score": 0.8940121127904836,
  "final_clip_score": 0.8438085317611694
}