{
  "sum_areas": 0.22724579268219805,
  "final_score": 0.8501025236248378,
  "final_size_score": 0.7861090017012898,
  "final_matched_text_score": 0.9949920927780705,
  "final_position_score": 0.7767722302264061,
  "final_text_color_score": 0.7805433890681416,
  "final_clip_score": 0.9120959043502808
}