{
  "sum_areas": 0.10393970561709537,
  "final_score": 0.8953503418177768,
  "final_size_score": 0.8280554620696032,
  "final_matched_text_score": 0.9557869231968716,
  "final_position_score": 0.8969727594894706,
  "final_text_color_score": 0.8551201618976361,
  "final_clip_score": 0.9408164024353027
}