{
  "sum_areas": 0.49975327669966363,
  "final_score": 0.9431865018940018,
  "final_size_score": 0.9974554240970053,
  "final_matched_text_score": 0.9707071706408655,
  "final_position_score": 0.9205212121367834,
  "final_text_color_score": 0.9286655288435234,
  "final_clip_score": 0.898583173751831
}