{
  "sum_areas": 0.25283418737466024,
  "final_score": 0.9245955964904842,
  "final_size_score": 0.9953600372653837,
  "final_matched_text_score": 0.9802504271635356,
  "final_position_score": 0.9077305580723897,
  "final_text_color_score": 0.8138719224144906,
  "final_clip_score": 0.9257650375366211
}