{
  "sum_areas": 0.28290939504979573,
  "final_score": 0.8999630760415216,
  "final_size_score": 0.8954595928994155,
  "final_matched_text_score": 0.9684688852266264,
  "final_position_score": 0.8865531512162901,
  "final_text_color_score": 0.8471337076638297,
  "final_clip_score": 0.9022000432014465
}