{
  "sum_areas": 0.23608143543423157,
  "final_score": 0.902119184071688,
  "final_size_score": 0.9781107734661577,
  "final_matched_text_score": 0.9905682079595122,
  "final_position_score": 0.9281288211482367,
  "final_text_color_score": 0.7347138422909114,
  "final_clip_score": 0.8790742754936218
}