{
  "sum_areas": 0.07142256429924018,
  "final_score": 0.8413104560967954,
  "final_size_score": 1.0,
  "final_matched_text_score": 0.9765874934793288,
  "final_position_score": 0.8101462981918718,
  "final_text_color_score": 0.5133650581601581,
  "final_clip_score": 0.9064534306526184
}