{
  "sum_areas": 0.30230219747674136,
  "final_score": 0.9511879489559736,
  "final_size_score": 0.9959547536811585,
  "final_matched_text_score": 0.9768605866919906,
  "final_position_score": 0.915090448701237,
  "final_text_color_score": 0.9298969608667673,
  "final_clip_score": 0.9381369948387146
}