{
  "sum_areas": 0.24967881944444445,
  "final_score": 0.9423832604474764,
  "final_size_score": 0.992125299864409,
  "final_matched_text_score": 0.9746219744473326,
  "final_position_score": 0.8776427469135802,
  "final_text_color_score": 0.977684962881567,
  "final_clip_score": 0.8898413181304932
}