{
  "sum_areas": 0.379677797962249,
  "final_score": 0.9272205934510205,
  "final_size_score": 0.9974746251757087,
  "final_matched_text_score": 0.9899876520363563,
  "final_position_score": 0.8945295306830773,
  "final_text_color_score": 0.8420802240724833,
  "final_clip_score": 0.9120309352874756
}