{
  "sum_areas": 0.20885306804011436,
  "final_score": 0.9689546665799869,
  "final_size_score": 1.0,
  "final_matched_text_score": 0.9997781721384206,
  "final_position_score": 0.9681082565939524,
  "final_text_color_score": 0.943126320766835,
  "final_clip_score": 0.9337605834007263
}