{
  "sum_areas": 0.2504091323688182,
  "final_score": 0.8634665027265565,
  "final_size_score": 0.7639785861145019,
  "final_matched_text_score": 0.9879423328964613,
  "final_position_score": 0.9252142455555147,
  "final_text_color_score": 0.7702568297334185,
  "final_clip_score": 0.8699405193328857
}