{
  "sum_areas": 0.022218702091162338,
  "final_score": 0.9314481110297953,
  "final_size_score": 0.9113513429066593,
  "final_matched_text_score": 1.0,
  "final_position_score": 0.9614403402158316,
  "final_text_color_score": 0.8143955568638266,
  "final_clip_score": 0.9700533151626587
}