{
  "sum_areas": 0.13217230460625154,
  "final_score": 0.9554611950700441,
  "final_size_score": 0.9923896564789608,
  "final_matched_text_score": 0.9945867763627642,
  "final_position_score": 0.9247524336691207,
  "final_text_color_score": 0.9084829163344913,
  "final_clip_score": 0.9570941925048828
}