{
  "sum_areas": 0.22678233735380118,
  "final_score": 0.9314345715622775,
  "final_size_score": 0.9675634761172855,
  "final_matched_text_score": 0.9835216718685501,
  "final_position_score": 0.9366904552362267,
  "final_text_color_score": 0.8271079021723337,
  "final_clip_score": 0.9422893524169922
}