{
  "sum_areas": 0.42730681487621563,
  "final_score": 0.7987785351623101,
  "final_size_score": 0.9602888332503445,
  "final_matched_text_score": 0.935540788066626,
  "final_position_score": 0.6890320987240698,
  "final_text_color_score": 0.5342780766277488,
  "final_clip_score": 0.8747528791427612
}