{
  "sum_areas": 0.30293047024485376,
  "final_score": 0.9482801404241109,
  "final_size_score": 1.0,
  "final_matched_text_score": 0.9996169259877346,
  "final_position_score": 0.9301743829046554,
  "final_text_color_score": 0.8823490201126251,
  "final_clip_score": 0.9292603731155396
}