{
  "sum_areas": 0.3085001666242515,
  "final_score": 0.8784694815811798,
  "final_size_score": 0.7866208154747678,
  "final_matched_text_score": 0.9400615071095265,
  "final_position_score": 0.8083800305087149,
  "final_text_color_score": 0.9277965151171493,
  "final_clip_score": 0.9294885396957397
}