{
  "sum_areas": 0.08151948510905593,
  "final_score": 0.8796913213542542,
  "final_size_score": 0.9932716411481114,
  "final_matched_text_score": 0.9757938593719413,
  "final_position_score": 0.9310859648757864,
  "final_text_color_score": 0.5765022033909657,
  "final_clip_score": 0.9218029379844666
}