{
  "sum_areas": 0.08291890337423313,
  "final_score": 0.9572643368762608,
  "final_size_score": 1.0,
  "final_matched_text_score": 0.9645075760800774,
  "final_position_score": 0.9024594653812447,
  "final_text_color_score": 0.9576653495354293,
  "final_clip_score": 0.961689293384552
}