{
  "sum_areas": 0.2391525607638889,
  "final_score": 0.9322679388995312,
  "final_size_score": 0.9934665136136985,
  "final_matched_text_score": 0.9745830358580203,
  "final_position_score": 0.7632595486111111,
  "final_text_color_score": 0.9814017535841678,
  "final_clip_score": 0.948628842830658
}