{
  "sum_areas": 0.23152560029802255,
  "final_score": 0.9302868969747741,
  "final_size_score": 0.98333406316293,
  "final_matched_text_score": 0.9885515873015872,
  "final_position_score": 0.9248746204793091,
  "final_text_color_score": 0.8195745525797931,
  "final_clip_score": 0.9350996613502502
}