{
  "sum_areas": 0.035009765625,
  "final_score": 0.9633330019709074,
  "final_size_score": 0.9139624980629165,
  "final_matched_text_score": 1.0,
  "final_position_score": 0.9479166666666667,
  "final_text_color_score": 0.9960362528207245,
  "final_clip_score": 0.9587495923042297
}