{
  "sum_areas": 0.6674120322396153,
  "final_score": 0.9270735597145715,
  "final_size_score": 0.9956630275537152,
  "final_matched_text_score": 0.9400475564351416,
  "final_position_score": 0.9094219638075884,
  "final_text_color_score": 0.8407494719678186,
  "final_clip_score": 0.9494857788085938
}