{
  "sum_areas": 0.23211329727998373,
  "final_score": 0.8959410533220583,
  "final_size_score": 0.7452427643900388,
  "final_matched_text_score": 0.9967934542237948,
  "final_position_score": 0.8915386718560833,
  "final_text_color_score": 0.9527306607167906,
  "final_clip_score": 0.893399715423584
}