{
  "sum_areas": 0.20280284945745558,
  "final_score": 0.8076566111270179,
  "final_size_score": 0.41960601786394064,
  "final_matched_text_score": 0.9866032005758513,
  "final_position_score": 0.9095166113036559,
  "final_text_color_score": 0.8063807875600372,
  "final_clip_score": 0.916176438331604
}