{
  "sum_areas": 0.3112152699938879,
  "final_score": 0.9104509962580531,
  "final_size_score": 0.9824769472057463,
  "final_matched_text_score": 0.9242292085308467,
  "final_position_score": 0.8882296291229684,
  "final_text_color_score": 0.8664963686146943,
  "final_clip_score": 0.8908228278160095
}