{
  "sum_areas": 0.10427027891569955,
  "final_score": 0.9106385901060863,
  "final_size_score": 0.9621888847954205,
  "final_matched_text_score": 0.9736451432324593,
  "final_position_score": 0.8533594016498003,
  "final_text_color_score": 0.8254452338959642,
  "final_clip_score": 0.9385542869567871
}