{
  "sum_areas": 0.036114714848378915,
  "final_score": 0.7779877440663759,
  "final_size_score": 0.3275901889947966,
  "final_matched_text_score": 1.0,
  "final_position_score": 0.911337499367017,
  "final_text_color_score": 0.7839091838446081,
  "final_clip_score": 0.8671018481254578
}