{
  "sum_areas": 0.35362255115284164,
  "final_score": 0.8892995659303168,
  "final_size_score": 1.0000000000000002,
  "final_matched_text_score": 0.943723573895312,
  "final_position_score": 0.7002585435840032,
  "final_text_color_score": 0.8772997526233182,
  "final_clip_score": 0.9252159595489502
}