{
  "sum_areas": 0.5793448055675562,
  "final_score": 0.9426008283612319,
  "final_size_score": 0.9993507077807797,
  "final_matched_text_score": 0.9887134964483032,
  "final_position_score": 0.9181328605030721,
  "final_text_color_score": 0.9055589796542657,
  "final_clip_score": 0.9012480974197388
}