{
  "sum_areas": 0.4815636394819938,
  "final_score": 0.8122915838424334,
  "final_size_score": 0.47154637606285166,
  "final_matched_text_score": 0.9292856113518241,
  "final_position_score": 0.8339739764226799,
  "final_text_color_score": 0.9400403745261169,
  "final_clip_score": 0.8866115808486938
}