{
  "sum_areas": 0.6158674194216331,
  "final_score": 0.8946579711358723,
  "final_size_score": 1.0,
  "final_matched_text_score": 0.939015551421419,
  "final_position_score": 0.8893848722881057,
  "final_text_color_score": 0.7594606456920663,
  "final_clip_score": 0.885428786277771
}