{
  "sum_areas": 0.297744772836661,
  "final_score": 0.7286975401855855,
  "final_size_score": 0.3690201118467046,
  "final_matched_text_score": 0.969539804684153,
  "final_position_score": 0.8200053844543327,
  "final_text_color_score": 0.6380481032775461,
  "final_clip_score": 0.8468742966651917
}