{
  "sum_areas": 0.11524488720447497,
  "final_score": 0.9372825799787723,
  "final_size_score": 0.9868567313595928,
  "final_matched_text_score": 0.9631426496439359,
  "final_position_score": 0.9174298657172845,
  "final_text_color_score": 0.8555375128837417,
  "final_clip_score": 0.9634461402893066
}