{
  "sum_areas": 0.36949323656953476,
  "final_score": 0.9321127015488102,
  "final_size_score": 0.9959232187201723,
  "final_matched_text_score": 0.9882559375031241,
  "final_position_score": 0.881054172862115,
  "final_text_color_score": 0.8845215558215732,
  "final_clip_score": 0.9108086228370667
}