{
  "sum_areas": 0.3218955313816882,
  "final_score": 0.9008000209344051,
  "final_size_score": 0.9628935648165681,
  "final_matched_text_score": 0.9685365566095058,
  "final_position_score": 0.9024448310701334,
  "final_text_color_score": 0.7728073254279237,
  "final_clip_score": 0.8973178267478943
}