{
  "sum_areas": 0.483096513350246,
  "final_score": 0.8234880519638221,
  "final_size_score": 0.47034654794768216,
  "final_matched_text_score": 0.9372883488544757,
  "final_position_score": 0.8851553775860325,
  "final_text_color_score": 0.9201936084015017,
  "final_clip_score": 0.904456377029419
}