{
  "sum_areas": 0.11249739790259568,
  "final_score": 0.898261278511807,
  "final_size_score": 0.7906106382686183,
  "final_matched_text_score": 0.9850962740685171,
  "final_position_score": 0.88423828125,
  "final_text_color_score": 0.9185964112979494,
  "final_clip_score": 0.9127647876739502
}