{
  "sum_areas": 0.4529485756316596,
  "final_score": 0.935768705587803,
  "final_size_score": 0.9320129034134653,
  "final_matched_text_score": 0.9542822175740507,
  "final_position_score": 0.9237135582813548,
  "final_text_color_score": 0.9435054018775417,
  "final_clip_score": 0.9253294467926025
}