{
  "sum_areas": 0.15908330364645892,
  "final_score": 0.904041108629972,
  "final_size_score": 0.9560642126444803,
  "final_matched_text_score": 0.9728386155419271,
  "final_position_score": 0.8497910574610505,
  "final_text_color_score": 0.8124334361812965,
  "final_clip_score": 0.929078221321106
}