{
  "sum_areas": 0.3541490845774566,
  "final_score": 0.9373547697466411,
  "final_size_score": 1.0000000000000002,
  "final_matched_text_score": 0.984832057816844,
  "final_position_score": 0.9113131525844443,
  "final_text_color_score": 0.9056550527262949,
  "final_clip_score": 0.8849735856056213
}