{
  "sum_areas": 0.33884667106013117,
  "final_score": 0.8154001414743561,
  "final_size_score": 0.4024220686985254,
  "final_matched_text_score": 0.9538127413127413,
  "final_position_score": 0.9153429722380544,
  "final_text_color_score": 0.9239812127430038,
  "final_clip_score": 0.8814417123794556
}