{
  "sum_areas": 0.46147379797445737,
  "final_score": 0.8877463395540325,
  "final_size_score": 0.940702443164411,
  "final_matched_text_score": 0.880019832858284,
  "final_position_score": 0.8746095751876868,
  "final_text_color_score": 0.8210159421026881,
  "final_clip_score": 0.9223839044570923
}