{
  "sum_areas": 0.5812907176314153,
  "final_score": 0.9395172208230275,
  "final_size_score": 1.0,
  "final_matched_text_score": 0.9529736557854301,
  "final_position_score": 0.922176737326598,
  "final_text_color_score": 0.926065896130367,
  "final_clip_score": 0.8963698148727417
}