{
  "sum_areas": 0.15780948480702764,
  "final_score": 0.9227920117704351,
  "final_size_score": 0.9972623467448876,
  "final_matched_text_score": 0.9869498672008601,
  "final_position_score": 0.8851139745670995,
  "final_text_color_score": 0.8493876030206026,
  "final_clip_score": 0.8952462673187256
}