{
  "sum_areas": 0.5689216609863033,
  "final_score": 0.9461241661493812,
  "final_size_score": 0.9982429321203174,
  "final_matched_text_score": 0.9937288123445642,
  "final_position_score": 0.9266046360300392,
  "final_text_color_score": 0.894404181449343,
  "final_clip_score": 0.9176402688026428
}