{
  "sum_areas": 0.11739133904236457,
  "final_score": 0.9003527666452478,
  "final_size_score": 0.9738204661497307,
  "final_matched_text_score": 0.9288317874692751,
  "final_position_score": 0.8316519463723411,
  "final_text_color_score": 0.8526291869916055,
  "final_clip_score": 0.9148304462432861
}