{
  "sum_areas": 0.25205637608998704,
  "final_score": 0.7211751046003982,
  "final_size_score": 0.44691644680178483,
  "final_matched_text_score": 0.9391031717694397,
  "final_position_score": 0.7535304769974874,
  "final_text_color_score": 0.5909842504465852,
  "final_clip_score": 0.8753411769866943
}