{
  "sum_areas": 0.13148766849951832,
  "final_score": 0.7849322383611267,
  "final_size_score": 0.4525878445800226,
  "final_matched_text_score": 0.9872001752457723,
  "final_position_score": 0.838633176691715,
  "final_text_color_score": 0.740288078116645,
  "final_clip_score": 0.9059519171714783
}