{
  "sum_areas": 0.2687347859465657,
  "final_score": 0.9252978141908136,
  "final_size_score": 0.975225757103192,
  "final_matched_text_score": 0.9703424071200276,
  "final_position_score": 0.8770910081539847,
  "final_text_color_score": 0.8905389210988363,
  "final_clip_score": 0.9132909774780273
}