{
  "sum_areas": 0.10745779998096276,
  "final_score": 0.8924001418972985,
  "final_size_score": 0.7961284254294846,
  "final_matched_text_score": 0.9839101475773803,
  "final_position_score": 0.867976517901951,
  "final_text_color_score": 0.9216688003403725,
  "final_clip_score": 0.8923168182373047
}