{
  "sum_areas": 0.08283781503150314,
  "final_score": 0.8735056807132008,
  "final_size_score": 1.0,
  "final_matched_text_score": 0.975524160585772,
  "final_position_score": 0.9322296325537727,
  "final_text_color_score": 0.5381765932107299,
  "final_clip_score": 0.9215980172157288
}