{
  "sum_areas": 0.20152104746573443,
  "final_score": 0.8981890952525586,
  "final_size_score": 0.8751095917274936,
  "final_matched_text_score": 0.9555945785083593,
  "final_position_score": 0.8925371114114856,
  "final_text_color_score": 0.8898235617381038,
  "final_clip_score": 0.8778806328773499
}