{
  "sum_areas": 0.2631476117053247,
  "final_score": 0.8742714582018613,
  "final_size_score": 0.9974675215240153,
  "final_matched_text_score": 0.9949675329352947,
  "final_position_score": 0.7351676105336474,
  "final_text_color_score": 0.808137620191306,
  "final_clip_score": 0.8356170058250427
}