{
  "sum_areas": 0.2393751186705161,
  "final_score": 0.8664688025003813,
  "final_size_score": 0.9847461130225043,
  "final_matched_text_score": 0.9842420027650208,
  "final_position_score": 0.6365581452075874,
  "final_text_color_score": 0.7811824599113341,
  "final_clip_score": 0.945615291595459
}