{
  "sum_areas": 0.25905056423611117,
  "final_score": 0.9383668384097765,
  "final_size_score": 0.9999999999999998,
  "final_matched_text_score": 0.9277361429721036,
  "final_position_score": 0.8196496212121214,
  "final_text_color_score": 0.9830925032583344,
  "final_clip_score": 0.9613559246063232
}