{
  "sum_areas": 0.14900884767721012,
  "final_score": 0.8855772059285789,
  "final_size_score": 0.9666202421489926,
  "final_matched_text_score": 0.8836268545202263,
  "final_position_score": 0.7762350166571313,
  "final_text_color_score": 0.8996189598613132,
  "final_clip_score": 0.9017849564552307
}