{
  "sum_areas": 0.16114572594067544,
  "final_score": 0.8707560635020215,
  "final_size_score": 0.831274566102175,
  "final_matched_text_score": 0.9858258854969358,
  "final_position_score": 0.8851940369489704,
  "final_text_color_score": 0.8106478734871722,
  "final_clip_score": 0.8408379554748535
}