{
  "sum_areas": 0.16679416976722705,
  "final_score": 0.8004170605159029,
  "final_size_score": 0.5436252930475752,
  "final_matched_text_score": 0.9751539250454009,
  "final_position_score": 0.6916262063123482,
  "final_text_color_score": 0.8590714525569719,
  "final_clip_score": 0.932608425617218
}