{
  "sum_areas": 0.25486203649277256,
  "final_score": 0.9316767996219659,
  "final_size_score": 0.9963508516654289,
  "final_matched_text_score": 0.9693947288668397,
  "final_position_score": 0.8950594106519633,
  "final_text_color_score": 0.8751177356395863,
  "final_clip_score": 0.9224612712860107
}