{
  "sum_areas": 0.540969187019464,
  "final_score": 0.9131942838979082,
  "final_size_score": 0.9998001486963074,
  "final_matched_text_score": 0.9105616665461689,
  "final_position_score": 0.9100955217667482,
  "final_text_color_score": 0.8175362821110536,
  "final_clip_score": 0.9279778003692627
}