{
  "sum_areas": 0.25024757272471865,
  "final_score": 0.784005220071202,
  "final_size_score": 0.7185023128602177,
  "final_matched_text_score": 0.9839904420549581,
  "final_position_score": 0.7832359989792466,
  "final_text_color_score": 0.5726020568497712,
  "final_clip_score": 0.8616952896118164
}