{
  "sum_areas": 0.3509540042650744,
  "final_score": 0.7954800417977946,
  "final_size_score": 0.5836435765363694,
  "final_matched_text_score": 0.9830926753877574,
  "final_position_score": 0.7857531331434943,
  "final_text_color_score": 0.7013060971299699,
  "final_clip_score": 0.9236047267913818
}