{
  "sum_areas": 0.4914635069024999,
  "final_score": 0.9362131175197504,
  "final_size_score": 0.997664127759299,
  "final_matched_text_score": 0.9939276345036652,
  "final_position_score": 0.7993608455988991,
  "final_text_color_score": 0.9749131039052845,
  "final_clip_score": 0.915199875831604
}