{
  "sum_areas": 0.03353493788140803,
  "final_score": 0.8606886328046734,
  "final_size_score": 0.941976062887462,
  "final_matched_text_score": 1.0,
  "final_position_score": 0.6926302083333334,
  "final_text_color_score": 0.752477885444021,
  "final_clip_score": 0.916359007358551
}