{
  "sum_areas": 0.3386134825650654,
  "final_score": 0.8090393879813025,
  "final_size_score": 0.37666079633704896,
  "final_matched_text_score": 0.9471465089274651,
  "final_position_score": 0.8893147753355081,
  "final_text_color_score": 0.9248386408540373,
  "final_clip_score": 0.9072362184524536
}