{
  "sum_areas": 0.1995522283344572,
  "final_score": 0.8985765101488046,
  "final_size_score": 0.8070944226723136,
  "final_matched_text_score": 0.9941796642028459,
  "final_position_score": 0.8639219786439075,
  "final_text_color_score": 0.900495168143504,
  "final_clip_score": 0.9271913170814514
}