{
  "sum_areas": 0.16408451814829192,
  "final_score": 0.9274519428847582,
  "final_size_score": 1.0,
  "final_matched_text_score": 0.9912548836375021,
  "final_position_score": 0.8017096920289855,
  "final_text_color_score": 0.9551646060157566,
  "final_clip_score": 0.8891305327415466
}