{
  "sum_areas": 0.3070967562757704,
  "final_score": 0.9294513608390397,
  "final_size_score": 0.9854936945745776,
  "final_matched_text_score": 0.9459949163497463,
  "final_position_score": 0.8620002205321677,
  "final_text_color_score": 0.9414263184380168,
  "final_clip_score": 0.9123416543006897
}