{
  "sum_areas": 0.33409331501718215,
  "final_score": 0.9342425199819918,
  "final_size_score": 0.9547664395612874,
  "final_matched_text_score": 0.9469650500446919,
  "final_position_score": 0.8370680606501031,
  "final_text_color_score": 0.9726160845316535,
  "final_clip_score": 0.9597969651222229
}