{
  "sum_areas": 0.07801237530358586,
  "final_score": 0.9281532458136148,
  "final_size_score": 0.9999073350199443,
  "final_matched_text_score": 0.9916012806637807,
  "final_position_score": 0.877569536343915,
  "final_text_color_score": 0.8119069071490764,
  "final_clip_score": 0.9597811698913574
}