{
  "sum_areas": 0.3456473150306032,
  "final_score": 0.9573871925120783,
  "final_size_score": 0.9999999999999999,
  "final_matched_text_score": 0.9911139122220431,
  "final_position_score": 0.94188490653126,
  "final_text_color_score": 0.9793578929945577,
  "final_clip_score": 0.8745792508125305
}