{
  "sum_areas": 0.6646484834812036,
  "final_score": 0.9326612678345371,
  "final_size_score": 0.999986999815376,
  "final_matched_text_score": 0.9991362556683221,
  "final_position_score": 0.8592511051142057,
  "final_text_color_score": 0.9256176751766493,
  "final_clip_score": 0.8793143033981323
}