{
  "sum_areas": 0.23397344978108348,
  "final_score": 0.8986932376832565,
  "final_size_score": 0.8922173002913821,
  "final_matched_text_score": 0.9555945785083593,
  "final_position_score": 0.8828128253821401,
  "final_text_color_score": 0.8900886389470777,
  "final_clip_score": 0.872752845287323
}