{
  "sum_areas": 0.5215650417575783,
  "final_score": 0.9281719254631243,
  "final_size_score": 0.9999999999999998,
  "final_matched_text_score": 0.9720201126584681,
  "final_position_score": 0.8947560019912009,
  "final_text_color_score": 0.834714311005796,
  "final_clip_score": 0.9393692016601562
}