{
  "sum_areas": 0.1571873302718734,
  "final_score": 0.8068231206609767,
  "final_size_score": 0.521110742270584,
  "final_matched_text_score": 0.9774838901330926,
  "final_position_score": 0.884771211859379,
  "final_text_color_score": 0.7309551995630684,
  "final_clip_score": 0.9197945594787598
}