{
  "sum_areas": 0.3971400532370813,
  "final_score": 0.844332383070042,
  "final_size_score": 0.988476808066956,
  "final_matched_text_score": 0.795725395664587,
  "final_position_score": 0.8744791666666666,
  "final_text_color_score": 0.6801168445621386,
  "final_clip_score": 0.8828637003898621
}