{
  "sum_areas": 0.24012924802276894,
  "final_score": 0.8677139280471199,
  "final_size_score": 0.9967139839100192,
  "final_matched_text_score": 0.9817542987715332,
  "final_position_score": 0.7266676168926526,
  "final_text_color_score": 0.7521562390782953,
  "final_clip_score": 0.8812775015830994
}