{
  "sum_areas": 0.07375763556760936,
  "final_score": 0.955952632962914,
  "final_size_score": 0.9874147474347638,
  "final_matched_text_score": 0.9928703105173694,
  "final_position_score": 0.9027710674534214,
  "final_text_color_score": 0.9443621449998354,
  "final_clip_score": 0.9523448944091797
}