{
  "sum_areas": 0.026262855952470455,
  "final_score": 0.8913813587264774,
  "final_size_score": 0.9183143975014542,
  "final_matched_text_score": 1.0,
  "final_position_score": 0.8879938093738923,
  "final_text_color_score": 0.752477885444021,
  "final_clip_score": 0.8981207013130188
}