{
  "sum_areas": 0.018219401041666666,
  "final_score": 0.9225040425756703,
  "final_size_score": 0.9839199571198858,
  "final_matched_text_score": 1.0,
  "final_position_score": 0.8017361111111111,
  "final_text_color_score": 0.9960362528207245,
  "final_clip_score": 0.8308278918266296
}