{
  "sum_areas": 0.3394743649660963,
  "final_score": 0.7962138700352481,
  "final_size_score": 0.6498021667165513,
  "final_matched_text_score": 0.9364510448037104,
  "final_position_score": 0.8058255629974406,
  "final_text_color_score": 0.7071532672517081,
  "final_clip_score": 0.8818373084068298
}