{
  "sum_areas": 0.4029120603541373,
  "final_score": 0.864907922434194,
  "final_size_score": 0.7858009278188972,
  "final_matched_text_score": 0.9135932459267772,
  "final_position_score": 0.8352576373631488,
  "final_text_color_score": 0.8947614582887092,
  "final_clip_score": 0.8951263427734375
}