{
  "sum_areas": 0.5899406071709364,
  "final_score": 0.9335554650390279,
  "final_size_score": 1.0000000000000002,
  "final_matched_text_score": 0.9557983508928226,
  "final_position_score": 0.9348230220896977,
  "final_text_color_score": 0.8585105702851286,
  "final_clip_score": 0.9186453819274902
}