{
  "sum_areas": 0.23450672762210184,
  "final_score": 0.929027743673104,
  "final_size_score": 0.9977592280642368,
  "final_matched_text_score": 0.983212318180914,
  "final_position_score": 0.9085908664255263,
  "final_text_color_score": 0.8086758187487373,
  "final_clip_score": 0.946900486946106
}