{
  "sum_areas": 0.444538635754184,
  "final_score": 0.8732040298756625,
  "final_size_score": 0.9598731110099695,
  "final_matched_text_score": 0.8770009060076174,
  "final_position_score": 0.8716944740565895,
  "final_text_color_score": 0.7444115567759682,
  "final_clip_score": 0.9130401015281677
}