{
  "sum_areas": 0.49043192158721743,
  "final_score": 0.9190193129369804,
  "final_size_score": 0.9994428269673543,
  "final_matched_text_score": 0.8988655009400696,
  "final_position_score": 0.9094045473696748,
  "final_text_color_score": 0.8365283150715604,
  "final_clip_score": 0.9508553743362427
}