{
  "sum_areas": 0.20044044680964393,
  "final_score": 0.8297789099753619,
  "final_size_score": 0.44455778225438347,
  "final_matched_text_score": 0.9555136423245855,
  "final_position_score": 0.9087507586503971,
  "final_text_color_score": 0.9409624070450877,
  "final_clip_score": 0.899109959602356
}