{
  "sum_areas": 0.21690188386858206,
  "final_score": 0.9165809823684365,
  "final_size_score": 0.9656111321137277,
  "final_matched_text_score": 0.965473177434058,
  "final_position_score": 0.7939386255780891,
  "final_text_color_score": 0.981183959595946,
  "final_clip_score": 0.8766980171203613
}