{
  "sum_areas": 0.2239288299237975,
  "final_score": 0.8577261905772939,
  "final_size_score": 0.8647286576464427,
  "final_matched_text_score": 0.9802123471008612,
  "final_position_score": 0.8296049961720579,
  "final_text_color_score": 0.7262816358507747,
  "final_clip_score": 0.887803316116333
}