{
  "sum_areas": 0.14239131708692054,
  "final_score": 0.85510168430346,
  "final_size_score": 0.6275108444673415,
  "final_matched_text_score": 0.9577502624657839,
  "final_position_score": 0.8983380242543598,
  "final_text_color_score": 0.8847899565857656,
  "final_clip_score": 0.9071193337440491
}