{
  "sum_areas": 0.13798940501240192,
  "final_score": 0.9117703434567744,
  "final_size_score": 0.9922398808800774,
  "final_matched_text_score": 0.9896479281629494,
  "final_position_score": 0.8203676912471721,
  "final_text_color_score": 0.8563166950515344,
  "final_clip_score": 0.9002795219421387
}