{
  "sum_areas": 0.29273393958643074,
  "final_score": 0.8138338089542914,
  "final_size_score": 0.39536727124910953,
  "final_matched_text_score": 0.9685647644500518,
  "final_position_score": 0.876045700736387,
  "final_text_color_score": 0.8911310842796648,
  "final_clip_score": 0.9380602240562439
}