{
  "sum_areas": 0.16795664533132532,
  "final_score": 0.9028122656211703,
  "final_size_score": 0.841727120262071,
  "final_matched_text_score": 0.9985574274304244,
  "final_position_score": 0.9291591919147177,
  "final_text_color_score": 0.8417864513183108,
  "final_clip_score": 0.9028311371803284
}