{
  "sum_areas": 0.6105257093810612,
  "final_score": 0.9007438067051375,
  "final_size_score": 1.0,
  "final_matched_text_score": 0.9394366185068481,
  "final_position_score": 0.8426758218386325,
  "final_text_color_score": 0.7786172438149719,
  "final_clip_score": 0.9429893493652344
}