{
  "sum_areas": 0.1480699736461455,
  "final_score": 0.9276732685352365,
  "final_size_score": 1.0000000000000002,
  "final_matched_text_score": 0.9942124620392375,
  "final_position_score": 0.8691923073619501,
  "final_text_color_score": 0.8472866837104802,
  "final_clip_score": 0.9276748895645142
}