{
  "sum_areas": 0.280435816832335,
  "final_score": 0.7355060410957466,
  "final_size_score": 0.31942978962577345,
  "final_matched_text_score": 0.9937205468652011,
  "final_position_score": 0.8242214374264493,
  "final_text_color_score": 0.7200091290787036,
  "final_clip_score": 0.820149302482605
}