{
  "sum_areas": 0.40974892143347824,
  "final_score": 0.9058333588552184,
  "final_size_score": 0.9768567388990845,
  "final_matched_text_score": 0.9788349693961848,
  "final_position_score": 0.8105481712331205,
  "final_text_color_score": 0.8457739139160984,
  "final_clip_score": 0.917153000831604
}