{
  "sum_areas": 0.5084615527196098,
  "final_score": 0.9615044131364471,
  "final_size_score": 0.9999800971802119,
  "final_matched_text_score": 0.9942167947653954,
  "final_position_score": 0.8980084212454158,
  "final_text_color_score": 0.9940928736307384,
  "final_clip_score": 0.9212238788604736
}