{
  "sum_areas": 0.16965417960662527,
  "final_score": 0.9135782402462844,
  "final_size_score": 1.0,
  "final_matched_text_score": 0.9912548836375021,
  "final_position_score": 0.7314261272141707,
  "final_text_color_score": 0.9174707489849432,
  "final_clip_score": 0.9277394413948059
}