{
  "sum_areas": 0.4512847110265897,
  "final_score": 0.8555684074088584,
  "final_size_score": 0.9613293973668173,
  "final_matched_text_score": 0.8875876458846176,
  "final_position_score": 0.8498109209863378,
  "final_text_color_score": 0.7271602087089236,
  "final_clip_score": 0.8519538640975952
}