{
  "sum_areas": 0.2831063151427974,
  "final_score": 0.8671688488276961,
  "final_size_score": 0.7235288651780044,
  "final_matched_text_score": 0.9719833604252829,
  "final_position_score": 0.9329790838328681,
  "final_text_color_score": 0.8216540201744321,
  "final_clip_score": 0.8856989145278931
}