{
  "sum_areas": 0.38968928165248734,
  "final_score": 0.8216522341072958,
  "final_size_score": 0.5104872007265184,
  "final_matched_text_score": 0.8611896733782997,
  "final_position_score": 0.937805973219599,
  "final_text_color_score": 0.8646675625232797,
  "final_clip_score": 0.9341107606887817
}