{
  "sum_areas": 0.20509238464374693,
  "final_score": 0.8006633119316083,
  "final_size_score": 0.42729551637025304,
  "final_matched_text_score": 0.9615890812437691,
  "final_position_score": 0.8438733297980993,
  "final_text_color_score": 0.9172110923441869,
  "final_clip_score": 0.8533475399017334
}