{
  "sum_areas": 0.44348547003367234,
  "final_score": 0.7935572264216202,
  "final_size_score": 0.3723200334011931,
  "final_matched_text_score": 0.9513435817112871,
  "final_position_score": 0.8058114468799047,
  "final_text_color_score": 0.9351068674637382,
  "final_clip_score": 0.9032042026519775
}