{
  "sum_areas": 0.2082266739127399,
  "final_score": 0.8909053930804067,
  "final_size_score": 0.9882263339679385,
  "final_matched_text_score": 0.9918847625522595,
  "final_position_score": 0.9071949083459987,
  "final_text_color_score": 0.6905830248974091,
  "final_clip_score": 0.8766379356384277
}