{
  "sum_areas": 0.3531596460430105,
  "final_score": 0.9318490441708592,
  "final_size_score": 0.9882890809618643,
  "final_matched_text_score": 0.9988861382516836,
  "final_position_score": 0.8991448512220053,
  "final_text_color_score": 0.8399351954703179,
  "final_clip_score": 0.9329899549484253
}