{
  "sum_areas": 0.025426432291666665,
  "final_score": 0.9299529693593208,
  "final_size_score": 0.9840396022703025,
  "final_matched_text_score": 1.0,
  "final_position_score": 0.8197916666666667,
  "final_text_color_score": 0.9960362528207245,
  "final_clip_score": 0.8498973250389099
}