{
  "sum_areas": 0.3072342223262387,
  "final_score": 0.7917511007854438,
  "final_size_score": 0.4296634856188165,
  "final_matched_text_score": 0.9789988318923566,
  "final_position_score": 0.815069292205304,
  "final_text_color_score": 0.8717223786315177,
  "final_clip_score": 0.8633015155792236
}