{
  "sum_areas": 0.14490623976439648,
  "final_score": 0.9462082108491725,
  "final_size_score": 0.9673244952970198,
  "final_matched_text_score": 0.9845608099676042,
  "final_position_score": 0.9296558836805793,
  "final_text_color_score": 0.9347724754881889,
  "final_clip_score": 0.9147273898124695
}