{
  "sum_areas": 0.31111448630179156,
  "final_score": 0.9037583054470106,
  "final_size_score": 0.9838352629662506,
  "final_matched_text_score": 0.9441502104006125,
  "final_position_score": 0.8307434458940153,
  "final_text_color_score": 0.8283682791892321,
  "final_clip_score": 0.9316943287849426
}