{
  "sum_areas": 0.5066691297473644,
  "final_score": 0.9161381453328947,
  "final_size_score": 0.9979327927272531,
  "final_matched_text_score": 0.8992400625494884,
  "final_position_score": 0.9115195568775595,
  "final_text_color_score": 0.8245742007597141,
  "final_clip_score": 0.9474241137504578
}