{
  "sum_areas": 0.1953978768142279,
  "final_score": 0.8182022075192489,
  "final_size_score": 0.7413385516731983,
  "final_matched_text_score": 1.0,
  "final_position_score": 0.7398263643718284,
  "final_text_color_score": 0.7185709540860081,
  "final_clip_score": 0.89127516746521
}