{
  "sum_areas": 0.10409343570101312,
  "final_score": 0.935120905741027,
  "final_size_score": 0.9999305526313653,
  "final_matched_text_score": 0.987401920995671,
  "final_position_score": 0.825065310767668,
  "final_text_color_score": 0.95495319378095,
  "final_clip_score": 0.90825355052948
}