{
  "sum_areas": 0.5773676173555177,
  "final_score": 0.9049907660902513,
  "final_size_score": 0.8654565108685126,
  "final_matched_text_score": 0.938390607634896,
  "final_position_score": 0.8121698515060385,
  "final_text_color_score": 0.9543993495699219,
  "final_clip_score": 0.9545375108718872
}