{
  "sum_areas": 0.07981255903749716,
  "final_score": 0.8750073270415508,
  "final_size_score": 0.9999999999999998,
  "final_matched_text_score": 0.9751325241207595,
  "final_position_score": 0.9463957079430471,
  "final_text_color_score": 0.5420410297728232,
  "final_clip_score": 0.9114673733711243
}