{
  "sum_areas": 0.6640562845273967,
  "final_score": 0.9163712020393672,
  "final_size_score": 0.995957128068404,
  "final_matched_text_score": 0.9345291711297246,
  "final_position_score": 0.9335005077637937,
  "final_text_color_score": 0.7871579338562507,
  "final_clip_score": 0.9307112693786621
}