{
  "sum_areas": 0.1939999433742443,
  "final_score": 0.9115436297445204,
  "final_size_score": 0.9741729989896842,
  "final_matched_text_score": 0.9875611399875738,
  "final_position_score": 0.9528409156541555,
  "final_text_color_score": 0.7085045938775659,
  "final_clip_score": 0.934638500213623
}