{
  "sum_areas": 0.12045863056686622,
  "final_score": 0.8884195577501383,
  "final_size_score": 0.9866619075706291,
  "final_matched_text_score": 0.9811957166753557,
  "final_position_score": 0.7257084204817483,
  "final_text_color_score": 0.8321607561308066,
  "final_clip_score": 0.9163709878921509
}