{
  "sum_areas": 0.3127626533994538,
  "final_score": 0.8944062170410924,
  "final_size_score": 0.9826269937840879,
  "final_matched_text_score": 0.9791103580901961,
  "final_position_score": 0.812511066021694,
  "final_text_color_score": 0.7598539907042589,
  "final_clip_score": 0.9379286766052246
}