{
  "sum_areas": 0.5196529522484511,
  "final_score": 0.9489057387317005,
  "final_size_score": 0.999100165084439,
  "final_matched_text_score": 0.9705020037355018,
  "final_position_score": 0.9393940506524591,
  "final_text_color_score": 0.9562835570832883,
  "final_clip_score": 0.8792489171028137
}