{
  "sum_areas": 0.317087687234804,
  "final_score": 0.9202225607488703,
  "final_size_score": 1.0,
  "final_matched_text_score": 0.9427102942913113,
  "final_position_score": 0.8378996624341803,
  "final_text_color_score": 0.8569495375782472,
  "final_clip_score": 0.9635533094406128
}