{
  "sum_areas": 0.31589431723630307,
  "final_score": 0.7162714309126813,
  "final_size_score": 0.046575407733650855,
  "final_matched_text_score": 1.0,
  "final_position_score": 0.8470216493855606,
  "final_text_color_score": 0.8870010203720511,
  "final_clip_score": 0.8007590770721436
}