{
  "sum_areas": 0.100029949985929,
  "final_score": 0.8979924750797313,
  "final_size_score": 0.805546543312118,
  "final_matched_text_score": 0.9993006993006993,
  "final_position_score": 0.8671573687184718,
  "final_text_color_score": 0.9054947547099151,
  "final_clip_score": 0.9124630093574524
}