{
  "sum_areas": 0.2346400366135011,
  "final_score": 0.9144476166562114,
  "final_size_score": 0.7372075763880002,
  "final_matched_text_score": 0.996490973885017,
  "final_position_score": 0.9167602122501533,
  "final_text_color_score": 0.9683665495329117,
  "final_clip_score": 0.9534127712249756
}