{
  "sum_areas": 0.38052884732466535,
  "final_score": 0.9083073815857194,
  "final_size_score": 0.9911815900917357,
  "final_matched_text_score": 0.9759657847833524,
  "final_position_score": 0.8204329501461232,
  "final_text_color_score": 0.9208346871172863,
  "final_clip_score": 0.8331218957901001
}