{
  "sum_areas": 0.023610026041666666,
  "final_score": 0.9433077093080778,
  "final_size_score": 0.9853393997885933,
  "final_matched_text_score": 1.0,
  "final_position_score": 0.8229166666666666,
  "final_text_color_score": 0.9960362528207245,
  "final_clip_score": 0.9122462272644043
}