{
  "sum_areas": 0.003908420138888889,
  "final_score": 0.8760668689009459,
  "final_size_score": 0.9580788450860633,
  "final_matched_text_score": 1.0,
  "final_position_score": 0.7951822916666667,
  "final_text_color_score": 0.7053453716199493,
  "final_clip_score": 0.9217278361320496
}