{
  "sum_areas": 0.07510199652777777,
  "final_score": 0.9302113594239633,
  "final_size_score": 1.0,
  "final_matched_text_score": 0.9249304971830458,
  "final_position_score": 0.8928571428571429,
  "final_text_color_score": 0.8926135679759287,
  "final_clip_score": 0.9406555891036987
}