{
  "sum_areas": 0.42575095976768224,
  "final_score": 0.8221526386769007,
  "final_size_score": 0.5060304205659802,
  "final_matched_text_score": 0.9926544266901071,
  "final_position_score": 0.8672728743300679,
  "final_text_color_score": 0.8068219589199309,
  "final_clip_score": 0.937983512878418
}