{
  "sum_areas": 0.5602993727771746,
  "final_score": 0.9155392163178608,
  "final_size_score": 0.9909233794012229,
  "final_matched_text_score": 0.9432695299216846,
  "final_position_score": 0.9107347606736588,
  "final_text_color_score": 0.8215999555151616,
  "final_clip_score": 0.9111684560775757
}