{
  "sum_areas": 0.29480409806999364,
  "final_score": 0.8799065223025702,
  "final_size_score": 0.9396715661061346,
  "final_matched_text_score": 0.9655970504581171,
  "final_position_score": 0.8211891514319335,
  "final_text_color_score": 0.7626981755402861,
  "final_clip_score": 0.9103766679763794
}