{
  "sum_areas": 0.16921825271830282,
  "final_score": 0.8625530977161472,
  "final_size_score": 0.98279280414632,
  "final_matched_text_score": 0.9491387608737383,
  "final_position_score": 0.6704036670521579,
  "final_text_color_score": 0.777090481899907,
  "final_clip_score": 0.9333397746086121
}