{
  "sum_areas": 0.3667522100883275,
  "final_score": 0.7451036165128415,
  "final_size_score": 0.4582642044771334,
  "final_matched_text_score": 0.9319199282672908,
  "final_position_score": 0.7184632641567057,
  "final_text_color_score": 0.7386296234987701,
  "final_clip_score": 0.8782410621643066
}