{
  "sum_areas": 0.244847690874482,
  "final_score": 0.8714182901819006,
  "final_size_score": 0.6296588885560298,
  "final_matched_text_score": 0.9966153127917834,
  "final_position_score": 0.8477359663794759,
  "final_text_color_score": 0.9396562834683166,
  "final_clip_score": 0.9434249997138977
}