{
  "sum_areas": 0.6600860154301745,
  "final_score": 0.883064986111384,
  "final_size_score": 1.0,
  "final_matched_text_score": 0.9312947256368659,
  "final_position_score": 0.8830257354561828,
  "final_text_color_score": 0.6928384185529212,
  "final_clip_score": 0.9081660509109497
}