{
  "sum_areas": 0.22716773670702706,
  "final_score": 0.9255785814626041,
  "final_size_score": 0.9729265938028705,
  "final_matched_text_score": 0.9733009353903154,
  "final_position_score": 0.9370107827641254,
  "final_text_color_score": 0.8244751686856353,
  "final_clip_score": 0.9201794266700745
}