{
  "sum_areas": 0.22590061629964842,
  "final_score": 0.8979006158991667,
  "final_size_score": 0.9958594091288101,
  "final_matched_text_score": 0.9952574525745258,
  "final_position_score": 0.7995768229166665,
  "final_text_color_score": 0.7961558199322876,
  "final_clip_score": 0.9026535749435425
}