{
  "sum_areas": 0.19744732549532268,
  "final_score": 0.8752447385909724,
  "final_size_score": 0.8729712167244581,
  "final_matched_text_score": 0.946791356413998,
  "final_position_score": 0.9063466914496441,
  "final_text_color_score": 0.832787525023561,
  "final_clip_score": 0.8173269033432007
}