{
  "sum_areas": 0.29475368056576146,
  "final_score": 0.9141308625259866,
  "final_size_score": 0.9424907943529434,
  "final_matched_text_score": 0.9586597036995689,
  "final_position_score": 0.8337696859183321,
  "final_text_color_score": 0.9465285536697692,
  "final_clip_score": 0.8892055749893188
}