{
  "sum_areas": 0.22683162308004262,
  "final_score": 0.895816588799462,
  "final_size_score": 0.9499424954534209,
  "final_matched_text_score": 0.9976896094890413,
  "final_position_score": 0.850711382837751,
  "final_text_color_score": 0.7653769789145446,
  "final_clip_score": 0.9153624773025513
}