{
  "sum_areas": 0.19910957225522147,
  "final_score": 0.7746403872541412,
  "final_size_score": 0.3358544087661537,
  "final_matched_text_score": 0.9310764790764791,
  "final_position_score": 0.7161662791183214,
  "final_text_color_score": 0.9679643498265669,
  "final_clip_score": 0.9221404194831848
}