{
  "sum_areas": 0.2417342393603696,
  "final_score": 0.8240243595545618,
  "final_size_score": 0.5087992352584515,
  "final_matched_text_score": 0.9548290988721283,
  "final_position_score": 0.8450864754900601,
  "final_text_color_score": 0.9110002102934344,
  "final_clip_score": 0.9004067778587341
}