{
  "sum_areas": 0.16426693686303434,
  "final_score": 0.8907598047197864,
  "final_size_score": 0.9962231936407142,
  "final_matched_text_score": 0.9917634176525847,
  "final_position_score": 0.8677512522413118,
  "final_text_color_score": 0.6864605703121239,
  "final_clip_score": 0.9116005897521973
}