{
  "sum_areas": 0.17987478728341585,
  "final_score": 0.9071793320488599,
  "final_size_score": 0.9971618045547662,
  "final_matched_text_score": 0.9901973505576983,
  "final_position_score": 0.8956283518976899,
  "final_text_color_score": 0.7419062192551101,
  "final_clip_score": 0.9110029339790344
}