{
  "sum_areas": 0.42119146762270615,
  "final_score": 0.8312964963354592,
  "final_size_score": 0.7329111858627293,
  "final_matched_text_score": 0.8897601592575052,
  "final_position_score": 0.8789582858717738,
  "final_text_color_score": 0.7538730337716822,
  "final_clip_score": 0.9009798169136047
}