{
  "sum_areas": 0.7418224818659848,
  "final_score": 0.9127382470081757,
  "final_size_score": 0.9999676791092028,
  "final_matched_text_score": 0.9794178794178794,
  "final_position_score": 0.8004304049211253,
  "final_text_color_score": 0.8656037299972121,
  "final_clip_score": 0.918271541595459
}