{
  "sum_areas": 0.15219296896330453,
  "final_score": 0.8844783897507562,
  "final_size_score": 0.9578551744289654,
  "final_matched_text_score": 0.964092332728983,
  "final_position_score": 0.831187096675477,
  "final_text_color_score": 0.7509648224899358,
  "final_clip_score": 0.9182925224304199
}