{
  "sum_areas": 0.42336982150663766,
  "final_score": 0.7350177738443449,
  "final_size_score": 0.03918571312854469,
  "final_matched_text_score": 0.9949912891986062,
  "final_position_score": 0.9163050744876143,
  "final_text_color_score": 0.8320804042386237,
  "final_clip_score": 0.892526388168335
}