{
  "sum_areas": 0.5548476517504526,
  "final_score": 0.8874290784235065,
  "final_size_score": 0.9990944563734822,
  "final_matched_text_score": 0.9151328604505862,
  "final_position_score": 0.8807930173879654,
  "final_text_color_score": 0.9024959084685475,
  "final_clip_score": 0.7396291494369507
}