{
  "sum_areas": 0.6217789754130298,
  "final_score": 0.9125898073470999,
  "final_size_score": 0.9813046927960029,
  "final_matched_text_score": 0.9304906349544056,
  "final_position_score": 0.92514306878007,
  "final_text_color_score": 0.7733040648113448,
  "final_clip_score": 0.9527065753936768
}