{
  "sum_areas": 0.5167691309628974,
  "final_score": 0.9622596540919187,
  "final_size_score": 1.0,
  "final_matched_text_score": 0.993744530263636,
  "final_position_score": 0.9143393780264363,
  "final_text_color_score": 0.974879172350185,
  "final_clip_score": 0.9283351898193359
}