{
  "sum_areas": 0.1679077806426634,
  "final_score": 0.9047497103488471,
  "final_size_score": 0.9515787705333137,
  "final_matched_text_score": 0.9342565597667638,
  "final_position_score": 0.8136586433856698,
  "final_text_color_score": 0.9180334267065599,
  "final_clip_score": 0.9062211513519287
}