{
  "sum_areas": 0.21064840738068819,
  "final_score": 0.9108877973249936,
  "final_size_score": 0.99709386121132,
  "final_matched_text_score": 0.9443664953047574,
  "final_position_score": 0.9077417498670015,
  "final_text_color_score": 0.7953461093297185,
  "final_clip_score": 0.9098907709121704
}