{
  "sum_areas": 0.27267939263057406,
  "final_score": 0.805225099752874,
  "final_size_score": 0.4885571691921597,
  "final_matched_text_score": 0.9874184635413109,
  "final_position_score": 0.8525777884846767,
  "final_text_color_score": 0.7972323549128605,
  "final_clip_score": 0.9003397226333618
}