{
  "sum_areas": 0.44086661980588826,
  "final_score": 0.9004523334696739,
  "final_size_score": 0.8127887640401997,
  "final_matched_text_score": 0.9490224998699576,
  "final_position_score": 0.8241549275018835,
  "final_text_color_score": 0.9691535305742379,
  "final_clip_score": 0.9471419453620911
}