{
  "sum_areas": 0.48968849170867673,
  "final_score": 0.9218040485842718,
  "final_size_score": 1.0,
  "final_matched_text_score": 0.9477543343998663,
  "final_position_score": 0.9414397122105875,
  "final_text_color_score": 0.7962311254719766,
  "final_clip_score": 0.9235950708389282
}