{
  "sum_areas": 0.09020893061926608,
  "final_score": 0.9349863859420975,
  "final_size_score": 0.9999999999999999,
  "final_matched_text_score": 0.9812869633817632,
  "final_position_score": 0.7978125,
  "final_text_color_score": 0.9381322137957645,
  "final_clip_score": 0.957700252532959
}