{
  "sum_areas": 0.15509644984465998,
  "final_score": 0.9083812640021748,
  "final_size_score": 0.9570109296698976,
  "final_matched_text_score": 0.9921816506464718,
  "final_position_score": 0.8464628695339318,
  "final_text_color_score": 0.8140800022406504,
  "final_clip_score": 0.9321708679199219
}