{
  "sum_areas": 0.3684456483100006,
  "final_score": 0.9080145624911943,
  "final_size_score": 0.9822933945133476,
  "final_matched_text_score": 0.993597049021435,
  "final_position_score": 0.8503620852640817,
  "final_text_color_score": 0.8165268352089258,
  "final_clip_score": 0.8972934484481812
}