{
  "sum_areas": 0.29044387445812214,
  "final_score": 0.878115013489582,
  "final_size_score": 0.9656389329490087,
  "final_matched_text_score": 0.9562442937203612,
  "final_position_score": 0.7965353479331141,
  "final_text_color_score": 0.7708701292437411,
  "final_clip_score": 0.9012863636016846
}