{
  "sum_areas": 0.2132499465264129,
  "final_score": 0.8702033350520829,
  "final_size_score": 0.9844073246974117,
  "final_matched_text_score": 0.9678617644727956,
  "final_position_score": 0.8506485178176959,
  "final_text_color_score": 0.6636899982575575,
  "final_clip_score": 0.8844090700149536
}