{
  "sum_areas": 0.0059092881944444444,
  "final_score": 0.758430217261498,
  "final_size_score": 0.27175908923980907,
  "final_matched_text_score": 1.0,
  "final_position_score": 0.8395833333333333,
  "final_text_color_score": 0.81135690248862,
  "final_clip_score": 0.8694517612457275
}