{
  "sum_areas": 0.13191508694412774,
  "final_score": 0.5703904934112372,
  "final_size_score": 0.17852389102058203,
  "final_matched_text_score": 0.9117647058823529,
  "final_position_score": 0.4662167525814012,
  "final_text_color_score": 0.4325983588743398,
  "final_clip_score": 0.8628487586975098
}