{
  "sum_areas": 0.28929148112280934,
  "final_score": 0.5632211415357355,
  "final_size_score": 0.029376935755984206,
  "final_matched_text_score": 0.5333333333333333,
  "final_position_score": 0.635205050103739,
  "final_text_color_score": 0.7774306343047133,
  "final_clip_score": 0.8407597541809082
}