{
  "sum_areas": 0.34259272451152306,
  "final_score": 0.6370051143429971,
  "final_size_score": 0.1998817474931323,
  "final_matched_text_score": 0.8590446470365334,
  "final_position_score": 0.5401902415942997,
  "final_text_color_score": 0.766131744905748,
  "final_clip_score": 0.8197771906852722
}