{
  "sum_areas": 0.3224688055390995,
  "final_score": 0.6105596479665811,
  "final_size_score": 0.01140082584726849,
  "final_matched_text_score": 0.923076923076923,
  "final_position_score": 0.63984375,
  "final_text_color_score": 0.6194002409697488,
  "final_clip_score": 0.8590764999389648
}