{
  "sum_areas": 0.04142504847582973,
  "final_score": 0.6193423393930252,
  "final_size_score": 0.4876482062174664,
  "final_matched_text_score": 0.7476923076923077,
  "final_position_score": 0.49849386724386724,
  "final_text_color_score": 0.49311549120363485,
  "final_clip_score": 0.8697618246078491
}