{
  "sum_areas": 0.4963860095146648,
  "final_score": 0.5368554098224123,
  "final_size_score": 0.037385684101091825,
  "final_matched_text_score": 0.5982997265892003,
  "final_position_score": 0.4198125800162942,
  "final_text_color_score": 0.7756690430131715,
  "final_clip_score": 0.8531100153923035
}