{
  "sum_areas": 0.02095486111111111,
  "final_score": 0.6112621552527271,
  "final_size_score": 0.6946975973487988,
  "final_matched_text_score": 0.7809523809523808,
  "final_position_score": 0.7245008680555556,
  "final_text_color_score": 0.007299904501016474,
  "final_clip_score": 0.8488600254058838
}