{
  "sum_areas": 0.7337453179245406,
  "final_score": 0.5618923183504053,
  "final_size_score": 0.009375179630895304,
  "final_matched_text_score": 0.527536231884058,
  "final_position_score": 0.6451452761646701,
  "final_text_color_score": 0.7682482954908607,
  "final_clip_score": 0.859156608581543
}