{
  "sum_areas": 0.38303523418017454,
  "final_score": 0.6052014655851656,
  "final_size_score": 0.1379309333889555,
  "final_matched_text_score": 0.7748366013071895,
  "final_position_score": 0.5704669532765309,
  "final_text_color_score": 0.6368051275508078,
  "final_clip_score": 0.9059677124023438
}