{
  "sum_areas": 0.21272211954610193,
  "final_score": 0.4862003376208215,
  "final_size_score": 0.014989622849445364,
  "final_matched_text_score": 0.5441176470588236,
  "final_position_score": 0.44140625000000006,
  "final_text_color_score": 0.643277942136878,
  "final_clip_score": 0.78721022605896
}