{
  "sum_areas": 0.13149197048611108,
  "final_score": 0.6952666616237458,
  "final_size_score": 0.7089855837865047,
  "final_matched_text_score": 0.5142857142857142,
  "final_position_score": 0.7270833333333333,
  "final_text_color_score": 0.7359568995601615,
  "final_clip_score": 0.7900217771530151
}