{
  "sum_areas": 0.33029340877816177,
  "final_score": 0.6881437722889966,
  "final_size_score": 0.034614047373701703,
  "final_matched_text_score": 0.7843137254901961,
  "final_position_score": 0.7935546875,
  "final_text_color_score": 1.0,
  "final_clip_score": 0.8282364010810852
}