{
  "sum_areas": 0.16518503036019644,
  "final_score": 0.6479177197842154,
  "final_size_score": 0.35818012021631657,
  "final_matched_text_score": 0.7913033703157343,
  "final_position_score": 0.49051026380935336,
  "final_text_color_score": 0.7727107536792517,
  "final_clip_score": 0.8268840909004211
}