{
  "sum_areas": 0.28918608285465497,
  "final_score": 0.4869187486691973,
  "final_size_score": 0.14029847463108458,
  "final_matched_text_score": 0.5540540540540541,
  "final_position_score": 0.7751180122706265,
  "final_text_color_score": 0.1680331488318717,
  "final_clip_score": 0.7970900535583496
}