{
  "sum_areas": 0.16687104399166466,
  "final_score": 0.5975903907149539,
  "final_size_score": 0.03945721828858603,
  "final_matched_text_score": 0.5555555555555556,
  "final_position_score": 0.8512674271229403,
  "final_text_color_score": 0.6684044596313079,
  "final_clip_score": 0.8732672929763794
}