{
  "sum_areas": 0.295186972865505,
  "final_score": 0.5814994114297861,
  "final_size_score": 0.10943698938985713,
  "final_matched_text_score": 0.7115384615384616,
  "final_position_score": 0.6921888166606477,
  "final_text_color_score": 0.6251480213600439,
  "final_clip_score": 0.7691847681999207
}