{
  "sum_areas": 0.13891384548611102,
  "final_score": 0.4844105513764304,
  "final_size_score": 0.21121204783515476,
  "final_matched_text_score": 0.650330506852246,
  "final_position_score": 0.5086998456790124,
  "final_text_color_score": 0.27606717004189246,
  "final_clip_score": 0.7757431864738464
}