{
  "sum_areas": 0.07613130518633734,
  "final_score": 0.7269361279634947,
  "final_size_score": 0.2211761211205747,
  "final_matched_text_score": 1.0,
  "final_position_score": 0.8737404281239124,
  "final_text_color_score": 0.7361895285002322,
  "final_clip_score": 0.8035745620727539
}