{
  "sum_areas": 0.2539171813478344,
  "final_score": 0.8288422512779783,
  "final_size_score": 0.8810476715804213,
  "final_matched_text_score": 0.917042127161175,
  "final_position_score": 0.7164632411323072,
  "final_text_color_score": 0.7263967934050257,
  "final_clip_score": 0.9032614231109619
}