{
  "sum_areas": 0.4699074019109672,
  "final_score": 0.8734472294894936,
  "final_size_score": 0.9359681898327095,
  "final_matched_text_score": 0.9024171686665181,
  "final_position_score": 0.7451762195516036,
  "final_text_color_score": 0.8915114119335633,
  "final_clip_score": 0.8921631574630737
}