{
  "sum_areas": 0.4066894923026487,
  "final_score": 0.8614580982406311,
  "final_size_score": 0.9535835048971035,
  "final_matched_text_score": 0.9784262704704381,
  "final_position_score": 0.8238592099633724,
  "final_text_color_score": 0.6974055594839967,
  "final_clip_score": 0.8540159463882446
}