{
  "sum_areas": 0.13471973107256857,
  "final_score": 0.8679476523058733,
  "final_size_score": 0.9288405011994664,
  "final_matched_text_score": 0.9803312849853807,
  "final_position_score": 0.783196382345412,
  "final_text_color_score": 0.8400782276502916,
  "final_clip_score": 0.8072918653488159
}