{
  "sum_areas": 0.3879589444703885,
  "final_score": 0.8690895328700846,
  "final_size_score": 0.98082514518097,
  "final_matched_text_score": 0.9842434663727627,
  "final_position_score": 0.8346382864066665,
  "final_text_color_score": 0.6588911841947418,
  "final_clip_score": 0.886849582195282
}