{
  "sum_areas": 0.5136647472823419,
  "final_score": 0.9645367373896052,
  "final_size_score": 1.0,
  "final_matched_text_score": 0.9952082885868285,
  "final_position_score": 0.9143724468095051,
  "final_text_color_score": 0.974879172350185,
  "final_clip_score": 0.9382237792015076
}