{
  "sum_areas": 0.21511225241839269,
  "final_score": 0.9090931896377843,
  "final_size_score": 0.9962197104398014,
  "final_matched_text_score": 0.9870116521365364,
  "final_position_score": 0.914828462272378,
  "final_text_color_score": 0.7158017379642286,
  "final_clip_score": 0.9316043853759766
}