{
  "sum_areas": 0.11987774251201773,
  "final_score": 0.8568036133384148,
  "final_size_score": 0.982550949194433,
  "final_matched_text_score": 0.9511889052327683,
  "final_position_score": 0.7583488008892622,
  "final_text_color_score": 0.7087075466752929,
  "final_clip_score": 0.8832218647003174
}