{
  "sum_areas": 0.4375956635759951,
  "final_score": 0.9009028416338203,
  "final_size_score": 0.7780153827976717,
  "final_matched_text_score": 0.9537598120172041,
  "final_position_score": 0.8261416925929775,
  "final_text_color_score": 0.9728780815263237,
  "final_clip_score": 0.9737192392349243
}