{
  "sum_areas": 0.1643274447500944,
  "final_score": 0.9132148708613542,
  "final_size_score": 0.9314123967897957,
  "final_matched_text_score": 0.9885531574740208,
  "final_position_score": 0.9267832689607783,
  "final_text_color_score": 0.7800313120651466,
  "final_clip_score": 0.9392942190170288
}