{
  "sum_areas": 0.46645480154603314,
  "final_score": 0.9206422704363683,
  "final_size_score": 0.9952970361880026,
  "final_matched_text_score": 0.9838625548830648,
  "final_position_score": 0.8945945032450546,
  "final_text_color_score": 0.8375850902784385,
  "final_clip_score": 0.8918721675872803
}