{
  "sum_areas": 0.31140911667615767,
  "final_score": 0.9315008956899842,
  "final_size_score": 0.9795911964886252,
  "final_matched_text_score": 0.9873527944802611,
  "final_position_score": 0.911103156852882,
  "final_text_color_score": 0.8916435240943393,
  "final_clip_score": 0.8878138065338135
}