{
  "sum_areas": 0.204480504571756,
  "final_score": 0.907923447901029,
  "final_size_score": 0.9891784841690638,
  "final_matched_text_score": 0.9443664953047574,
  "final_position_score": 0.9212046522841826,
  "final_text_color_score": 0.8089863530741365,
  "final_clip_score": 0.8758812546730042
}