{
  "sum_areas": 0.1731666941222984,
  "final_score": 0.9035655412590942,
  "final_size_score": 0.8220186446910873,
  "final_matched_text_score": 0.9729367551695464,
  "final_position_score": 0.9054347670132811,
  "final_text_color_score": 0.9034967521061867,
  "final_clip_score": 0.9139407873153687
}