{
  "sum_areas": 0.17212210191718302,
  "final_score": 0.7287917915514877,
  "final_size_score": 0.41819329218589296,
  "final_matched_text_score": 0.891275101747699,
  "final_position_score": 0.7650241324806162,
  "final_text_color_score": 0.6853809549447621,
  "final_clip_score": 0.884085476398468
}