{
  "sum_areas": 0.16124335413673063,
  "final_score": 0.8916548718821518,
  "final_size_score": 0.8915970149472574,
  "final_matched_text_score": 0.9921816506464718,
  "final_position_score": 0.848552528467393,
  "final_text_color_score": 0.8180682831284143,
  "final_clip_score": 0.9078748822212219
}