{
  "sum_areas": 0.17974903272978232,
  "final_score": 0.8844413184026833,
  "final_size_score": 0.9960863293887937,
  "final_matched_text_score": 0.9913237929440462,
  "final_position_score": 0.8455821511222604,
  "final_text_color_score": 0.6831375296560331,
  "final_clip_score": 0.9060767889022827
}