{
  "sum_areas": 0.09026701169276026,
  "final_score": 0.9065600399540479,
  "final_size_score": 0.8294809786803282,
  "final_matched_text_score": 0.9534385522760067,
  "final_position_score": 0.9393256023898735,
  "final_text_color_score": 0.8686350243860671,
  "final_clip_score": 0.9419200420379639
}