{
  "sum_areas": 0.18035513446773638,
  "final_score": 0.9071277356570953,
  "final_size_score": 0.9844478809978616,
  "final_matched_text_score": 0.970519610495297,
  "final_position_score": 0.8102094026771336,
  "final_text_color_score": 0.9187239272502546,
  "final_clip_score": 0.8517378568649292
}