{
  "sum_areas": 0.43998586687145436,
  "final_score": 0.8165478673574715,
  "final_size_score": 0.7787761421871023,
  "final_matched_text_score": 0.9593253968253969,
  "final_position_score": 0.7160526929050856,
  "final_text_color_score": 0.8070563124884854,
  "final_clip_score": 0.8215287923812866
}