{
  "sum_areas": 0.4174406449970913,
  "final_score": 0.8518548418649863,
  "final_size_score": 0.9953591066462656,
  "final_matched_text_score": 0.9353105090156686,
  "final_position_score": 0.8392863749960031,
  "final_text_color_score": 0.5552616386003129,
  "final_clip_score": 0.9340565800666809
}