{
  "sum_areas": 0.22067095603780712,
  "final_score": 0.8693192568121724,
  "final_size_score": 0.7680755660771067,
  "final_matched_text_score": 0.9840351645398998,
  "final_position_score": 0.8605434697148621,
  "final_text_color_score": 0.805348388565266,
  "final_clip_score": 0.9285936951637268
}