{
  "sum_areas": 0.11395903486992882,
  "final_score": 0.9131964028733539,
  "final_size_score": 0.9690878306021916,
  "final_matched_text_score": 0.9786976522441968,
  "final_position_score": 0.8711915155378837,
  "final_text_color_score": 0.8153243366612078,
  "final_clip_score": 0.9316806793212891
}