{
  "sum_areas": 0.3012130302567574,
  "final_score": 0.7413701740635195,
  "final_size_score": 0.3092684249295031,
  "final_matched_text_score": 0.9754481449442522,
  "final_position_score": 0.7366721871989684,
  "final_text_color_score": 0.7996491154268806,
  "final_clip_score": 0.8858129978179932
}