{
  "sum_areas": 0.09914060283288555,
  "final_score": 0.9215913833828367,
  "final_size_score": 0.9999270832030971,
  "final_matched_text_score": 0.9904014636157493,
  "final_position_score": 0.8371519942392301,
  "final_text_color_score": 0.8131586158654143,
  "final_clip_score": 0.9673177599906921
}