{
  "sum_areas": 0.2618237614873573,
  "final_score": 0.7031260840965023,
  "final_size_score": 0.41172897856281104,
  "final_matched_text_score": 0.9280462687067749,
  "final_position_score": 0.7992137950268442,
  "final_text_color_score": 0.5065182302216041,
  "final_clip_score": 0.8701231479644775
}