{
  "sum_areas": 0.4384793122985249,
  "final_score": 0.8238948870475705,
  "final_size_score": 0.5118868606214131,
  "final_matched_text_score": 0.9307629700597294,
  "final_position_score": 0.8340936255594149,
  "final_text_color_score": 0.873982647927349,
  "final_clip_score": 0.9687483310699463
}