{
  "sum_areas": 0.44465895660377186,
  "final_score": 0.7808522432444924,
  "final_size_score": 0.46874692941770923,
  "final_matched_text_score": 0.9349494641491809,
  "final_position_score": 0.8645432692307692,
  "final_text_color_score": 0.7829638709106121,
  "final_clip_score": 0.8530576825141907
}