{
  "sum_areas": 0.20097602611399065,
  "final_score": 0.946723937907664,
  "final_size_score": 1.0,
  "final_matched_text_score": 0.9997781721384206,
  "final_position_score": 0.9623581782440279,
  "final_text_color_score": 0.8263685477625914,
  "final_clip_score": 0.94511479139328
}