{
  "sum_areas": 0.21682442911984484,
  "final_score": 0.926902031684838,
  "final_size_score": 0.992220934816123,
  "final_matched_text_score": 0.9721066384749251,
  "final_position_score": 0.8734901943901436,
  "final_text_color_score": 0.8457086876065537,
  "final_clip_score": 0.9509837031364441
}