{
  "sum_areas": 0.10912267175920089,
  "final_score": 0.8797205218603894,
  "final_size_score": 0.9796711506492574,
  "final_matched_text_score": 0.9885207082033027,
  "final_position_score": 0.9186126320814373,
  "final_text_color_score": 0.5857338655145559,
  "final_clip_score": 0.9260642528533936
}