{
  "sum_areas": 0.02121853298611111,
  "final_score": 0.920531423275537,
  "final_size_score": 0.9384300690360522,
  "final_matched_text_score": 1.0,
  "final_position_score": 0.804513888888889,
  "final_text_color_score": 0.9960362528207245,
  "final_clip_score": 0.863676905632019
}