{
  "sum_areas": 0.23710611979166663,
  "final_score": 0.9131332164440652,
  "final_size_score": 0.9692609728304893,
  "final_matched_text_score": 0.9628072040660124,
  "final_position_score": 0.722092013888889,
  "final_text_color_score": 0.981183959595946,
  "final_clip_score": 0.9303219318389893
}