{
  "sum_areas": 0.10343294749749818,
  "final_score": 0.7448815811570748,
  "final_size_score": 0.3300126553304442,
  "final_matched_text_score": 0.7685206869633099,
  "final_position_score": 0.7766091171084673,
  "final_text_color_score": 0.9719233414713481,
  "final_clip_score": 0.8773421049118042
}