{
  "sum_areas": 0.2700057328690009,
  "final_score": 0.8866162087286025,
  "final_size_score": 0.9835009453526893,
  "final_matched_text_score": 0.9433004975558985,
  "final_position_score": 0.8350369116088752,
  "final_text_color_score": 0.8622127523350834,
  "final_clip_score": 0.8090299367904663
}