{
  "sum_areas": 0.38384889695152735,
  "final_score": 0.8531998009042834,
  "final_size_score": 0.6052826576758386,
  "final_matched_text_score": 0.9808657360823049,
  "final_position_score": 0.8944680205645285,
  "final_text_color_score": 0.8708334778787985,
  "final_clip_score": 0.9145491123199463
}