{
  "sum_areas": 0.07943977210221022,
  "final_score": 0.7913789296962066,
  "final_size_score": 1.0,
  "final_matched_text_score": 0.9752547792839763,
  "final_position_score": 0.8022380316156615,
  "final_text_color_score": 0.27190395473837753,
  "final_clip_score": 0.9074978828430176
}