{
  "sum_areas": 0.3779430260443523,
  "final_score": 0.9574841935880638,
  "final_size_score": 0.9338966800590689,
  "final_matched_text_score": 0.9938152725052781,
  "final_position_score": 0.9613212962244271,
  "final_text_color_score": 0.9756016025515087,
  "final_clip_score": 0.9227861166000366
}