{
  "sum_areas": 0.1489881987629742,
  "final_score": 0.6507295010207815,
  "final_size_score": 0.21580208398026618,
  "final_matched_text_score": 0.7777777777777777,
  "final_position_score": 0.8159566154491106,
  "final_text_color_score": 0.6088335897329961,
  "final_clip_score": 0.8352774381637573
}