{
  "sum_areas": 0.1639610569514489,
  "final_score": 0.5990203322806398,
  "final_size_score": 0.1292859080124009,
  "final_matched_text_score": 0.7160352179149172,
  "final_position_score": 0.5292788098668862,
  "final_text_color_score": 0.8077073978730935,
  "final_clip_score": 0.8127943277359009
}