{
  "sum_areas": 0.15057891997429262,
  "final_score": 0.6396638444565438,
  "final_size_score": 0.17627882570526954,
  "final_matched_text_score": 0.884453781512605,
  "final_position_score": 0.5709448653092027,
  "final_text_color_score": 0.7451280373494829,
  "final_clip_score": 0.8215137124061584
}