{
  "sum_areas": 0.2913396938717703,
  "final_score": 0.5810636167553053,
  "final_size_score": 0.033157799032286606,
  "final_matched_text_score": 0.6630443630443631,
  "final_position_score": 0.562887106496831,
  "final_text_color_score": 0.7986153613379939,
  "final_clip_score": 0.8476134538650513
}