{
  "sum_areas": 0.15701057305523883,
  "final_score": 0.6107879463409702,
  "final_size_score": 0.2410696009624001,
  "final_matched_text_score": 0.864066223504327,
  "final_position_score": 0.5808366986570379,
  "final_text_color_score": 0.5177001559306345,
  "final_clip_score": 0.8502670526504517
}