{
  "sum_areas": 0.053523791684019516,
  "final_score": 0.551946504544296,
  "final_size_score": 0.2281558194011407,
  "final_matched_text_score": 0.5,
  "final_position_score": 0.7692947141572796,
  "final_text_color_score": 0.3996097198187294,
  "final_clip_score": 0.8626722693443298
}