{
  "sum_areas": 0.10343425748824883,
  "final_score": 0.652963237169675,
  "final_size_score": 0.6121484914068396,
  "final_matched_text_score": 0.5,
  "final_position_score": 0.9126231373137313,
  "final_text_color_score": 0.4101286759708821,
  "final_clip_score": 0.8299158811569214
}