{
  "sum_areas": 0.145990374186551,
  "final_score": 0.5182721410530821,
  "final_size_score": 0.037399556824718745,
  "final_matched_text_score": 0.7407407407407408,
  "final_position_score": 0.6118336747810718,
  "final_text_color_score": 0.3766812513896434,
  "final_clip_score": 0.8247054815292358
}