{
  "sum_areas": 0.1536380642361111,
  "final_score": 0.5514118833324222,
  "final_size_score": 0.16264438230068698,
  "final_matched_text_score": 0.6171084859064399,
  "final_position_score": 0.6741125,
  "final_text_color_score": 0.6541596675422033,
  "final_clip_score": 0.6490343809127808
}