{
  "sum_areas": 0.19172150325953888,
  "final_score": 0.5658088324537025,
  "final_size_score": 0.008508181700225074,
  "final_matched_text_score": 0.5185185185185185,
  "final_position_score": 0.7243101710342325,
  "final_text_color_score": 0.81135690248862,
  "final_clip_score": 0.7663503885269165
}