{
  "sum_areas": 0.08161588438203547,
  "final_score": 0.6056632310401927,
  "final_size_score": 0.07489995995704456,
  "final_matched_text_score": 0.7708333333333333,
  "final_position_score": 0.3046653588928619,
  "final_text_color_score": 0.998391603130639,
  "final_clip_score": 0.879525899887085
}