{
  "sum_areas": 0.36620600576152296,
  "final_score": 0.6333999777867994,
  "final_size_score": 0.1572864765128998,
  "final_matched_text_score": 0.6249249217040628,
  "final_position_score": 0.7063537883057782,
  "final_text_color_score": 0.7707637872844556,
  "final_clip_score": 0.9076709151268005
}