{
  "sum_areas": 0.05531598383071687,
  "final_score": 0.5256376517325925,
  "final_size_score": 0.21114101406082153,
  "final_matched_text_score": 0.7238264099966228,
  "final_position_score": 0.4819080153818538,
  "final_text_color_score": 0.4445315487196665,
  "final_clip_score": 0.7667812705039978
}