{
  "sum_areas": 0.6623081134553018,
  "final_score": 0.5589135162547553,
  "final_size_score": 0.01865073816245337,
  "final_matched_text_score": 0.7,
  "final_position_score": 0.4633090982797519,
  "final_text_color_score": 0.825476852554807,
  "final_clip_score": 0.7871308922767639
}