{
  "sum_areas": 0.10506480830871498,
  "final_score": 0.6073398160175177,
  "final_size_score": 0.09875974715937066,
  "final_matched_text_score": 0.7318789584799437,
  "final_position_score": 0.5447018287488102,
  "final_text_color_score": 0.8217322930482494,
  "final_clip_score": 0.8396262526512146
}