{
  "sum_areas": 0.33170726118598454,
  "final_score": 0.4829586964683239,
  "final_size_score": 0.09320178013076472,
  "final_matched_text_score": 0.5248842592592593,
  "final_position_score": 0.3673943092992242,
  "final_text_color_score": 0.6317787870718657,
  "final_clip_score": 0.7975343465805054
}