{
  "sum_areas": 0.18484584275675742,
  "final_score": 0.6343857495029956,
  "final_size_score": 0.05636885615478517,
  "final_matched_text_score": 0.8736263736263736,
  "final_position_score": 0.7375594524050596,
  "final_text_color_score": 0.6840907120000547,
  "final_clip_score": 0.8202833533287048
}