{
  "sum_areas": 0.3608542905738383,
  "final_score": 0.6180716079477293,
  "final_size_score": 0.07924965413358562,
  "final_matched_text_score": 0.8846153846153846,
  "final_position_score": 0.5613233050815577,
  "final_text_color_score": 0.7604813614430912,
  "final_clip_score": 0.8046883344650269
}