{
  "sum_areas": 0.26449812971600783,
  "final_score": 0.5253559559645999,
  "final_size_score": 0.17998482877998673,
  "final_matched_text_score": 0.7760617760617761,
  "final_position_score": 0.28321697213256897,
  "final_text_color_score": 0.5849841260130353,
  "final_clip_score": 0.8025320768356323
}