{
  "sum_areas": 0.04735127000301933,
  "final_score": 0.7360876431576915,
  "final_size_score": 0.7780521859520328,
  "final_matched_text_score": 0.835820895522388,
  "final_position_score": 0.8006461352657005,
  "final_text_color_score": 0.45060649427996435,
  "final_clip_score": 0.8153125047683716
}