{
  "sum_areas": 0.1263040881618044,
  "final_score": 0.5384431040678639,
  "final_size_score": 0.031298940099365166,
  "final_matched_text_score": 0.5357142857142857,
  "final_position_score": 0.5541880515036917,
  "final_text_color_score": 0.7786611493978619,
  "final_clip_score": 0.792353093624115
}