{
  "sum_areas": 0.16585623752107478,
  "final_score": 0.6105774814026473,
  "final_size_score": 0.03808012243688179,
  "final_matched_text_score": 0.728937728937729,
  "final_position_score": 0.6126906488212428,
  "final_text_color_score": 0.8498092845868531,
  "final_clip_score": 0.8233696222305298
}