{
  "sum_areas": 0.15867539357470334,
  "final_score": 0.6154119143114084,
  "final_size_score": 0.07861478678787936,
  "final_matched_text_score": 0.6346153846153846,
  "final_position_score": 0.9877899137001079,
  "final_text_color_score": 0.5687277131534992,
  "final_clip_score": 0.8073117733001709
}