{
  "sum_areas": 0.16864605603317565,
  "final_score": 0.8119749707509958,
  "final_size_score": 0.6845799741064574,
  "final_matched_text_score": 0.9435547262576451,
  "final_position_score": 0.7820746906841339,
  "final_text_color_score": 0.8370662209731912,
  "final_clip_score": 0.812599241733551
}