{
  "sum_areas": 0.034819230731764,
  "final_score": 0.8581203130063447,
  "final_size_score": 0.7517763594630483,
  "final_matched_text_score": 1.0,
  "final_position_score": 0.8844121003599448,
  "final_text_color_score": 0.752477885444021,
  "final_clip_score": 0.9019352197647095
}