{
  "sum_areas": 0.504057528431443,
  "final_score": 0.8723265117419363,
  "final_size_score": 0.9694895802715996,
  "final_matched_text_score": 0.9464353218540879,
  "final_position_score": 0.748398922963517,
  "final_text_color_score": 0.7466721083305595,
  "final_clip_score": 0.950636625289917
}