{
  "sum_areas": 0.4912421677874416,
  "final_score": 0.9567085751278654,
  "final_size_score": 1.0,
  "final_matched_text_score": 0.9942167947653954,
  "final_position_score": 0.8377983577187087,
  "final_text_color_score": 0.9751961911537269,
  "final_clip_score": 0.9763315320014954
}