{
  "sum_areas": 0.23835923346920293,
  "final_score": 0.9234970381106149,
  "final_size_score": 0.9666617383674819,
  "final_matched_text_score": 0.9628072040660124,
  "final_position_score": 0.8002232301435067,
  "final_text_color_score": 0.981183959595946,
  "final_clip_score": 0.906609058380127
}