{
  "sum_areas": 0.5946491718567374,
  "final_score": 0.9237647427014878,
  "final_size_score": 1.0000000000000002,
  "final_matched_text_score": 0.954630814784373,
  "final_position_score": 0.9333940385944063,
  "final_text_color_score": 0.8319823937971776,
  "final_clip_score": 0.8988164663314819
}