{
  "sum_areas": 0.3396126744966393,
  "final_score": 0.7963817607948257,
  "final_size_score": 0.6499447871237266,
  "final_matched_text_score": 0.9371478781944229,
  "final_position_score": 0.8058255629974406,
  "final_text_color_score": 0.7071532672517081,
  "final_clip_score": 0.8818373084068298
}