{
  "sum_areas": 0.200199465597681,
  "final_score": 0.9157732192129487,
  "final_size_score": 0.976801774568035,
  "final_matched_text_score": 0.9825615954890854,
  "final_position_score": 0.8962515772866829,
  "final_text_color_score": 0.8076404180728998,
  "final_clip_score": 0.9156107306480408
}