{
  "sum_areas": 0.30131077254964844,
  "final_score": 0.8860331509277757,
  "final_size_score": 0.9968956900487438,
  "final_matched_text_score": 0.9947143499775079,
  "final_position_score": 0.75966796875,
  "final_text_color_score": 0.7355172843986981,
  "final_clip_score": 0.9433704614639282
}