{
  "sum_areas": 0.3562830453699816,
  "final_score": 0.9348437532347793,
  "final_size_score": 0.9972763805762602,
  "final_matched_text_score": 0.992468312570085,
  "final_position_score": 0.8919711574353322,
  "final_text_color_score": 0.8635688779068248,
  "final_clip_score": 0.9289340376853943
}