{
  "sum_areas": 0.1794083574246371,
  "final_score": 0.746273612835352,
  "final_size_score": 0.1367005831478285,
  "final_matched_text_score": 0.892063492063492,
  "final_position_score": 0.8491886649018834,
  "final_text_color_score": 0.9629156130268738,
  "final_clip_score": 0.8904997110366821
}