{
  "sum_areas": 0.19509843967851775,
  "final_score": 0.8618977380797711,
  "final_size_score": 0.9593600923191131,
  "final_matched_text_score": 0.9389316966439408,
  "final_position_score": 0.8427662951658487,
  "final_text_color_score": 0.692518655204889,
  "final_clip_score": 0.8759119510650635
}