{
  "sum_areas": 0.489954733688322,
  "final_score": 0.7329261396789004,
  "final_size_score": 0.044267889240692256,
  "final_matched_text_score": 1.0,
  "final_position_score": 0.8584968342289103,
  "final_text_color_score": 0.9200031771877774,
  "final_clip_score": 0.8418627977371216
}