{
  "sum_areas": 0.25527047506700445,
  "final_score": 0.9314625754751038,
  "final_size_score": 1.0,
  "final_matched_text_score": 0.9426811451531882,
  "final_position_score": 0.9321816775510285,
  "final_text_color_score": 0.8340738759298472,
  "final_clip_score": 0.9483761787414551
}