{
  "sum_areas": 0.5935258841652858,
  "final_score": 0.80773357606812,
  "final_size_score": 0.5319734409349044,
  "final_matched_text_score": 0.9686424637591731,
  "final_position_score": 0.9575934326143438,
  "final_text_color_score": 0.7139386746583074,
  "final_clip_score": 0.8665198683738708
}