{
  "sum_areas": 0.1423667107877079,
  "final_score": 0.8492622747353654,
  "final_size_score": 0.6274464643916641,
  "final_matched_text_score": 0.9577502624657839,
  "final_position_score": 0.9118372857918544,
  "final_text_color_score": 0.8245222645919779,
  "final_clip_score": 0.9247550964355469
}