{
  "sum_areas": 0.6474473673671723,
  "final_score": 0.8753735236485332,
  "final_size_score": 1.0,
  "final_matched_text_score": 0.9307534441887668,
  "final_position_score": 0.8402588296511326,
  "final_text_color_score": 0.650049923527217,
  "final_clip_score": 0.9558054208755493
}