{
  "sum_areas": 0.4049638962072691,
  "final_score": 0.8657474917955241,
  "final_size_score": 0.786886213050803,
  "final_matched_text_score": 0.9100697751963609,
  "final_position_score": 0.8355324831639462,
  "final_text_color_score": 0.8947614582887092,
  "final_clip_score": 0.9014875292778015
}