{
  "sum_areas": 0.2802743484812246,
  "final_score": 0.7506605330929053,
  "final_size_score": 0.32028752614651845,
  "final_matched_text_score": 0.9791979625312959,
  "final_position_score": 0.8183367747037387,
  "final_text_color_score": 0.7885665875382946,
  "final_clip_score": 0.8469138145446777
}