{
  "sum_areas": 0.21882892189120406,
  "final_score": 0.8567303148771599,
  "final_size_score": 0.7477480358855503,
  "final_matched_text_score": 0.9774797997261021,
  "final_position_score": 0.8422946930550647,
  "final_text_color_score": 0.7853420784415553,
  "final_clip_score": 0.9307869672775269
}