{
  "sum_areas": 0.22461991161286401,
  "final_score": 0.8508551048401737,
  "final_size_score": 0.8651448431354527,
  "final_matched_text_score": 0.9793618267813354,
  "final_position_score": 0.8296685500737946,
  "final_text_color_score": 0.6972118678928416,
  "final_clip_score": 0.8828884363174438
}