{
  "sum_areas": 0.2873055131863854,
  "final_score": 0.8139870280986315,
  "final_size_score": 0.395454183903527,
  "final_matched_text_score": 0.9681952809043376,
  "final_position_score": 0.8739186325833442,
  "final_text_color_score": 0.8912992878796282,
  "final_clip_score": 0.9410677552223206
}