{
  "sum_areas": 0.07295589126917527,
  "final_score": 0.8414356567145056,
  "final_size_score": 0.9999999999999998,
  "final_matched_text_score": 0.9744054428280825,
  "final_position_score": 0.7993004811155121,
  "final_text_color_score": 0.5316573028280912,
  "final_clip_score": 0.9018150568008423
}