{
  "sum_areas": 0.2573933111653707,
  "final_score": 0.8605258971674736,
  "final_size_score": 0.6224919159104128,
  "final_matched_text_score": 0.9622173303753887,
  "final_position_score": 0.9052137585035134,
  "final_text_color_score": 0.9081473456110415,
  "final_clip_score": 0.9045591354370117
}