{
  "sum_areas": 0.2143122060281016,
  "final_score": 0.8679642838498179,
  "final_size_score": 0.773200834629066,
  "final_matched_text_score": 0.9957671957671957,
  "final_position_score": 0.8399274324585682,
  "final_text_color_score": 0.8209093600769689,
  "final_clip_score": 0.9100165963172913
}