{
  "sum_areas": 0.2441311195836588,
  "final_score": 0.8662331904137313,
  "final_size_score": 0.9967678492851569,
  "final_matched_text_score": 0.9817072238631728,
  "final_position_score": 0.704899034983633,
  "final_text_color_score": 0.7521562390782953,
  "final_clip_score": 0.8956356048583984
}