{
  "sum_areas": 0.1842822512135922,
  "final_score": 0.9558818119614299,
  "final_size_score": 1.0000000000000002,
  "final_matched_text_score": 0.9997781721384206,
  "final_position_score": 0.9439167410714285,
  "final_text_color_score": 0.8926270456146337,
  "final_clip_score": 0.943087100982666
}