{
  "sum_areas": 0.10266804113511617,
  "final_score": 0.9061789339421497,
  "final_size_score": 0.9811539685454338,
  "final_matched_text_score": 0.9418530197031274,
  "final_position_score": 0.7544235779185247,
  "final_text_color_score": 0.9089628227590555,
  "final_clip_score": 0.9445012807846069
}