{
  "sum_areas": 0.07812803794285733,
  "final_score": 0.9286751701018269,
  "final_size_score": 0.927489273302041,
  "final_matched_text_score": 0.9945668745668744,
  "final_position_score": 0.9305831903544666,
  "final_text_color_score": 0.8959924140992594,
  "final_clip_score": 0.8947440981864929
}