{
  "sum_areas": 0.3346663190281597,
  "final_score": 0.9246306421035491,
  "final_size_score": 0.9071946434242832,
  "final_matched_text_score": 0.9638534485087219,
  "final_position_score": 0.946232037686256,
  "final_text_color_score": 0.8737737385522921,
  "final_clip_score": 0.9320993423461914
}