{
  "sum_areas": 0.18945807457778008,
  "final_score": 0.8517793484262,
  "final_size_score": 0.6558058549727319,
  "final_matched_text_score": 0.9912298228087701,
  "final_position_score": 0.8144388551551767,
  "final_text_color_score": 0.8680713562280121,
  "final_clip_score": 0.9293508529663086
}