{
  "sum_areas": 0.09692867255133103,
  "final_score": 0.9060680336122154,
  "final_size_score": 0.9999999999999999,
  "final_matched_text_score": 0.9846765820939051,
  "final_position_score": 0.8081110568136158,
  "final_text_color_score": 0.8582971151444622,
  "final_clip_score": 0.8792554140090942
}