{
  "sum_areas": 0.14850208562208178,
  "final_score": 0.8715740685795528,
  "final_size_score": 0.7486654056846781,
  "final_matched_text_score": 0.987306942853266,
  "final_position_score": 0.8246177640203309,
  "final_text_color_score": 0.8637989543041794,
  "final_clip_score": 0.9334812760353088
}