{
  "sum_areas": 0.1650836365472102,
  "final_score": 0.89292360034752,
  "final_size_score": 0.9821851954658363,
  "final_matched_text_score": 0.9770851834654913,
  "final_position_score": 0.84041074385783,
  "final_text_color_score": 0.7663601424982474,
  "final_clip_score": 0.8985767364501953
}