{
  "sum_areas": 0.06026028366868999,
  "final_score": 0.8948168134683236,
  "final_size_score": 0.8964829741845235,
  "final_matched_text_score": 0.9647435897435896,
  "final_position_score": 0.8196490069117893,
  "final_text_color_score": 0.8492848443296267,
  "final_clip_score": 0.9439236521720886
}