{
  "sum_areas": 0.10761354681485284,
  "final_score": 0.8989310398260764,
  "final_size_score": 0.9399215890440177,
  "final_matched_text_score": 0.9807491756767119,
  "final_position_score": 0.7987495372862342,
  "final_text_color_score": 0.8736234497891279,
  "final_clip_score": 0.9016114473342896
}