{
  "sum_areas": 0.1377302173339724,
  "final_score": 0.9378551058582071,
  "final_size_score": 0.9985072839552367,
  "final_matched_text_score": 0.9991834068267189,
  "final_position_score": 0.9023049688971133,
  "final_text_color_score": 0.8908967290480018,
  "final_clip_score": 0.8983831405639648
}