{
  "sum_areas": 0.3682624607277296,
  "final_score": 0.909142914269274,
  "final_size_score": 0.9849271291099545,
  "final_matched_text_score": 0.9355594369211068,
  "final_position_score": 0.909648228306961,
  "final_text_color_score": 0.7986611416399998,
  "final_clip_score": 0.9169186353683472
}