{
  "sum_areas": 0.17576528886504553,
  "final_score": 0.7300864661358893,
  "final_size_score": 0.3219979084272745,
  "final_matched_text_score": 0.9586994940974629,
  "final_position_score": 0.9458629542132077,
  "final_text_color_score": 0.5787131585575902,
  "final_clip_score": 0.8451588153839111
}