{
  "sum_areas": 0.06382372457350101,
  "final_score": 0.917001861961098,
  "final_size_score": 0.9663015796154046,
  "final_matched_text_score": 0.9988356620093148,
  "final_position_score": 0.8603784866320217,
  "final_text_color_score": 0.8623162429485898,
  "final_clip_score": 0.8971773386001587
}