{
  "sum_areas": 0.01630521064067794,
  "final_score": 0.8959246910274237,
  "final_size_score": 0.960545182274605,
  "final_matched_text_score": 0.9954594017094016,
  "final_position_score": 0.8320462925786706,
  "final_text_color_score": 0.8450470882904748,
  "final_clip_score": 0.8465254902839661
}