{
  "sum_areas": 0.15748792291327574,
  "final_score": 0.8700336745149024,
  "final_size_score": 0.7906754476414368,
  "final_matched_text_score": 0.9884609875437668,
  "final_position_score": 0.8300998789056075,
  "final_text_color_score": 0.8008851520124481,
  "final_clip_score": 0.9400469064712524
}