{
  "sum_areas": 0.18670744984341756,
  "final_score": 0.9400679005493988,
  "final_size_score": 0.9338627531183881,
  "final_matched_text_score": 0.9944420867203559,
  "final_position_score": 0.9416357946984268,
  "final_text_color_score": 0.8879810081786955,
  "final_clip_score": 0.9424178600311279
}