{
  "sum_areas": 0.18264131123642396,
  "final_score": 0.8785574609782714,
  "final_size_score": 0.9567881007975739,
  "final_matched_text_score": 0.9725825717183327,
  "final_position_score": 0.8640002173533,
  "final_text_color_score": 0.6803320448858897,
  "final_clip_score": 0.919084370136261
}