{
  "sum_areas": 0.11776176077707257,
  "final_score": 0.906431266451423,
  "final_size_score": 1.0,
  "final_matched_text_score": 0.9932628946191931,
  "final_position_score": 0.7969020885316661,
  "final_text_color_score": 0.8831780632786186,
  "final_clip_score": 0.8588132858276367
}