{
  "sum_areas": 0.10540725072516091,
  "final_score": 0.9084013734109306,
  "final_size_score": 1.0000000000000002,
  "final_matched_text_score": 0.9839676290463693,
  "final_position_score": 0.8576315368039285,
  "final_text_color_score": 0.8328916604023531,
  "final_clip_score": 0.867516040802002
}