{
  "sum_areas": 0.1774933945719504,
  "final_score": 0.8556731160830989,
  "final_size_score": 0.9940947850567033,
  "final_matched_text_score": 0.9790368065853157,
  "final_position_score": 0.8262281422948055,
  "final_text_color_score": 0.7194763750812699,
  "final_clip_score": 0.7595294713973999
}