{
  "sum_areas": 0.23468594324303796,
  "final_score": 0.8427650024027626,
  "final_size_score": 0.8036222846891963,
  "final_matched_text_score": 0.927126580235824,
  "final_position_score": 0.8074102762798241,
  "final_text_color_score": 0.7818139945501184,
  "final_clip_score": 0.8938518762588501
}