{
  "sum_areas": 0.32550280985520996,
  "final_score": 0.9142573997135774,
  "final_size_score": 0.9143604330371926,
  "final_matched_text_score": 0.9673196249832897,
  "final_position_score": 0.8959636544696089,
  "final_text_color_score": 0.8764410518096071,
  "final_clip_score": 0.9172022342681885
}