{
  "sum_areas": 0.33767090464288746,
  "final_score": 0.9407794432839531,
  "final_size_score": 0.9868071566710668,
  "final_matched_text_score": 0.9478381199629605,
  "final_position_score": 0.8336885118626371,
  "final_text_color_score": 0.9789495296458177,
  "final_clip_score": 0.9566138982772827
}