{
  "sum_areas": 0.2988070639521633,
  "final_score": 0.8582317357897161,
  "final_size_score": 0.9479564697505097,
  "final_matched_text_score": 0.9623604608346109,
  "final_position_score": 0.7406698405036125,
  "final_text_color_score": 0.7316992506561734,
  "final_clip_score": 0.9084726572036743
}