{
  "sum_areas": 0.3895153944838551,
  "final_score": 0.8531993301200365,
  "final_size_score": 0.6828220343183096,
  "final_matched_text_score": 0.8820369210178296,
  "final_position_score": 0.8299944986012003,
  "final_text_color_score": 0.9336370573844304,
  "final_clip_score": 0.9375061392784119
}