{
  "sum_areas": 0.2220887471348974,
  "final_score": 0.9697546030637612,
  "final_size_score": 0.9999999999999998,
  "final_matched_text_score": 0.9997781721384206,
  "final_position_score": 0.9707638853763745,
  "final_text_color_score": 0.9261935637572277,
  "final_clip_score": 0.9520373940467834
}