{
  "sum_areas": 0.36995444757048424,
  "final_score": 0.890674347524397,
  "final_size_score": 0.9012293823675687,
  "final_matched_text_score": 0.99162785538611,
  "final_position_score": 0.9061378481320831,
  "final_text_color_score": 0.8333096165380112,
  "final_clip_score": 0.8210670351982117
}