{
  "sum_areas": 0.3954639254298688,
  "final_score": 0.8353748724453554,
  "final_size_score": 0.6813643908542603,
  "final_matched_text_score": 0.9292321689039952,
  "final_position_score": 0.8160853360901611,
  "final_text_color_score": 0.8129536539317656,
  "final_clip_score": 0.9372388124465942
}