{
  "sum_areas": 0.20535305950799396,
  "final_score": 0.8936337234658626,
  "final_size_score": 0.7995175600446833,
  "final_matched_text_score": 0.9967067908244379,
  "final_position_score": 0.8953231442867225,
  "final_text_color_score": 0.8686728666345281,
  "final_clip_score": 0.9079482555389404
}