{
  "sum_areas": 0.2332181661800474,
  "final_score": 0.914536893732806,
  "final_size_score": 0.9728228059242738,
  "final_matched_text_score": 0.8818105121066396,
  "final_position_score": 0.9035601967952628,
  "final_text_color_score": 0.8860978879084408,
  "final_clip_score": 0.9283930659294128
}