{
  "sum_areas": 0.5338686877624668,
  "final_score": 0.9284271820382817,
  "final_size_score": 0.98675438379323,
  "final_matched_text_score": 0.9765549066436094,
  "final_position_score": 0.9424717799423695,
  "final_text_color_score": 0.8125521063908739,
  "final_clip_score": 0.9238027334213257
}