{
  "sum_areas": 0.27699271605553316,
  "final_score": 0.894270012674385,
  "final_size_score": 0.9486717054418025,
  "final_matched_text_score": 0.9591194117984762,
  "final_position_score": 0.8650322734660344,
  "final_text_color_score": 0.846620253865258,
  "final_clip_score": 0.851906418800354
}