{
  "sum_areas": 0.22830069883305987,
  "final_score": 0.9468047059278568,
  "final_size_score": 1.0000000000000002,
  "final_matched_text_score": 0.9992458521870287,
  "final_position_score": 0.9376142134525807,
  "final_text_color_score": 0.8548023475903724,
  "final_clip_score": 0.9423611164093018
}