{
  "sum_areas": 0.37693807014455794,
  "final_score": 0.9494141449913134,
  "final_size_score": 1.0000000000000002,
  "final_matched_text_score": 0.985937865420801,
  "final_position_score": 0.9143474935946979,
  "final_text_color_score": 0.9123619192857939,
  "final_clip_score": 0.9344234466552734
}