{
  "sum_areas": 0.08147312442425883,
  "final_score": 0.8606848932125788,
  "final_size_score": 0.986535625014729,
  "final_matched_text_score": 0.9722716334181688,
  "final_position_score": 0.9177533155101226,
  "final_text_color_score": 0.4956133795199279,
  "final_clip_score": 0.9312505125999451
}