{
  "sum_areas": 0.022634372260272873,
  "final_score": 0.9203258373725837,
  "final_size_score": 0.9135449429999093,
  "final_matched_text_score": 1.0,
  "final_position_score": 0.9579771736960873,
  "final_text_color_score": 0.752477885444021,
  "final_clip_score": 0.9776291847229004
}