{
  "sum_areas": 0.22269060925714415,
  "final_score": 0.9128001779592918,
  "final_size_score": 0.9861994605680058,
  "final_matched_text_score": 0.9193079779454656,
  "final_position_score": 0.8245327138688279,
  "final_text_color_score": 0.8895710961292164,
  "final_clip_score": 0.9443896412849426
}