{
  "sum_areas": 0.08661113607008368,
  "final_score": 0.963601746150194,
  "final_size_score": 0.9999165348068437,
  "final_matched_text_score": 0.9904014636157493,
  "final_position_score": 0.947931876469927,
  "final_text_color_score": 0.9246793599516198,
  "final_clip_score": 0.9550794959068298
}