{
  "sum_areas": 0.5421969070783299,
  "final_score": 0.9273181495179549,
  "final_size_score": 0.9979960825881512,
  "final_matched_text_score": 0.8992969753676939,
  "final_position_score": 0.9531970977145527,
  "final_text_color_score": 0.8257394688343539,
  "final_clip_score": 0.960361123085022
}