{
  "sum_areas": 0.29705502853396576,
  "final_score": 0.9176648510289853,
  "final_size_score": 0.9825251115594431,
  "final_matched_text_score": 0.972284482069538,
  "final_position_score": 0.9316933316122842,
  "final_text_color_score": 0.8231979635477653,
  "final_clip_score": 0.878623366355896
}