{
  "sum_areas": 0.22809871616202926,
  "final_score": 0.875761808926588,
  "final_size_score": 0.9869271842260094,
  "final_matched_text_score": 0.9855820105820106,
  "final_position_score": 0.7280578037956494,
  "final_text_color_score": 0.7571066204616433,
  "final_clip_score": 0.921135425567627
}