{
  "sum_areas": 0.5069031859851814,
  "final_score": 0.9043437441007637,
  "final_size_score": 0.9468575861778373,
  "final_matched_text_score": 0.882164031297525,
  "final_position_score": 0.9204319722012736,
  "final_text_color_score": 0.8348121588919101,
  "final_clip_score": 0.9374529719352722
}