{
  "sum_areas": 0.030608723958333334,
  "final_score": 0.9668551473732127,
  "final_size_score": 0.9004375149939777,
  "final_matched_text_score": 1.0,
  "final_position_score": 0.9578125000000001,
  "final_text_color_score": 0.9960362528207245,
  "final_clip_score": 0.9799894690513611
}