{
  "sum_areas": 0.08852796052631579,
  "final_score": 0.9696478255343666,
  "final_size_score": 1.0,
  "final_matched_text_score": 0.9916402116402117,
  "final_position_score": 0.918937969924812,
  "final_text_color_score": 0.965377821183103,
  "final_clip_score": 0.972283124923706
}