{
  "sum_areas": 0.12882069018026576,
  "final_score": 0.9073183923710337,
  "final_size_score": 0.8915704247163773,
  "final_matched_text_score": 0.9744503862150922,
  "final_position_score": 0.8597081362710092,
  "final_text_color_score": 0.8783566917919722,
  "final_clip_score": 0.9325063228607178
}