{
  "sum_areas": 0.2223067013410719,
  "final_score": 0.6891301308658065,
  "final_size_score": 0.13863978108151723,
  "final_matched_text_score": 0.9538187631712813,
  "final_position_score": 0.6763033296083604,
  "final_text_color_score": 0.8013143109015283,
  "final_clip_score": 0.8755744695663452
}