{
  "sum_areas": 0.4168283148445688,
  "final_score": 0.9040672642065467,
  "final_size_score": 0.9746788179084817,
  "final_matched_text_score": 0.9646898823752675,
  "final_position_score": 0.8373661443205989,
  "final_text_color_score": 0.8562360160325727,
  "final_clip_score": 0.887365460395813
}