{
  "sum_areas": 0.2543507736495232,
  "final_score": 0.8210076302182667,
  "final_size_score": 0.7545229172827719,
  "final_matched_text_score": 0.9881605059649794,
  "final_position_score": 0.8862733120670556,
  "final_text_color_score": 0.5286385265629642,
  "final_clip_score": 0.947442889213562
}