{
  "sum_areas": 0.343564898638237,
  "final_score": 0.9621532622805861,
  "final_size_score": 1.0,
  "final_matched_text_score": 0.9995702618233282,
  "final_position_score": 0.9341076760422126,
  "final_text_color_score": 0.9565291460708064,
  "final_clip_score": 0.9205592274665833
}