{
  "sum_areas": 0.30218550493523644,
  "final_score": 0.9030063424568372,
  "final_size_score": 0.7922974028024828,
  "final_matched_text_score": 0.9856729602112638,
  "final_position_score": 0.9256755030973706,
  "final_text_color_score": 0.9212542534225189,
  "final_clip_score": 0.8901315927505493
}