{
  "sum_areas": 0.26761565530133735,
  "final_score": 0.9168028414053602,
  "final_size_score": 0.9211935664311509,
  "final_matched_text_score": 0.9778302701430904,
  "final_position_score": 0.8999398260255574,
  "final_text_color_score": 0.8775656553965462,
  "final_clip_score": 0.9074848890304565
}