{
  "sum_areas": 0.2388647723454301,
  "final_score": 0.939010271872728,
  "final_size_score": 0.9832050436840312,
  "final_matched_text_score": 0.9926943168143529,
  "final_position_score": 0.7955317598659647,
  "final_text_color_score": 0.9883760959901049,
  "final_clip_score": 0.9352441430091858
}