{
  "sum_areas": 0.1573117949924416,
  "final_score": 0.7799587831517295,
  "final_size_score": 0.20644687059894276,
  "final_matched_text_score": 0.9483100175622959,
  "final_position_score": 0.907084079569598,
  "final_text_color_score": 0.8765541676818936,
  "final_clip_score": 0.9613987803459167
}