{
  "sum_areas": 0.16559961780422636,
  "final_score": 0.726453384806774,
  "final_size_score": 0.24538485453123754,
  "final_matched_text_score": 0.9877561827431648,
  "final_position_score": 0.6880390563151115,
  "final_text_color_score": 0.8480418532562457,
  "final_clip_score": 0.8630449771881104
}