{
  "sum_areas": 0.29894222624962513,
  "final_score": 0.9404714514554331,
  "final_size_score": 1.0,
  "final_matched_text_score": 0.943723573895312,
  "final_position_score": 0.9144932574648241,
  "final_text_color_score": 0.8679540312255618,
  "final_clip_score": 0.9761863946914673
}