{
  "sum_areas": 0.1481978466706631,
  "final_score": 0.9240047409252492,
  "final_size_score": 0.9946856840618209,
  "final_matched_text_score": 0.9949254410855166,
  "final_position_score": 0.7857256087192461,
  "final_text_color_score": 0.9134046888840517,
  "final_clip_score": 0.9312822818756104
}