{
  "sum_areas": 0.38606315664713053,
  "final_score": 0.914023247350344,
  "final_size_score": 0.9332427342779465,
  "final_matched_text_score": 0.9885877318116977,
  "final_position_score": 0.9229204826448851,
  "final_text_color_score": 0.9162585804442538,
  "final_clip_score": 0.809106707572937
}