{
  "sum_areas": 0.18537070708176434,
  "final_score": 0.7781296167595182,
  "final_size_score": 0.49253027755064016,
  "final_matched_text_score": 0.9370762178966411,
  "final_position_score": 0.8953237103676566,
  "final_text_color_score": 0.7053579708323844,
  "final_clip_score": 0.8603599071502686
}