{
  "sum_areas": 0.23915907118055554,
  "final_score": 0.9610503474917085,
  "final_size_score": 0.9790117463442962,
  "final_matched_text_score": 0.991943241943242,
  "final_position_score": 0.8924840856481482,
  "final_text_color_score": 0.9804545931493203,
  "final_clip_score": 0.9613580703735352
}