{
  "sum_areas": 0.1563709959639643,
  "final_score": 0.9092463709095793,
  "final_size_score": 1.0000000000000002,
  "final_matched_text_score": 0.9969409192957576,
  "final_position_score": 0.8639000584919545,
  "final_text_color_score": 0.7960322370430813,
  "final_clip_score": 0.889358639717102
}