{
  "sum_areas": 0.5865372209548806,
  "final_score": 0.9505143696284671,
  "final_size_score": 0.9954548822874899,
  "final_matched_text_score": 0.9484531296786858,
  "final_position_score": 0.9607269852372102,
  "final_text_color_score": 0.9308687271215059,
  "final_clip_score": 0.9170681238174438
}