{
  "sum_areas": 0.25416825361025447,
  "final_score": 0.9605185956359116,
  "final_size_score": 0.9963199100738962,
  "final_matched_text_score": 0.9950450450450451,
  "final_position_score": 0.9081427043921254,
  "final_text_color_score": 0.9666614209252654,
  "final_clip_score": 0.9364238977432251
}