{
  "sum_areas": 0.11688888844825396,
  "final_score": 0.9352826626381886,
  "final_size_score": 0.9885557280428774,
  "final_matched_text_score": 0.9582088718026425,
  "final_position_score": 0.9025351346338244,
  "final_text_color_score": 0.865778873358815,
  "final_clip_score": 0.9613347053527832
}