{
  "sum_areas": 0.7804634388352366,
  "final_score": 0.8910413989778313,
  "final_size_score": 0.8997376972739338,
  "final_matched_text_score": 0.9218694859267322,
  "final_position_score": 0.8706368736227785,
  "final_text_color_score": 0.8407935507251667,
  "final_clip_score": 0.9221693873405457
}