{
  "sum_areas": 0.17750460246927924,
  "final_score": 0.9301286402881179,
  "final_size_score": 0.9898830223320919,
  "final_matched_text_score": 0.9860226143101655,
  "final_position_score": 0.8687185720956127,
  "final_text_color_score": 0.916677757541892,
  "final_clip_score": 0.8893412351608276
}