{
  "sum_areas": 0.4607435364998621,
  "final_score": 0.8355360658824758,
  "final_size_score": 0.5019687281740065,
  "final_matched_text_score": 0.936757086174327,
  "final_position_score": 0.9080824523345942,
  "final_text_color_score": 0.921692375229451,
  "final_clip_score": 0.9091796875
}