{
  "sum_areas": 0.13970794028686168,
  "final_score": 0.9442167831987978,
  "final_size_score": 0.9986245600885453,
  "final_matched_text_score": 0.9942492043402053,
  "final_position_score": 0.8856045503562003,
  "final_text_color_score": 0.9292876824315716,
  "final_clip_score": 0.9133179187774658
}