{
  "sum_areas": 0.4771480520185418,
  "final_score": 0.9034982699186719,
  "final_size_score": 0.8598892021673679,
  "final_matched_text_score": 0.9512770042252523,
  "final_position_score": 0.9448929764841077,
  "final_text_color_score": 0.8294339138479792,
  "final_clip_score": 0.9319982528686523
}