{
  "sum_areas": 0.03573473742505327,
  "final_score": 0.7751662717245709,
  "final_size_score": 0.3221392838709148,
  "final_matched_text_score": 1.0,
  "final_position_score": 0.8963521468984439,
  "final_text_color_score": 0.7859808775796001,
  "final_clip_score": 0.8713590502738953
}