{
  "sum_areas": 0.5013576095050003,
  "final_score": 0.8021843809857011,
  "final_size_score": 0.43698661679220885,
  "final_matched_text_score": 0.9261913500329936,
  "final_position_score": 0.9021004779904729,
  "final_text_color_score": 0.8896468513786988,
  "final_clip_score": 0.8559966087341309
}