{
  "sum_areas": 0.524273868937448,
  "final_score": 0.9251753011278949,
  "final_size_score": 0.9973088365164369,
  "final_matched_text_score": 0.98091697645601,
  "final_position_score": 0.8871091487560121,
  "final_text_color_score": 0.905834183643376,
  "final_clip_score": 0.8547073602676392
}