{
  "sum_areas": 0.2157913461538462,
  "final_score": 0.9279339596130897,
  "final_size_score": 0.9751837675579894,
  "final_matched_text_score": 0.980786204696677,
  "final_position_score": 0.9438504449224022,
  "final_text_color_score": 0.8591799062866343,
  "final_clip_score": 0.8806694746017456
}