{
  "sum_areas": 0.10129462517732381,
  "final_score": 0.9249172246556591,
  "final_size_score": 0.98436045953953,
  "final_matched_text_score": 0.9291445758390207,
  "final_position_score": 0.8892878271352533,
  "final_text_color_score": 0.8915159131997944,
  "final_clip_score": 0.9302773475646973
}