{
  "sum_areas": 0.19030805443914092,
  "final_score": 0.799923923060932,
  "final_size_score": 0.4015999806321034,
  "final_matched_text_score": 0.9908741407423886,
  "final_position_score": 0.8497581459238196,
  "final_text_color_score": 0.8383887489539189,
  "final_clip_score": 0.9189985990524292
}