{
  "sum_areas": 0.6454173967133898,
  "final_score": 0.8948063532316741,
  "final_size_score": 0.9979321824581384,
  "final_matched_text_score": 0.9997348183505702,
  "final_position_score": 0.9027097289782101,
  "final_text_color_score": 0.7125180038626024,
  "final_clip_score": 0.8611370325088501
}