{
  "sum_areas": 0.3824255400681772,
  "final_score": 0.8611448824864593,
  "final_size_score": 0.7928394450273778,
  "final_matched_text_score": 0.9787739553331428,
  "final_position_score": 0.8474388971447703,
  "final_text_color_score": 0.7990051742379186,
  "final_clip_score": 0.8876669406890869
}