{
  "sum_areas": 0.20619457780332642,
  "final_score": 0.8820923249876395,
  "final_size_score": 0.9928189159788756,
  "final_matched_text_score": 0.9880935635562205,
  "final_position_score": 0.8814653787831748,
  "final_text_color_score": 0.6146504127190168,
  "final_clip_score": 0.9334333539009094
}