{
  "sum_areas": 0.09437131283315123,
  "final_score": 0.8854513205129945,
  "final_size_score": 0.7832501413971243,
  "final_matched_text_score": 0.9996308600959765,
  "final_position_score": 0.92110161073352,
  "final_text_color_score": 0.8633027650766627,
  "final_clip_score": 0.8599712252616882
}