{
  "sum_areas": 0.19579963555523883,
  "final_score": 0.9244777026358618,
  "final_size_score": 0.995222861232637,
  "final_matched_text_score": 0.9951635191156148,
  "final_position_score": 0.7426682692307692,
  "final_text_color_score": 0.9600359395585394,
  "final_clip_score": 0.929297924041748
}