{
  "sum_areas": 0.10015873576107649,
  "final_score": 0.9128575963506382,
  "final_size_score": 0.9591930646730477,
  "final_matched_text_score": 0.970879754869468,
  "final_position_score": 0.8408614509749062,
  "final_text_color_score": 0.8464655028464869,
  "final_clip_score": 0.9468882083892822
}