{
  "sum_areas": 0.34465062250625816,
  "final_score": 0.9013584926227743,
  "final_size_score": 0.9861848063712316,
  "final_matched_text_score": 0.9816091839682926,
  "final_position_score": 0.9321899324010748,
  "final_text_color_score": 0.7164617748550847,
  "final_clip_score": 0.8903467655181885
}