{
  "sum_areas": 0.3403884041345147,
  "final_score": 0.7061707857755821,
  "final_size_score": 0.2965689031658586,
  "final_matched_text_score": 0.9662313057818714,
  "final_position_score": 0.8294539232333573,
  "final_text_color_score": 0.6007970289432218,
  "final_clip_score": 0.8378027677536011
}