{
  "sum_areas": 0.2535072452330115,
  "final_score": 0.9066503049979971,
  "final_size_score": 0.9911686706701758,
  "final_matched_text_score": 0.9914899170693872,
  "final_position_score": 0.9374979269159509,
  "final_text_color_score": 0.7522492061199939,
  "final_clip_score": 0.8608458042144775
}