{
  "sum_areas": 0.19130964936865708,
  "final_score": 0.8982124880620639,
  "final_size_score": 0.9795955552989659,
  "final_matched_text_score": 0.9632713621862113,
  "final_position_score": 0.7761860697046107,
  "final_text_color_score": 0.8992731779244556,
  "final_clip_score": 0.8727362751960754
}