{
  "sum_areas": 0.22711407116533802,
  "final_score": 0.9513681496550103,
  "final_size_score": 0.997686290015819,
  "final_matched_text_score": 0.9812517709076549,
  "final_position_score": 0.9531594138806767,
  "final_text_color_score": 0.9002584840994102,
  "final_clip_score": 0.9244847893714905
}