{
  "sum_areas": 0.25511396500133654,
  "final_score": 0.9300604277457405,
  "final_size_score": 1.0,
  "final_matched_text_score": 0.9989089436984129,
  "final_position_score": 0.917073411193719,
  "final_text_color_score": 0.8535533920824202,
  "final_clip_score": 0.8807663917541504
}