{
  "sum_areas": 0.11128728552095749,
  "final_score": 0.9320587653710842,
  "final_size_score": 0.8252166053289454,
  "final_matched_text_score": 0.9996629592180655,
  "final_position_score": 0.8883844926960438,
  "final_text_color_score": 0.9827696682940068,
  "final_clip_score": 0.9642601013183594
}