{
  "sum_areas": 0.0047037760416666664,
  "final_score": 0.9618238270158465,
  "final_size_score": 0.9651672433679355,
  "final_matched_text_score": 1.0,
  "final_position_score": 0.9902777777777778,
  "final_text_color_score": 0.90567845124431,
  "final_clip_score": 0.947995662689209
}