{
  "sum_areas": 0.18143725342711375,
  "final_score": 0.9166194221860746,
  "final_size_score": 0.9571693610862918,
  "final_matched_text_score": 0.990590054940536,
  "final_position_score": 0.9233154879678219,
  "final_text_color_score": 0.7609243609045344,
  "final_clip_score": 0.951097846031189
}