{
  "sum_areas": 0.22426165993836375,
  "final_score": 0.9338747685195141,
  "final_size_score": 0.9966368850639512,
  "final_matched_text_score": 0.9878560156717636,
  "final_position_score": 0.9521764467819224,
  "final_text_color_score": 0.7903424846009598,
  "final_clip_score": 0.9423620104789734
}