{
  "sum_areas": 0.06901760069299613,
  "final_score": 0.8721192610217772,
  "final_size_score": 0.9880792940410652,
  "final_matched_text_score": 0.9746935802524841,
  "final_position_score": 0.9436012771783691,
  "final_text_color_score": 0.5265650262565967,
  "final_clip_score": 0.9276571273803711
}