{
  "sum_areas": 0.16873562997356228,
  "final_score": 0.9705661501816313,
  "final_size_score": 1.0000000000000002,
  "final_matched_text_score": 0.9920840710338538,
  "final_position_score": 0.9729320902409755,
  "final_text_color_score": 0.9152630053895524,
  "final_clip_score": 0.9725515842437744
}