{
  "sum_areas": 0.7514967542431038,
  "final_score": 0.9251224806298675,
  "final_size_score": 0.8266449003799476,
  "final_matched_text_score": 0.9637030525290735,
  "final_position_score": 0.9551967112120071,
  "final_text_color_score": 0.986485156554554,
  "final_clip_score": 0.8935825824737549
}