{
  "sum_areas": 0.33049178024241854,
  "final_score": 0.8545494889078054,
  "final_size_score": 0.9662774683138109,
  "final_matched_text_score": 0.9761247648472602,
  "final_position_score": 0.6059126447290875,
  "final_text_color_score": 0.7838119058670076,
  "final_clip_score": 0.9406206607818604
}