{
  "sum_areas": 0.37417758807032564,
  "final_score": 0.955176765625147,
  "final_size_score": 1.0,
  "final_matched_text_score": 0.9997884045704611,
  "final_position_score": 0.9482036501036224,
  "final_text_color_score": 0.9530914490116482,
  "final_clip_score": 0.8748003244400024
}