{
  "sum_areas": 0.4290125385889537,
  "final_score": 0.8791105451077978,
  "final_size_score": 0.9584209064206892,
  "final_matched_text_score": 0.8780199005114272,
  "final_position_score": 0.890236630162632,
  "final_text_color_score": 0.7325858587796296,
  "final_clip_score": 0.9362894296646118
}