{
  "sum_areas": 0.4962423088410016,
  "final_score": 0.9275485065066015,
  "final_size_score": 0.9996710132667643,
  "final_matched_text_score": 0.9023943492227715,
  "final_position_score": 0.9400316214965571,
  "final_text_color_score": 0.8470534817820827,
  "final_clip_score": 0.9485920667648315
}