{
  "sum_areas": 0.14184695937228378,
  "final_score": 0.9148791549471785,
  "final_size_score": 0.9999999999999998,
  "final_matched_text_score": 0.9978277237190154,
  "final_position_score": 0.8617437860221229,
  "final_text_color_score": 0.8085626420890235,
  "final_clip_score": 0.9062616229057312
}