{
  "sum_areas": 0.19992621619286904,
  "final_score": 0.8964580691699248,
  "final_size_score": 0.82543845271267,
  "final_matched_text_score": 0.9953509396932708,
  "final_position_score": 0.9019838942392162,
  "final_text_color_score": 0.8532428597186872,
  "final_clip_score": 0.9062741994857788
}