{
  "sum_areas": 0.15402829492232817,
  "final_score": 0.9353017314196255,
  "final_size_score": 0.9084515016656154,
  "final_matched_text_score": 0.9389782001277517,
  "final_position_score": 0.9339156796321172,
  "final_text_color_score": 0.9419113177792715,
  "final_clip_score": 0.9532519578933716
}