{
  "sum_areas": 0.47859428731119696,
  "final_score": 0.9495407327229956,
  "final_size_score": 1.0000000000000002,
  "final_matched_text_score": 0.9664922447338298,
  "final_position_score": 0.9458692575270009,
  "final_text_color_score": 0.9331736490097867,
  "final_clip_score": 0.9021685123443604
}