{
  "sum_areas": 0.10556751995193864,
  "final_score": 0.8834327679649192,
  "final_size_score": 0.9311224097257687,
  "final_matched_text_score": 0.9687592017939252,
  "final_position_score": 0.769120907844701,
  "final_text_color_score": 0.8969317124012715,
  "final_clip_score": 0.8512296080589294
}