{
  "sum_areas": 0.04236594043349203,
  "final_score": 0.9223951092050113,
  "final_size_score": 0.8489772378848114,
  "final_matched_text_score": 0.9769230769230769,
  "final_position_score": 0.9496412488174938,
  "final_text_color_score": 0.9281544442450727,
  "final_clip_score": 0.908279538154602
}