{
  "sum_areas": 0.18946238663170545,
  "final_score": 0.8689746476709758,
  "final_size_score": 0.6411370483350868,
  "final_matched_text_score": 0.9867094212502562,
  "final_position_score": 0.8647647900894228,
  "final_text_color_score": 0.913793522411802,
  "final_clip_score": 0.9384684562683105
}