{
  "sum_areas": 0.1780963009914977,
  "final_score": 0.8871023813419623,
  "final_size_score": 0.9775354016704358,
  "final_matched_text_score": 0.9756947570861,
  "final_position_score": 0.8854730170954134,
  "final_text_color_score": 0.6800935857467776,
  "final_clip_score": 0.916715145111084
}