{
  "sum_areas": 0.07134535724318157,
  "final_score": 0.8986589579019508,
  "final_size_score": 0.8903594903750103,
  "final_matched_text_score": 0.9998274672187715,
  "final_position_score": 0.8482497889097994,
  "final_text_color_score": 0.8449296019585046,
  "final_clip_score": 0.9099284410476685
}