{
  "sum_areas": 0.03495847944192734,
  "final_score": 0.9189374398107056,
  "final_size_score": 0.8770205456503679,
  "final_matched_text_score": 0.9951923076923077,
  "final_position_score": 0.9290071604732797,
  "final_text_color_score": 0.8945093366886838,
  "final_clip_score": 0.8989578485488892
}