{
  "sum_areas": 0.10039410966523504,
  "final_score": 0.9142175919174367,
  "final_size_score": 0.980727105015792,
  "final_matched_text_score": 0.9416574584726373,
  "final_position_score": 0.7686510343648394,
  "final_text_color_score": 0.9253312685561196,
  "final_clip_score": 0.9547210931777954
}