{
  "sum_areas": 0.34037257684199074,
  "final_score": 0.8821867991743318,
  "final_size_score": 0.8082219668594928,
  "final_matched_text_score": 0.9585820803356689,
  "final_position_score": 0.9338539304302604,
  "final_text_color_score": 0.788008998497549,
  "final_clip_score": 0.9222670197486877
}