{
  "sum_areas": 0.19528965291634995,
  "final_score": 0.789661437493971,
  "final_size_score": 0.2938967635730149,
  "final_matched_text_score": 1.0,
  "final_position_score": 0.8022786458333333,
  "final_text_color_score": 0.9328160823008717,
  "final_clip_score": 0.9193156957626343
}