{
  "sum_areas": 0.05734489217836257,
  "final_score": 0.8002366868934868,
  "final_size_score": 0.4062829531234084,
  "final_matched_text_score": 0.9910822510822511,
  "final_position_score": 0.7627343750000001,
  "final_text_color_score": 0.9693957277440743,
  "final_clip_score": 0.8716881275177002
}