{
  "sum_areas": 0.1030251736111111,
  "final_score": 0.9316910227780121,
  "final_size_score": 1.0,
  "final_matched_text_score": 0.8742400047831219,
  "final_position_score": 0.9215277777777777,
  "final_text_color_score": 0.9437057792051372,
  "final_clip_score": 0.9189815521240234
}