{
  "sum_areas": 0.35938100415448365,
  "final_score": 0.9050709358027798,
  "final_size_score": 0.9839830701862914,
  "final_matched_text_score": 0.939502319174105,
  "final_position_score": 0.8852544987888028,
  "final_text_color_score": 0.7900791248757771,
  "final_clip_score": 0.9265356659889221
}