{
  "sum_areas": 0.536136632205342,
  "final_score": 0.9053720969760797,
  "final_size_score": 0.9998078437998197,
  "final_matched_text_score": 0.90215950158479,
  "final_position_score": 0.9092588461121592,
  "final_text_color_score": 0.7616370986166305,
  "final_clip_score": 0.9539971947669983
}