{
  "sum_areas": 0.2363421166849415,
  "final_score": 0.8050383954980728,
  "final_size_score": 0.4031405515839887,
  "final_matched_text_score": 0.974643940421373,
  "final_position_score": 0.7242612741790373,
  "final_text_color_score": 0.9856936566032061,
  "final_clip_score": 0.9374525547027588
}