{
  "sum_areas": 0.3422950603172402,
  "final_score": 0.7094448796190559,
  "final_size_score": 0.16110326403555847,
  "final_matched_text_score": 0.9789189292396991,
  "final_position_score": 0.7396032261356815,
  "final_text_color_score": 0.7526492039422139,
  "final_clip_score": 0.9149497747421265
}