{
  "sum_areas": 0.674602315283839,
  "final_score": 0.8967832229112201,
  "final_size_score": 0.9960203301220719,
  "final_matched_text_score": 0.9253758596708748,
  "final_position_score": 0.8707186865944457,
  "final_text_color_score": 0.7469385148181834,
  "final_clip_score": 0.9448627233505249
}