{
  "sum_areas": 0.25953724368501646,
  "final_score": 0.7649048815634476,
  "final_size_score": 0.38424735793038206,
  "final_matched_text_score": 0.9625009093580036,
  "final_position_score": 0.8024292029505993,
  "final_text_color_score": 0.8678275016956841,
  "final_clip_score": 0.8075194358825684
}