{
  "sum_areas": 0.024556835889047567,
  "final_score": 0.90520812530966,
  "final_size_score": 0.9207622213425496,
  "final_matched_text_score": 1.0,
  "final_position_score": 0.9084187771194927,
  "final_text_color_score": 0.7565108836938625,
  "final_clip_score": 0.940348744392395
}