{
  "sum_areas": 0.43001003862789033,
  "final_score": 0.8428980543037974,
  "final_size_score": 0.5629451923051484,
  "final_matched_text_score": 0.9561394778705806,
  "final_position_score": 0.7560282135034202,
  "final_text_color_score": 0.9825121963801815,
  "final_clip_score": 0.9568651914596558
}