{
  "sum_areas": 0.11681477679922095,
  "final_score": 0.8970192772638601,
  "final_size_score": 0.9736912519255139,
  "final_matched_text_score": 0.8940827527202403,
  "final_position_score": 0.8276883637503107,
  "final_text_color_score": 0.8345369982508422,
  "final_clip_score": 0.9550970196723938
}