{
  "sum_areas": 0.2082370178173685,
  "final_score": 0.7928407973791836,
  "final_size_score": 0.41360914111885133,
  "final_matched_text_score": 0.9459655172331082,
  "final_position_score": 0.8842560644160364,
  "final_text_color_score": 0.828836909109306,
  "final_clip_score": 0.8915363550186157
}