{
  "sum_areas": 0.22608958097094373,
  "final_score": 0.8776799975477918,
  "final_size_score": 0.8602417451391392,
  "final_matched_text_score": 0.9821940403801886,
  "final_position_score": 0.9046957869936155,
  "final_text_color_score": 0.7200663516655298,
  "final_clip_score": 0.9212020635604858
}