{
  "sum_areas": 0.46073610342721943,
  "final_score": 0.9168345650646746,
  "final_size_score": 0.9411855307427075,
  "final_matched_text_score": 0.9447896130656999,
  "final_position_score": 0.9278543810876184,
  "final_text_color_score": 0.8388531175507599,
  "final_clip_score": 0.9314901828765869
}