{
  "sum_areas": 0.31890832747408915,
  "final_score": 0.9245539484303196,
  "final_size_score": 1.0,
  "final_matched_text_score": 0.9421084589744224,
  "final_position_score": 0.9010830291234664,
  "final_text_color_score": 0.824485049078581,
  "final_clip_score": 0.9550932049751282
}