{
  "sum_areas": 0.12360156794691039,
  "final_score": 0.8542263712978105,
  "final_size_score": 0.8379079855747956,
  "final_matched_text_score": 0.9848484848484849,
  "final_position_score": 0.8622225660751407,
  "final_text_color_score": 0.6426575464005437,
  "final_clip_score": 0.9434952735900879
}