{
  "sum_areas": 0.4676095822944563,
  "final_score": 0.8885951786963127,
  "final_size_score": 0.9626794394398217,
  "final_matched_text_score": 0.8736139963870753,
  "final_position_score": 0.8920698729750777,
  "final_text_color_score": 0.7926834636621319,
  "final_clip_score": 0.921929121017456
}