{
  "sum_areas": 0.5608472285094724,
  "final_score": 0.9503101384659234,
  "final_size_score": 1.0000000000000002,
  "final_matched_text_score": 0.9534005983974487,
  "final_position_score": 0.922258963403602,
  "final_text_color_score": 0.9396912270404069,
  "final_clip_score": 0.9361999034881592
}