{
  "sum_areas": 0.24566215920604215,
  "final_score": 0.8100301840991169,
  "final_size_score": 0.49871366284263907,
  "final_matched_text_score": 0.9883164572248162,
  "final_position_score": 0.8761944706692049,
  "final_text_color_score": 0.7812703496487554,
  "final_clip_score": 0.9056559801101685
}