{
  "sum_areas": 0.09417234728059962,
  "final_score": 0.8326148253073704,
  "final_size_score": 1.0,
  "final_matched_text_score": 0.970179777698693,
  "final_position_score": 0.7948125,
  "final_text_color_score": 0.4836085536263672,
  "final_clip_score": 0.914473295211792
}