{
  "sum_areas": 0.07078884548611111,
  "final_score": 0.9397477859834051,
  "final_size_score": 1.0,
  "final_matched_text_score": 0.910957459909725,
  "final_position_score": 0.9057539682539683,
  "final_text_color_score": 0.9587736079010983,
  "final_clip_score": 0.9232538938522339
}