{
  "sum_areas": 0.1965161408936494,
  "final_score": 0.9115492793380261,
  "final_size_score": 0.9956907434378566,
  "final_matched_text_score": 0.9458631885308614,
  "final_position_score": 0.9274485140458739,
  "final_text_color_score": 0.7703753131137402,
  "final_clip_score": 0.9183686375617981
}