{
  "sum_areas": 0.49562213948753786,
  "final_score": 0.9389372217540587,
  "final_size_score": 0.998366121507252,
  "final_matched_text_score": 0.9651014532262125,
  "final_position_score": 0.9035655317847152,
  "final_text_color_score": 0.9095493073363417,
  "final_clip_score": 0.9181036949157715
}