{
  "sum_areas": 0.4512573904692037,
  "final_score": 0.8301830583876839,
  "final_size_score": 0.6117789674375285,
  "final_matched_text_score": 0.8852102727599055,
  "final_position_score": 0.9212190927367471,
  "final_text_color_score": 0.78389662003024,
  "final_clip_score": 0.948810338973999
}