{
  "sum_areas": 0.03871527777777778,
  "final_score": 0.9370349444527588,
  "final_size_score": 1.0,
  "final_matched_text_score": 1.0,
  "final_position_score": 0.8239583333333333,
  "final_text_color_score": 0.9839651214972933,
  "final_clip_score": 0.8772512674331665
}