{
  "sum_areas": 0.49876310957254677,
  "final_score": 0.9103744439741606,
  "final_size_score": 0.9997322922952598,
  "final_matched_text_score": 0.936873185557452,
  "final_position_score": 0.8165170179055217,
  "final_text_color_score": 0.8936341197119344,
  "final_clip_score": 0.9051156044006348
}