{
  "sum_areas": 0.3592822958221065,
  "final_score": 0.925390827126422,
  "final_size_score": 0.9061856363804507,
  "final_matched_text_score": 0.9800934390514461,
  "final_position_score": 0.9446271101024906,
  "final_text_color_score": 0.8750759604660692,
  "final_clip_score": 0.9209719896316528
}