{
  "sum_areas": 0.27893914491972066,
  "final_score": 0.8788839054131796,
  "final_size_score": 0.965506936014382,
  "final_matched_text_score": 0.9507883562869999,
  "final_position_score": 0.8193092732666012,
  "final_text_color_score": 0.7541714258839013,
  "final_clip_score": 0.9046435356140137
}