{
  "sum_areas": 0.10198027971564817,
  "final_score": 0.8948761066111146,
  "final_size_score": 0.9082089338467538,
  "final_matched_text_score": 0.961937974764671,
  "final_position_score": 0.8038610635951772,
  "final_text_color_score": 0.8700417479179103,
  "final_clip_score": 0.9303308129310608
}