{
  "sum_areas": 0.13083134383288253,
  "final_score": 0.9081447915605306,
  "final_size_score": 0.9822802156897454,
  "final_matched_text_score": 0.9370455517536356,
  "final_position_score": 0.8656779242226059,
  "final_text_color_score": 0.8367432439656461,
  "final_clip_score": 0.9189770221710205
}