{
  "sum_areas": 0.16281640241329576,
  "final_score": 0.9123119172450953,
  "final_size_score": 0.9955682290997493,
  "final_matched_text_score": 0.994331983805668,
  "final_position_score": 0.7534717413809235,
  "final_text_color_score": 0.8831512111169919,
  "final_clip_score": 0.9350364208221436
}