{
  "sum_areas": 0.22031706574733925,
  "final_score": 0.9202635514824444,
  "final_size_score": 0.9982068718791531,
  "final_matched_text_score": 0.9838055351306406,
  "final_position_score": 0.8960817570121816,
  "final_text_color_score": 0.7929175759914119,
  "final_clip_score": 0.9303060173988342
}