{
  "sum_areas": 0.3640391000808363,
  "final_score": 0.9264069404821442,
  "final_size_score": 0.9896341661426054,
  "final_matched_text_score": 0.9923840376467953,
  "final_position_score": 0.8970543059723914,
  "final_text_color_score": 0.8558923808279449,
  "final_clip_score": 0.8970698118209839
}