{
  "sum_areas": 0.5833887102107869,
  "final_score": 0.92577133885918,
  "final_size_score": 0.9901405334824731,
  "final_matched_text_score": 0.9569227509376349,
  "final_position_score": 0.9424504990541618,
  "final_text_color_score": 0.8181713648392696,
  "final_clip_score": 0.9211715459823608
}