{
  "sum_areas": 0.15664035532291845,
  "final_score": 0.92790522091182,
  "final_size_score": 0.9996905992705478,
  "final_matched_text_score": 0.9973114291220675,
  "final_position_score": 0.8920271914564654,
  "final_text_color_score": 0.8454137052361427,
  "final_clip_score": 0.905083179473877
}