{
  "sum_areas": 0.1754848778205017,
  "final_score": 0.9049593690649695,
  "final_size_score": 0.9207747776342639,
  "final_matched_text_score": 0.9653917011691794,
  "final_position_score": 0.762820016616744,
  "final_text_color_score": 0.9674864658943454,
  "final_clip_score": 0.9083238840103149
}