{
  "sum_areas": 0.4583282907228513,
  "final_score": 0.8637719817998115,
  "final_size_score": 0.9965035008898908,
  "final_matched_text_score": 0.9506410388276545,
  "final_position_score": 0.6454600885650396,
  "final_text_color_score": 0.795274359924847,
  "final_clip_score": 0.930980920791626
}