{
  "sum_areas": 0.19833959012605834,
  "final_score": 0.7598216287785053,
  "final_size_score": 0.4644379015086829,
  "final_matched_text_score": 0.8951415656585479,
  "final_position_score": 0.9117000913960764,
  "final_text_color_score": 0.6692386977102008,
  "final_clip_score": 0.8585898876190186
}