{
  "sum_areas": 0.2269795468454102,
  "final_score": 0.8923431777538005,
  "final_size_score": 0.9789721516609763,
  "final_matched_text_score": 0.9887975329187056,
  "final_position_score": 0.9189659004553361,
  "final_text_color_score": 0.649013325660864,
  "final_clip_score": 0.9259669780731201
}