{
  "sum_areas": 0.5251097653836556,
  "final_score": 0.9463867681242981,
  "final_size_score": 0.9999999999999996,
  "final_matched_text_score": 0.9813582195207751,
  "final_position_score": 0.8658277032296698,
  "final_text_color_score": 0.9443372442527295,
  "final_clip_score": 0.9404106736183167
}