{
  "sum_areas": 0.13821091019360257,
  "final_score": 0.8520232215853709,
  "final_size_score": 0.6926583466483718,
  "final_matched_text_score": 0.9948889583984986,
  "final_position_score": 0.8578524363446536,
  "final_text_color_score": 0.7998986756860262,
  "final_clip_score": 0.9148176908493042
}