{
  "sum_areas": 0.2665725189219681,
  "final_score": 0.8140228043424751,
  "final_size_score": 0.7922333165101008,
  "final_matched_text_score": 0.8579968308414019,
  "final_position_score": 0.7711811238560469,
  "final_text_color_score": 0.8222268918164712,
  "final_clip_score": 0.8264758586883545
}