{
  "sum_areas": 0.08806610267078627,
  "final_score": 0.9404469076902654,
  "final_size_score": 1.0,
  "final_matched_text_score": 0.9793811273965439,
  "final_position_score": 0.9421245362254553,
  "final_text_color_score": 0.8879048210649846,
  "final_clip_score": 0.8928240537643433
}