{
  "sum_areas": 0.3841194212845222,
  "final_score": 0.9021214687772684,
  "final_size_score": 0.8913495174091998,
  "final_matched_text_score": 0.9538895935385662,
  "final_position_score": 0.9442998544301218,
  "final_text_color_score": 0.7835868559483348,
  "final_clip_score": 0.9374815225601196
}