{
  "sum_areas": 0.2147198510290931,
  "final_score": 0.8835891697556898,
  "final_size_score": 0.8375466287357463,
  "final_matched_text_score": 0.986590992417445,
  "final_position_score": 0.8924528379096495,
  "final_text_color_score": 0.7817034045471511,
  "final_clip_score": 0.919651985168457
}