{
  "sum_areas": 0.28324492319951683,
  "final_score": 0.9039776552766181,
  "final_size_score": 0.9600772007524052,
  "final_matched_text_score": 0.9895227377272895,
  "final_position_score": 0.8324402638717789,
  "final_text_color_score": 0.8169514246709605,
  "final_clip_score": 0.9208966493606567
}