{
  "sum_areas": 0.19881390346406075,
  "final_score": 0.8600945590183336,
  "final_size_score": 0.8789202444539488,
  "final_matched_text_score": 0.9958480433593556,
  "final_position_score": 0.7888214783410759,
  "final_text_color_score": 0.725014754725405,
  "final_clip_score": 0.9118682742118835
}