{
  "sum_areas": 0.08042198803302018,
  "final_score": 0.9094291177133524,
  "final_size_score": 0.9065398593652677,
  "final_matched_text_score": 0.9939146542992697,
  "final_position_score": 0.8746240864622246,
  "final_text_color_score": 0.8537894267754187,
  "final_clip_score": 0.9182775616645813
}