{
  "sum_areas": 0.18489138117447249,
  "final_score": 0.927561019625556,
  "final_size_score": 0.9660693571277638,
  "final_matched_text_score": 0.989712869599758,
  "final_position_score": 0.8759880134461272,
  "final_text_color_score": 0.860442454542265,
  "final_clip_score": 0.9455924034118652
}