{
  "sum_areas": 0.05077035947320787,
  "final_score": 0.8885854180776868,
  "final_size_score": 0.9741030183928464,
  "final_matched_text_score": 0.9974120082815736,
  "final_position_score": 0.7830680509047985,
  "final_text_color_score": 0.8792003503565172,
  "final_clip_score": 0.8091436624526978
}