{
  "sum_areas": 0.130541966312908,
  "final_score": 0.9369381554928303,
  "final_size_score": 0.946007240318953,
  "final_matched_text_score": 1.0,
  "final_position_score": 0.8986937795783744,
  "final_text_color_score": 0.8969062328628447,
  "final_clip_score": 0.9430835247039795
}