{
  "sum_areas": 0.34199462125447144,
  "final_score": 0.9089604688045704,
  "final_size_score": 0.957768962090504,
  "final_matched_text_score": 0.9558195920022352,
  "final_position_score": 0.8424918053435523,
  "final_text_color_score": 0.914556926450574,
  "final_clip_score": 0.8741650581359863
}