{
  "sum_areas": 0.1580779372406083,
  "final_score": 0.9090015386237525,
  "final_size_score": 0.9833532911893502,
  "final_matched_text_score": 0.9763469831759211,
  "final_position_score": 0.9192643933968587,
  "final_text_color_score": 0.7496052802623332,
  "final_clip_score": 0.9164377450942993
}