{
  "sum_areas": 0.27094491708190216,
  "final_score": 0.8899069478213694,
  "final_size_score": 0.995403540072693,
  "final_matched_text_score": 0.9463070555511728,
  "final_position_score": 0.7955043782778605,
  "final_text_color_score": 0.7906053997227908,
  "final_clip_score": 0.9217143654823303
}