{
  "sum_areas": 0.11456799081341959,
  "final_score": 0.8833590364465881,
  "final_size_score": 0.9911803687113955,
  "final_matched_text_score": 0.9550106236720409,
  "final_position_score": 0.7777481958680184,
  "final_text_color_score": 0.8149359624339391,
  "final_clip_score": 0.8779200315475464
}