{
  "sum_areas": 0.10344661473216758,
  "final_score": 0.9156372833403993,
  "final_size_score": 0.9812958100405634,
  "final_matched_text_score": 0.9421161508278773,
  "final_position_score": 0.7862835347806431,
  "final_text_color_score": 0.9174301491107744,
  "final_clip_score": 0.9510607719421387
}