{
  "sum_areas": 0.13358600183587957,
  "final_score": 0.8143097748674901,
  "final_size_score": 0.49238889929074836,
  "final_matched_text_score": 0.926123164584703,
  "final_position_score": 0.8779829203006024,
  "final_text_color_score": 0.8804306701945083,
  "final_clip_score": 0.8946232199668884
}