{
  "sum_areas": 0.1395189474613106,
  "final_score": 0.905826857054112,
  "final_size_score": 0.9833020879101945,
  "final_matched_text_score": 0.9709300854998391,
  "final_position_score": 0.800596147579863,
  "final_text_color_score": 0.8876111753478627,
  "final_clip_score": 0.8866947889328003
}