{
  "sum_areas": 0.13190477769792752,
  "final_score": 0.9208936233915435,
  "final_size_score": 0.95198681818674,
  "final_matched_text_score": 0.9817917979332833,
  "final_position_score": 0.9348279084178902,
  "final_text_color_score": 0.7963281799632911,
  "final_clip_score": 0.9395334124565125
}