{
  "sum_areas": 0.5283054448982434,
  "final_score": 0.9014971939127966,
  "final_size_score": 0.9998049954263828,
  "final_matched_text_score": 0.9066728855817543,
  "final_position_score": 0.9104590568707067,
  "final_text_color_score": 0.7340307988627208,
  "final_clip_score": 0.9565182328224182
}