{
  "sum_areas": 0.2028303524029815,
  "final_score": 0.7860572339695592,
  "final_size_score": 0.3608770335396002,
  "final_matched_text_score": 0.9856582125603864,
  "final_position_score": 0.8423483958539856,
  "final_text_color_score": 0.8160376759422242,
  "final_clip_score": 0.9253648519515991
}