{
  "sum_areas": 0.040507867218749154,
  "final_score": 0.8248899867174218,
  "final_size_score": 0.47690853096041963,
  "final_matched_text_score": 1.0,
  "final_position_score": 0.9392621675945454,
  "final_text_color_score": 0.8067325183420802,
  "final_clip_score": 0.9015467166900635
}