{
  "sum_areas": 0.3862104066859136,
  "final_score": 0.8440105317195734,
  "final_size_score": 0.6039784704730222,
  "final_matched_text_score": 0.9600315864097099,
  "final_position_score": 0.7611092126132487,
  "final_text_color_score": 0.9768589004620546,
  "final_clip_score": 0.9180744886398315
}