{
  "sum_areas": 0.22438621220243654,
  "final_score": 0.8563154932254113,
  "final_size_score": 0.8997304468726226,
  "final_matched_text_score": 0.9846991788168258,
  "final_position_score": 0.7734604754350796,
  "final_text_color_score": 0.732015290207759,
  "final_clip_score": 0.8916720747947693
}