{
  "sum_areas": 0.0850540449302764,
  "final_score": 0.9271799953563786,
  "final_size_score": 0.9435953694830433,
  "final_matched_text_score": 0.9863018105094736,
  "final_position_score": 0.8354894149304131,
  "final_text_color_score": 0.9461160325013578,
  "final_clip_score": 0.924397349357605
}