{
  "sum_areas": 0.010453559027777778,
  "final_score": 0.832152646602533,
  "final_size_score": 0.3868590408968238,
  "final_matched_text_score": 1.0,
  "final_position_score": 0.8776475694444446,
  "final_text_color_score": 0.9722112387411905,
  "final_clip_score": 0.9240453839302063
}