{
  "sum_areas": 0.21683518652941414,
  "final_score": 0.9339634958453135,
  "final_size_score": 0.9851706086796618,
  "final_matched_text_score": 0.9680915185809316,
  "final_position_score": 0.9197975610096818,
  "final_text_color_score": 0.849384460363183,
  "final_clip_score": 0.9473733305931091
}