{
  "sum_areas": 0.35290613297258466,
  "final_score": 0.9428359938530075,
  "final_size_score": 0.9829444116246119,
  "final_matched_text_score": 0.9934287270368579,
  "final_position_score": 0.9528645242982772,
  "final_text_color_score": 0.8801892173541792,
  "final_clip_score": 0.9047530889511108
}