{
  "sum_areas": 0.6019276911568117,
  "final_score": 0.9019232149679808,
  "final_size_score": 0.9984149905812204,
  "final_matched_text_score": 0.9383400537634409,
  "final_position_score": 0.8330393618875819,
  "final_text_color_score": 0.8320046624965152,
  "final_clip_score": 0.907817006111145
}