{
  "sum_areas": 0.1100599395638563,
  "final_score": 0.7445299225101936,
  "final_size_score": 0.2625170498387377,
  "final_matched_text_score": 0.8925925925925926,
  "final_position_score": 0.750498982274734,
  "final_text_color_score": 0.907693692083795,
  "final_clip_score": 0.9093472957611084
}