{
  "sum_areas": 0.02474696725317625,
  "final_score": 0.9051868788821814,
  "final_size_score": 0.9213710065238826,
  "final_matched_text_score": 1.0,
  "final_position_score": 0.9084187771194927,
  "final_text_color_score": 0.7565108836938625,
  "final_clip_score": 0.9396337270736694
}