{
  "sum_areas": 0.35391234891017254,
  "final_score": 0.7455412964882702,
  "final_size_score": 0.045405774946658845,
  "final_matched_text_score": 1.0,
  "final_position_score": 0.939967669972314,
  "final_text_color_score": 0.8067325183420802,
  "final_clip_score": 0.9356005191802979
}