{
  "sum_areas": 0.2212353835341604,
  "final_score": 0.877289980563629,
  "final_size_score": 0.8582929710349211,
  "final_matched_text_score": 0.9915967082665789,
  "final_position_score": 0.904317262811808,
  "final_text_color_score": 0.7200663516655298,
  "final_clip_score": 0.9121766090393066
}