{
  "sum_areas": 0.2578803426433498,
  "final_score": 0.7655457987658782,
  "final_size_score": 0.38029109983177567,
  "final_matched_text_score": 0.9707668756014979,
  "final_position_score": 0.8015946859051447,
  "final_text_color_score": 0.8678275016956841,
  "final_clip_score": 0.8072488307952881
}