{
  "sum_areas": 0.005135633680555556,
  "final_score": 0.9062229319221417,
  "final_size_score": 0.7874498204098881,
  "final_matched_text_score": 1.0,
  "final_position_score": 0.8470920138888889,
  "final_text_color_score": 0.9722112387411905,
  "final_clip_score": 0.9243615865707397
}