{
  "sum_areas": 0.24632546074824996,
  "final_score": 0.8258203881755044,
  "final_size_score": 0.4995383489113539,
  "final_matched_text_score": 0.9870400128953861,
  "final_position_score": 0.876307317891427,
  "final_text_color_score": 0.8539411852668792,
  "final_clip_score": 0.9122750759124756
}