{
  "sum_areas": 0.408967698037353,
  "final_score": 0.8433287070455813,
  "final_size_score": 0.5687472533724633,
  "final_matched_text_score": 0.9607610409930274,
  "final_position_score": 0.7613594394064166,
  "final_text_color_score": 0.9703646653056385,
  "final_clip_score": 0.9554111361503601
}