{
  "sum_areas": 0.2111654216922515,
  "final_score": 0.841386862948464,
  "final_size_score": 0.5642341189168841,
  "final_matched_text_score": 0.992573491490459,
  "final_position_score": 0.7369246935447593,
  "final_text_color_score": 0.9856936566032061,
  "final_clip_score": 0.9275083541870117
}