{
  "sum_areas": 0.20416928639885082,
  "final_score": 0.7873163241010959,
  "final_size_score": 0.36128413156809464,
  "final_matched_text_score": 0.9856582125603864,
  "final_position_score": 0.8410008638167316,
  "final_text_color_score": 0.8160376759422242,
  "final_clip_score": 0.932600736618042
}