{
  "sum_areas": 0.32408961435832084,
  "final_score": 0.9014176188186664,
  "final_size_score": 0.960411602197038,
  "final_matched_text_score": 0.974280385969696,
  "final_position_score": 0.8580521061776927,
  "final_text_color_score": 0.8127109755332068,
  "final_clip_score": 0.9016330242156982
}