{
  "sum_areas": 0.21113085323425937,
  "final_score": 0.8886704718436406,
  "final_size_score": 0.987455837903325,
  "final_matched_text_score": 0.9708234532658234,
  "final_position_score": 0.8626722490056867,
  "final_text_color_score": 0.7045492517749955,
  "final_clip_score": 0.9178515672683716
}