{
  "sum_areas": 0.15836026988199572,
  "final_score": 0.8383271429329316,
  "final_size_score": 0.7299932321640785,
  "final_matched_text_score": 0.9834374675594311,
  "final_position_score": 0.836891640400779,
  "final_text_color_score": 0.7727818494053287,
  "final_clip_score": 0.8685315251350403
}