{
  "sum_areas": 0.3874516937353688,
  "final_score": 0.9326150377298777,
  "final_size_score": 0.9982979380667222,
  "final_matched_text_score": 0.9913164720351934,
  "final_position_score": 0.8806352183845121,
  "final_text_color_score": 0.8801463647589085,
  "final_clip_score": 0.9126791954040527
}