{
  "sum_areas": 0.5870945692039442,
  "final_score": 0.9086747519314173,
  "final_size_score": 0.9902027684179985,
  "final_matched_text_score": 0.9576720990554042,
  "final_position_score": 0.9247004945286194,
  "final_text_color_score": 0.7783293491550036,
  "final_clip_score": 0.892469048500061
}