{
  "sum_areas": 0.24967302109930462,
  "final_score": 0.9135755185438912,
  "final_size_score": 1.0000000000000002,
  "final_matched_text_score": 0.9814703611800387,
  "final_position_score": 0.8208584230208341,
  "final_text_color_score": 0.8512375187312903,
  "final_clip_score": 0.9143112897872925
}