{
  "sum_areas": 0.031368272569444446,
  "final_score": 0.928975310429125,
  "final_size_score": 0.975613130858902,
  "final_matched_text_score": 1.0,
  "final_position_score": 0.834375,
  "final_text_color_score": 0.9839651214972933,
  "final_clip_score": 0.8509232997894287
}