{
  "sum_areas": 0.31286878899472803,
  "final_score": 0.7739205857172182,
  "final_size_score": 0.3814329670454823,
  "final_matched_text_score": 0.9766104280866796,
  "final_position_score": 0.875498571396762,
  "final_text_color_score": 0.729376921033912,
  "final_clip_score": 0.9066840410232544
}