{
  "sum_areas": 0.1794457600620557,
  "final_score": 0.9142069027485932,
  "final_size_score": 0.9928645096365406,
  "final_matched_text_score": 0.9669612794612795,
  "final_position_score": 0.8637800994568904,
  "final_text_color_score": 0.8443103724340432,
  "final_clip_score": 0.9031182527542114
}