{
  "sum_areas": 0.3085363624947124,
  "final_score": 0.8304118642630058,
  "final_size_score": 0.6156781531459522,
  "final_matched_text_score": 0.9791799070826562,
  "final_position_score": 0.792518245958522,
  "final_text_color_score": 0.8861571619708555,
  "final_clip_score": 0.8785258531570435
}