{
  "sum_areas": 0.4543272930689407,
  "final_score": 0.8768946783308315,
  "final_size_score": 0.9998608257385542,
  "final_matched_text_score": 0.9008467618241471,
  "final_position_score": 0.8923291609940843,
  "final_text_color_score": 0.7021162695622148,
  "final_clip_score": 0.8893203735351562
}