{
  "sum_areas": 0.23516756783057954,
  "final_score": 0.723013024587775,
  "final_size_score": 0.2980336576977026,
  "final_matched_text_score": 0.9759422571639766,
  "final_position_score": 0.6970031585228562,
  "final_text_color_score": 0.7841729388213073,
  "final_clip_score": 0.8599131107330322
}