{
  "sum_areas": 0.24239633096783786,
  "final_score": 0.9026583237174459,
  "final_size_score": 0.9823386758352944,
  "final_matched_text_score": 0.9725393520616663,
  "final_position_score": 0.8901993447912264,
  "final_text_color_score": 0.7597169123724311,
  "final_clip_score": 0.9084973335266113
}