{
  "sum_areas": 0.2738340581083847,
  "final_score": 0.9130948993700173,
  "final_size_score": 1.0,
  "final_matched_text_score": 0.940467068445975,
  "final_position_score": 0.9150857082439048,
  "final_text_color_score": 0.834352138174733,
  "final_clip_score": 0.8755695819854736
}