{
  "sum_areas": 0.23932003287254736,
  "final_score": 0.8614139027233269,
  "final_size_score": 0.7655974672389041,
  "final_matched_text_score": 0.9974578664909142,
  "final_position_score": 0.8639610644715281,
  "final_text_color_score": 0.8172992473122603,
  "final_clip_score": 0.8627538681030273
}