{
  "sum_areas": 0.20956163194444444,
  "final_score": 0.9119545693272602,
  "final_size_score": 0.9660853716629039,
  "final_matched_text_score": 0.9751072296260376,
  "final_position_score": 0.8984269781144781,
  "final_text_color_score": 0.8954188774509292,
  "final_clip_score": 0.8247343897819519
}