{
  "sum_areas": 0.18254906150494382,
  "final_score": 0.7290935300502684,
  "final_size_score": 0.18748032656496405,
  "final_matched_text_score": 0.9804942513545659,
  "final_position_score": 0.8572954544833541,
  "final_text_color_score": 0.7405956624346396,
  "final_clip_score": 0.8796019554138184
}