{
  "sum_areas": 0.385311574951097,
  "final_score": 0.9076767911757344,
  "final_size_score": 0.9903500416450313,
  "final_matched_text_score": 0.9929175785516687,
  "final_position_score": 0.8402294036287515,
  "final_text_color_score": 0.7799094006201147,
  "final_clip_score": 0.9349775314331055
}