{
  "sum_areas": 0.13053965021419991,
  "final_score": 0.9087370204753354,
  "final_size_score": 0.9879067020826562,
  "final_matched_text_score": 0.998779408044523,
  "final_position_score": 0.8131863438193229,
  "final_text_color_score": 0.8514661470797724,
  "final_clip_score": 0.8923465013504028
}