{
  "sum_areas": 0.07194181861938749,
  "final_score": 0.9224960095356738,
  "final_size_score": 0.9449777288270111,
  "final_matched_text_score": 0.9951485960237754,
  "final_position_score": 0.9324308391658895,
  "final_text_color_score": 0.8288010980209758,
  "final_clip_score": 0.9111217856407166
}