{
  "sum_areas": 0.09498770237084647,
  "final_score": 0.8466656184294664,
  "final_size_score": 0.9460302470476784,
  "final_matched_text_score": 0.9377863851085513,
  "final_position_score": 0.7161405741732176,
  "final_text_color_score": 0.7163156366037128,
  "final_clip_score": 0.9170552492141724
}