{
  "sum_areas": 0.1631765838294023,
  "final_score": 0.7750874410685672,
  "final_size_score": 0.5751285623087624,
  "final_matched_text_score": 0.8802874324906125,
  "final_position_score": 0.9392061042858362,
  "final_text_color_score": 0.5852752264587356,
  "final_clip_score": 0.8955398797988892
}