{
  "sum_areas": 0.20412702974486943,
  "final_score": 0.8268400296112024,
  "final_size_score": 0.8141881686403233,
  "final_matched_text_score": 0.986251861509654,
  "final_position_score": 0.824958982804928,
  "final_text_color_score": 0.600742610969331,
  "final_clip_score": 0.9080585241317749
}