{
  "sum_areas": 0.22845400967443394,
  "final_score": 0.9241520023897852,
  "final_size_score": 0.9950468749227215,
  "final_matched_text_score": 0.9943952481451668,
  "final_position_score": 0.9448902625327328,
  "final_text_color_score": 0.7398177716501235,
  "final_clip_score": 0.9466098546981812
}