{
  "sum_areas": 0.20738597360172933,
  "final_score": 0.906150568165307,
  "final_size_score": 0.9814275111903455,
  "final_matched_text_score": 0.9982572061082498,
  "final_position_score": 0.9003690558411636,
  "final_text_color_score": 0.7460762744891442,
  "final_clip_score": 0.9046227931976318
}