{
  "sum_areas": 0.21441649410140562,
  "final_score": 0.9103004663477634,
  "final_size_score": 1.0,
  "final_matched_text_score": 0.962001541160461,
  "final_position_score": 0.7114152443105756,
  "final_text_color_score": 0.9745960161812631,
  "final_clip_score": 0.9034895300865173
}