{
  "sum_areas": 0.13531333741312324,
  "final_score": 0.9084639588539084,
  "final_size_score": 0.9946674510577197,
  "final_matched_text_score": 0.994331983805668,
  "final_position_score": 0.7245112177063248,
  "final_text_color_score": 0.9149909015341188,
  "final_clip_score": 0.9138182401657104
}