{
  "sum_areas": 0.022605027534369784,
  "final_score": 0.9125051047857863,
  "final_size_score": 0.9136151980138932,
  "final_matched_text_score": 1.0,
  "final_position_score": 0.9230208333333333,
  "final_text_color_score": 0.774876285146097,
  "final_clip_score": 0.9510132074356079
}