{
  "sum_areas": 0.22197568162448011,
  "final_score": 0.9022365115855572,
  "final_size_score": 0.9563767332329782,
  "final_matched_text_score": 0.980477196903443,
  "final_position_score": 0.823525261006248,
  "final_text_color_score": 0.8500780021000583,
  "final_clip_score": 0.9007253646850586
}