{
  "sum_areas": 0.19329363348038245,
  "final_score": 0.934491540610577,
  "final_size_score": 0.9348022516476412,
  "final_matched_text_score": 0.9944420867203559,
  "final_position_score": 0.928520009887331,
  "final_text_color_score": 0.8870672218324691,
  "final_clip_score": 0.9276261329650879
}