{
  "sum_areas": 0.10406151786419263,
  "final_score": 0.9113306907766877,
  "final_size_score": 1.0,
  "final_matched_text_score": 0.9839676290463693,
  "final_position_score": 0.8833253081000293,
  "final_text_color_score": 0.8328916604023531,
  "final_clip_score": 0.8564688563346863
}