{
  "sum_areas": 0.32821715309544397,
  "final_score": 0.9278779660923968,
  "final_size_score": 0.9968248242652987,
  "final_matched_text_score": 0.9526417054820208,
  "final_position_score": 0.9304787026363107,
  "final_text_color_score": 0.7791679538484649,
  "final_clip_score": 0.9802766442298889
}