{
  "sum_areas": 0.14551023392902387,
  "final_score": 0.8260104147486858,
  "final_size_score": 0.7325987082618962,
  "final_matched_text_score": 0.9565599818408808,
  "final_position_score": 0.7191229030160363,
  "final_text_color_score": 0.854970053187786,
  "final_clip_score": 0.8668004274368286
}