{
  "sum_areas": 0.16295794535250152,
  "final_score": 0.9307041799563379,
  "final_size_score": 0.9838440538773369,
  "final_matched_text_score": 0.9974442033938601,
  "final_position_score": 0.8716688753143027,
  "final_text_color_score": 0.857598378898155,
  "final_clip_score": 0.9429653882980347
}