{
  "sum_areas": 0.11772511840429906,
  "final_score": 0.9076588351882484,
  "final_size_score": 1.0,
  "final_matched_text_score": 0.9932628946191931,
  "final_position_score": 0.7969143729402947,
  "final_text_color_score": 0.8830923417313632,
  "final_clip_score": 0.8650245666503906
}