{
  "sum_areas": 0.05994214044687572,
  "final_score": 0.7952044860376641,
  "final_size_score": 0.5429336812184369,
  "final_matched_text_score": 0.9980171844018505,
  "final_position_score": 0.7890396518434686,
  "final_text_color_score": 0.7666964496775369,
  "final_clip_score": 0.8793354630470276
}