{
  "sum_areas": 0.3612689602413912,
  "final_score": 0.8031279081692484,
  "final_size_score": 0.6925327410055588,
  "final_matched_text_score": 0.8936457381060725,
  "final_position_score": 0.7453942572114255,
  "final_text_color_score": 0.7682265363881143,
  "final_clip_score": 0.9158402681350708
}