{
  "sum_areas": 0.35815728565494925,
  "final_score": 0.7640507020331327,
  "final_size_score": 0.47426547098031846,
  "final_matched_text_score": 0.9917908657964163,
  "final_position_score": 0.743955228696255,
  "final_text_color_score": 0.8413988303166056,
  "final_clip_score": 0.7688431143760681
}