{
  "sum_areas": 0.5760640286990754,
  "final_score": 0.8942286139780524,
  "final_size_score": 0.9964857952702266,
  "final_matched_text_score": 0.941493850430986,
  "final_position_score": 0.8616884412268303,
  "final_text_color_score": 0.7941382424684443,
  "final_clip_score": 0.8773367404937744
}