{
  "sum_areas": 0.0042241753472222225,
  "final_score": 0.851505443921602,
  "final_size_score": 0.9612124325712816,
  "final_matched_text_score": 1.0,
  "final_position_score": 0.9496527777777778,
  "final_text_color_score": 0.48609688331671996,
  "final_clip_score": 0.8605651259422302
}