{
  "sum_areas": 0.17303929417309133,
  "final_score": 0.8562075013699011,
  "final_size_score": 0.99394278247047,
  "final_matched_text_score": 0.9790368065853157,
  "final_position_score": 0.8207593962967391,
  "final_text_color_score": 0.7194763750812699,
  "final_clip_score": 0.7678221464157104
}