{
  "sum_areas": 0.36725064188512996,
  "final_score": 0.7307487561206991,
  "final_size_score": 0.41292016757867817,
  "final_matched_text_score": 0.9361356906067,
  "final_position_score": 0.7607461164326209,
  "final_text_color_score": 0.7179977399378277,
  "final_clip_score": 0.8259440660476685
}