{
  "sum_areas": 0.4449759405786559,
  "final_score": 0.7950133401066711,
  "final_size_score": 0.5973477307243868,
  "final_matched_text_score": 0.8638650895744487,
  "final_position_score": 0.6901206535010013,
  "final_text_color_score": 0.9284078640511758,
  "final_clip_score": 0.8953253626823425
}