{
  "sum_areas": 0.22224078954498463,
  "final_score": 0.8922325826184058,
  "final_size_score": 0.8872258267549137,
  "final_matched_text_score": 0.978040323068647,
  "final_position_score": 0.8296446044310054,
  "final_text_color_score": 0.9518274056483755,
  "final_clip_score": 0.8144247531890869
}