{
  "sum_areas": 0.3037102606094794,
  "final_score": 0.8826395449277638,
  "final_size_score": 0.9204592779671592,
  "final_matched_text_score": 0.9567152596997288,
  "final_position_score": 0.8181512824973609,
  "final_text_color_score": 0.7695422173560393,
  "final_clip_score": 0.9483296871185303
}