{
  "sum_areas": 0.20582736875655255,
  "final_score": 0.9147712047022506,
  "final_size_score": 0.8263337281358938,
  "final_matched_text_score": 0.9661318101569675,
  "final_position_score": 0.8929612182815956,
  "final_text_color_score": 0.9557995624613925,
  "final_clip_score": 0.9326297044754028
}