{
  "sum_areas": 0.3598773233065399,
  "final_score": 0.864714352303428,
  "final_size_score": 0.9890687893940243,
  "final_matched_text_score": 0.9261733216685185,
  "final_position_score": 0.7811572961880566,
  "final_text_color_score": 0.7085753713106072,
  "final_clip_score": 0.9185969829559326
}