{
  "sum_areas": 0.18086221939981098,
  "final_score": 0.8860961787696058,
  "final_size_score": 0.845915717197331,
  "final_matched_text_score": 0.9965277777777778,
  "final_position_score": 0.8889570241734601,
  "final_text_color_score": 0.8930302529152497,
  "final_clip_score": 0.8060501217842102
}