{
  "sum_areas": 0.3237092892294859,
  "final_score": 0.8701806993326061,
  "final_size_score": 0.9602457476668582,
  "final_matched_text_score": 0.9495987673704471,
  "final_position_score": 0.8984439192431852,
  "final_text_color_score": 0.6262538496521318,
  "final_clip_score": 0.9163612127304077
}