{
  "sum_areas": 0.24817274305555553,
  "final_score": 0.878962470440002,
  "final_size_score": 0.8876685496423512,
  "final_matched_text_score": 0.9418449116872123,
  "final_position_score": 0.8505693759137426,
  "final_text_color_score": 0.8410640033485798,
  "final_clip_score": 0.8736655116081238
}