{
  "sum_areas": 0.3018614974255796,
  "final_score": 0.9187486224121791,
  "final_size_score": 1.0,
  "final_matched_text_score": 0.9844018801349737,
  "final_position_score": 0.8864236107613973,
  "final_text_color_score": 0.7980281758596541,
  "final_clip_score": 0.9248894453048706
}