{
  "sum_areas": 0.127776306205457,
  "final_score": 0.8909411011461814,
  "final_size_score": 0.9959522202914582,
  "final_matched_text_score": 0.9880919565576934,
  "final_position_score": 0.8785136359130111,
  "final_text_color_score": 0.6708044856094303,
  "final_clip_score": 0.921343207359314
}