{
  "sum_areas": 0.2915551847417529,
  "final_score": 0.7166228084895941,
  "final_size_score": 0.1518067002430253,
  "final_matched_text_score": 1.0,
  "final_position_score": 0.7561409163825874,
  "final_text_color_score": 0.7803131915312814,
  "final_clip_score": 0.8948532342910767
}