{
  "sum_areas": 0.2177437471699074,
  "final_score": 0.6956099122990606,
  "final_size_score": 0.4244592086399336,
  "final_matched_text_score": 0.9066821626848368,
  "final_position_score": 0.6401983901385115,
  "final_text_color_score": 0.6638265707763445,
  "final_clip_score": 0.8428832292556763
}