{
  "sum_areas": 0.27589094608050474,
  "final_score": 0.7281012336788889,
  "final_size_score": 0.018503874781938986,
  "final_matched_text_score": 1.0,
  "final_position_score": 0.717687074829932,
  "final_text_color_score": 0.9757102583409842,
  "final_clip_score": 0.9286049604415894
}