{
  "sum_areas": 0.23994123556589933,
  "final_score": 0.8491396779306202,
  "final_size_score": 0.824971361278297,
  "final_matched_text_score": 0.9920402178466694,
  "final_position_score": 0.7198880330729392,
  "final_text_color_score": 0.7986161822022042,
  "final_clip_score": 0.9101825952529907
}