{
  "sum_areas": 0.16329391312716926,
  "final_score": 0.7480505517794775,
  "final_size_score": 0.5562815335083162,
  "final_matched_text_score": 0.9743859082094376,
  "final_position_score": 0.7770732849667247,
  "final_text_color_score": 0.5524223915955387,
  "final_clip_score": 0.8800896406173706
}