{
  "sum_areas": 0.07832702184364049,
  "final_score": 0.8634971813841075,
  "final_size_score": 1.0,
  "final_matched_text_score": 0.9745285488603024,
  "final_position_score": 0.8729057939703544,
  "final_text_color_score": 0.5559887064620115,
  "final_clip_score": 0.9140628576278687
}