{
  "sum_areas": 0.34012634585687057,
  "final_score": 0.843121965024157,
  "final_size_score": 0.9465652602677392,
  "final_matched_text_score": 0.9142187631449146,
  "final_position_score": 0.8299179167240746,
  "final_text_color_score": 0.59865736761574,
  "final_clip_score": 0.9262505173683167
}