{
  "sum_areas": 0.42020595597182414,
  "final_score": 0.8799650468143754,
  "final_size_score": 0.8099058176170509,
  "final_matched_text_score": 0.950687423239286,
  "final_position_score": 0.9008547735814431,
  "final_text_color_score": 0.8511402668524198,
  "final_clip_score": 0.8872369527816772
}