{
  "sum_areas": 0.615975896998813,
  "final_score": 0.854263622538136,
  "final_size_score": 0.9987491864525145,
  "final_matched_text_score": 0.9812358952429443,
  "final_position_score": 0.6312511134146337,
  "final_text_color_score": 0.8210878913965055,
  "final_clip_score": 0.838994026184082
}