{
  "sum_areas": 0.14139897268286755,
  "final_score": 0.8500718173665093,
  "final_size_score": 0.8701958744963231,
  "final_matched_text_score": 0.9016515626433824,
  "final_position_score": 0.8104498816399559,
  "final_text_color_score": 0.731386338708707,
  "final_clip_score": 0.9366754293441772
}