{
  "sum_areas": 0.234220407196047,
  "final_score": 0.8457107940233244,
  "final_size_score": 0.6124785499138345,
  "final_matched_text_score": 0.9840213813970933,
  "final_position_score": 0.8557166073045583,
  "final_text_color_score": 0.8521743880021424,
  "final_clip_score": 0.9241630434989929
}