{
  "sum_areas": 0.1926334403331733,
  "final_score": 0.9289784554963202,
  "final_size_score": 0.9972721449967649,
  "final_matched_text_score": 0.979485108740918,
  "final_position_score": 0.9227934897239279,
  "final_text_color_score": 0.8247433847203687,
  "final_clip_score": 0.9205981492996216
}