{
  "sum_areas": 0.5662376484631084,
  "final_score": 0.9388270231234153,
  "final_size_score": 0.9960966658368473,
  "final_matched_text_score": 0.9424837303942277,
  "final_position_score": 0.9078341696729729,
  "final_text_color_score": 0.9112740618094328,
  "final_clip_score": 0.936446487903595
}