{
  "sum_areas": 0.26315234235081314,
  "final_score": 0.8523111923541237,
  "final_size_score": 0.6509184898888969,
  "final_matched_text_score": 0.963907127159688,
  "final_position_score": 0.8855852981648639,
  "final_text_color_score": 0.8176809461962998,
  "final_clip_score": 0.9434641003608704
}