{
  "sum_areas": 0.642758195752274,
  "final_score": 0.8793177432137891,
  "final_size_score": 0.943804908182982,
  "final_matched_text_score": 0.9387769877644712,
  "final_position_score": 0.7710515368241971,
  "final_text_color_score": 0.8196410695445484,
  "final_clip_score": 0.9233142137527466
}