{
  "sum_areas": 0.2937612353661151,
  "final_score": 0.8046200876407323,
  "final_size_score": 0.5260565562227478,
  "final_matched_text_score": 0.9824263134607962,
  "final_position_score": 0.7764999894427113,
  "final_text_color_score": 0.8314418827044202,
  "final_clip_score": 0.9066756963729858
}