{
  "sum_areas": 0.15783416509105483,
  "final_score": 0.9002659191612712,
  "final_size_score": 0.8767619828326876,
  "final_matched_text_score": 0.9848484848484849,
  "final_position_score": 0.899240388432803,
  "final_text_color_score": 0.8119506692425513,
  "final_clip_score": 0.9285280704498291
}