{
  "sum_areas": 0.10963162928831524,
  "final_score": 0.7771897340465609,
  "final_size_score": 0.25843033421628464,
  "final_matched_text_score": 0.8619047619047618,
  "final_position_score": 0.8549248260318283,
  "final_text_color_score": 0.9719233414713481,
  "final_clip_score": 0.9387654066085815
}