{
  "sum_areas": 0.40474310195852536,
  "final_score": 0.7227423381801368,
  "final_size_score": 0.0452875224291432,
  "final_matched_text_score": 1.0,
  "final_position_score": 0.856698732718894,
  "final_text_color_score": 0.8317865948865579,
  "final_clip_score": 0.8799388408660889
}