{
  "sum_areas": 0.34566913019967566,
  "final_score": 0.9052198971050253,
  "final_size_score": 0.985668080823392,
  "final_matched_text_score": 0.928534566739896,
  "final_position_score": 0.8698381370015139,
  "final_text_color_score": 0.8186188406163918,
  "final_clip_score": 0.9234398603439331
}