{
  "sum_areas": 0.15667497455131246,
  "final_score": 0.8876818908366652,
  "final_size_score": 1.0,
  "final_matched_text_score": 0.9968248741315706,
  "final_position_score": 0.8844102806893366,
  "final_text_color_score": 0.6748097878725501,
  "final_clip_score": 0.8823645114898682
}