{
  "sum_areas": 0.006559244791666667,
  "final_score": 0.8463598673844951,
  "final_size_score": 0.6165425971877586,
  "final_matched_text_score": 1.0,
  "final_position_score": 0.9649305555555556,
  "final_text_color_score": 0.7051920212763292,
  "final_clip_score": 0.945134162902832
}