{
  "sum_areas": 0.20267368691314552,
  "final_score": 0.8707537506664729,
  "final_size_score": 0.8960588019383048,
  "final_matched_text_score": 0.9884855079852622,
  "final_position_score": 0.8708313450581965,
  "final_text_color_score": 0.769167260166244,
  "final_clip_score": 0.8292258381843567
}