{
  "sum_areas": 0.14807522277917012,
  "final_score": 0.9006531123452013,
  "final_size_score": 0.9789898928161299,
  "final_matched_text_score": 0.9549445526715524,
  "final_position_score": 0.8059412192921919,
  "final_text_color_score": 0.8494518514444228,
  "final_clip_score": 0.913938045501709
}