{
  "sum_areas": 0.6747905299901159,
  "final_score": 0.8587421506062202,
  "final_size_score": 0.4996953086329803,
  "final_matched_text_score": 0.9631017301155653,
  "final_position_score": 0.9509227573581809,
  "final_text_color_score": 0.9801820136527366,
  "final_clip_score": 0.899808943271637
}