{
  "sum_areas": 0.24142778858882086,
  "final_score": 0.9018928211520079,
  "final_size_score": 0.8958706758373074,
  "final_matched_text_score": 0.9555945785083593,
  "final_position_score": 0.8728426837787915,
  "final_text_color_score": 0.8924292694422217,
  "final_clip_score": 0.8927268981933594
}