{
  "sum_areas": 0.3965900728814158,
  "final_score": 0.8695264441604196,
  "final_size_score": 0.6272900990260643,
  "final_matched_text_score": 0.981792113543075,
  "final_position_score": 0.9025356999440913,
  "final_text_color_score": 0.9056578057559079,
  "final_clip_score": 0.930356502532959
}