{
  "sum_areas": 0.15703728190778127,
  "final_score": 0.9094942317632673,
  "final_size_score": 1.0,
  "final_matched_text_score": 0.9833882095010861,
  "final_position_score": 0.7585657843658058,
  "final_text_color_score": 0.9230016152897149,
  "final_clip_score": 0.882515549659729
}