{
  "sum_areas": 0.38747176757637264,
  "final_score": 0.8798862976861064,
  "final_size_score": 0.9549607140574436,
  "final_matched_text_score": 0.8852511719838161,
  "final_position_score": 0.8943530216616766,
  "final_text_color_score": 0.7646542928247628,
  "final_clip_score": 0.900212287902832
}