{
  "sum_areas": 0.25683785426533057,
  "final_score": 0.7303992480183257,
  "final_size_score": 0.292825951631783,
  "final_matched_text_score": 0.9066747604716672,
  "final_position_score": 0.7215365207305223,
  "final_text_color_score": 0.8423978776876482,
  "final_clip_score": 0.8885611295700073
}