{
  "sum_areas": 0.11556054894426233,
  "final_score": 0.8876081790295871,
  "final_size_score": 0.8104232708987135,
  "final_matched_text_score": 0.9803107058426207,
  "final_position_score": 0.8346874999999999,
  "final_text_color_score": 0.9149536793471524,
  "final_clip_score": 0.8976657390594482
}