{
  "sum_areas": 0.33419789574966535,
  "final_score": 0.9172185564891445,
  "final_size_score": 0.9998817074163754,
  "final_matched_text_score": 0.9949943819613115,
  "final_position_score": 0.9058157076836759,
  "final_text_color_score": 0.810961626673117,
  "final_clip_score": 0.8744393587112427
}