{
  "sum_areas": 0.21596989100723332,
  "final_score": 0.9117391783425424,
  "final_size_score": 0.9515434876328479,
  "final_matched_text_score": 0.9796395955818116,
  "final_position_score": 0.8732423655685093,
  "final_text_color_score": 0.8147784557011493,
  "final_clip_score": 0.9394919872283936
}