{
  "sum_areas": 0.20510409543564376,
  "final_score": 0.84547163619519,
  "final_size_score": 0.7232483158119026,
  "final_matched_text_score": 0.9819538766263086,
  "final_position_score": 0.6888870942276261,
  "final_text_color_score": 0.9287895098878096,
  "final_clip_score": 0.9044793844223022
}