{
  "sum_areas": 0.5619247316211924,
  "final_score": 0.9133354516551354,
  "final_size_score": 0.8046138590430938,
  "final_matched_text_score": 0.9620345814459262,
  "final_position_score": 0.865456505982716,
  "final_text_color_score": 0.9946108783932965,
  "final_clip_score": 0.9399614334106445
}