{
  "sum_areas": 0.23912757266681245,
  "final_score": 0.7749101533186717,
  "final_size_score": 0.3689885485081941,
  "final_matched_text_score": 0.9334600772263784,
  "final_position_score": 0.8269884520704858,
  "final_text_color_score": 0.9083253920887767,
  "final_clip_score": 0.8367882966995239
}