{
  "sum_areas": 0.07580471604954964,
  "final_score": 0.926005543428633,
  "final_size_score": 0.9999046363395536,
  "final_matched_text_score": 0.9898074053108274,
  "final_position_score": 0.7678179443387677,
  "final_text_color_score": 0.9428014096665889,
  "final_clip_score": 0.9296963214874268
}