{
  "sum_areas": 0.07611545138888888,
  "final_score": 0.9545715649039899,
  "final_size_score": 1.0000000000000002,
  "final_matched_text_score": 0.9229189398719494,
  "final_position_score": 0.9646825396825397,
  "final_text_color_score": 0.9587736079010983,
  "final_clip_score": 0.9264827370643616
}