{
  "sum_areas": 0.2670456681854374,
  "final_score": 0.7747552381636451,
  "final_size_score": 0.8168853031368931,
  "final_matched_text_score": 0.9928592767467449,
  "final_position_score": 0.7767469291370233,
  "final_text_color_score": 0.4206248021131156,
  "final_clip_score": 0.8666598796844482
}