{
  "sum_areas": 0.17201280381944445,
  "final_score": 0.8331831694438776,
  "final_size_score": 0.9061926359547583,
  "final_matched_text_score": 0.9864953352906276,
  "final_position_score": 0.6599942129629629,
  "final_text_color_score": 0.7137322797064429,
  "final_clip_score": 0.899501383304596
}