{
  "sum_areas": 0.02951943217844203,
  "final_score": 0.945141648550557,
  "final_size_score": 0.989212384182958,
  "final_matched_text_score": 1.0,
  "final_position_score": 0.823731884057971,
  "final_text_color_score": 0.9960362528207245,
  "final_clip_score": 0.9167277216911316
}