{
  "sum_areas": 0.16764901076900898,
  "final_score": 0.8372097874501283,
  "final_size_score": 0.9184759984258141,
  "final_matched_text_score": 0.9282841287629662,
  "final_position_score": 0.8238354865025542,
  "final_text_color_score": 0.6304828373952137,
  "final_clip_score": 0.884970486164093
}