{
  "sum_areas": 0.07220160590277777,
  "final_score": 0.859878058670287,
  "final_size_score": 1.0,
  "final_matched_text_score": 0.9123629048832811,
  "final_position_score": 0.8672619047619048,
  "final_text_color_score": 0.641350495188488,
  "final_clip_score": 0.8784149885177612
}