{
  "sum_areas": 0.09832999063096681,
  "final_score": 0.8866862752440818,
  "final_size_score": 0.965373065347625,
  "final_matched_text_score": 0.9893910913647757,
  "final_position_score": 0.6442228618421053,
  "final_text_color_score": 0.9197340743864841,
  "final_clip_score": 0.914710283279419
}