{
  "sum_areas": 0.3464209664878556,
  "final_score": 0.8026272510149302,
  "final_size_score": 0.6722835288777024,
  "final_matched_text_score": 0.9299969487278463,
  "final_position_score": 0.6574991082973854,
  "final_text_color_score": 0.8622114398321171,
  "final_clip_score": 0.8911452293395996
}