{
  "sum_areas": 0.059246629741099115,
  "final_score": 0.7824938770722861,
  "final_size_score": 0.6279796134948781,
  "final_matched_text_score": 0.9969040247678018,
  "final_position_score": 0.7656044839681337,
  "final_text_color_score": 0.621434116333437,
  "final_clip_score": 0.9005471467971802
}