{
  "sum_areas": 0.0071538628472222225,
  "final_score": 0.7577751131614446,
  "final_size_score": 0.6164113453662976,
  "final_matched_text_score": 1.0,
  "final_position_score": 0.9173611111111111,
  "final_text_color_score": 0.41130029961454334,
  "final_clip_score": 0.843802809715271
}