{
  "sum_areas": 0.02392419573887982,
  "final_score": 0.8862193304711754,
  "final_size_score": 0.9186668948899516,
  "final_matched_text_score": 1.0,
  "final_position_score": 0.8149797856906981,
  "final_text_color_score": 0.8129702106515703,
  "final_clip_score": 0.8844797611236572
}