{
  "sum_areas": 0.3281881737391542,
  "final_score": 0.7918612264836238,
  "final_size_score": 0.8493065869794502,
  "final_matched_text_score": 0.9164236397245947,
  "final_position_score": 0.7782862897420554,
  "final_text_color_score": 0.5021395438742404,
  "final_clip_score": 0.9131500720977783
}