{
  "sum_areas": 0.2131520493539796,
  "final_score": 0.530053458488199,
  "final_size_score": 0.018324506338331697,
  "final_matched_text_score": 0.6666666666666666,
  "final_position_score": 0.6926148557184364,
  "final_text_color_score": 0.4630784342421566,
  "final_clip_score": 0.8095828294754028
}