{
  "sum_areas": 0.043614034254988,
  "final_score": 0.6450838900862742,
  "final_size_score": 0.1860507939472377,
  "final_matched_text_score": 0.8095238095238096,
  "final_position_score": 0.5497777251683501,
  "final_text_color_score": 0.8896899817468075,
  "final_clip_score": 0.790377140045166
}