{
  "sum_areas": 0.19211035855785802,
  "final_score": 0.5730700542204595,
  "final_size_score": 0.006922970261175429,
  "final_matched_text_score": 0.9117647058823529,
  "final_position_score": 0.11950991678784945,
  "final_text_color_score": 0.9216438023240571,
  "final_clip_score": 0.9055088758468628
}