{
  "sum_areas": 0.046922743055555556,
  "final_score": 0.5781528774958695,
  "final_size_score": 0.1818518175931921,
  "final_matched_text_score": 0.5517241379310345,
  "final_position_score": 0.58984375,
  "final_text_color_score": 0.8564950988061647,
  "final_clip_score": 0.7108495831489563
}