{
  "sum_areas": 0.2846009283351531,
  "final_score": 0.6021599359532449,
  "final_size_score": 0.09267756560790555,
  "final_matched_text_score": 0.8668971477960241,
  "final_position_score": 0.4613304853088507,
  "final_text_color_score": 0.7124851421023329,
  "final_clip_score": 0.8774093389511108
}