{
  "sum_areas": 0.17108966288931893,
  "final_score": 0.5312212716941973,
  "final_size_score": 0.031018366139010038,
  "final_matched_text_score": 0.5641025641025641,
  "final_position_score": 0.851953125,
  "final_text_color_score": 0.36019999398334934,
  "final_clip_score": 0.8488323092460632
}