{
  "sum_areas": 0.2065408200578204,
  "final_score": 0.5344995650082873,
  "final_size_score": 0.014292957702091939,
  "final_matched_text_score": 0.5441176470588236,
  "final_position_score": 0.715849118111317,
  "final_text_color_score": 0.6669131314470054,
  "final_clip_score": 0.7313249707221985
}