{
  "sum_areas": 0.09209092881944442,
  "final_score": 0.5591722476140978,
  "final_size_score": 0.21540141312501723,
  "final_matched_text_score": 0.7710997442455243,
  "final_position_score": 0.5641890914351853,
  "final_text_color_score": 0.45263431333473925,
  "final_clip_score": 0.7925366759300232
}