{
  "sum_areas": 0.07606391857490963,
  "final_score": 0.49328900673573256,
  "final_size_score": 0.011444108329354042,
  "final_matched_text_score": 0.8235294117647058,
  "final_position_score": 0.26728580342542396,
  "final_text_color_score": 0.6419264866980281,
  "final_clip_score": 0.7222592234611511
}