{
  "sum_areas": 0.17675237014541972,
  "final_score": 0.643060966671691,
  "final_size_score": 0.24438680997238438,
  "final_matched_text_score": 0.7429172494172495,
  "final_position_score": 0.5986061585684432,
  "final_text_color_score": 0.7210690624600092,
  "final_clip_score": 0.9083255529403687
}