{
  "sum_areas": 0.29381922089134904,
  "final_score": 0.6800881865485318,
  "final_size_score": 0.021827075355783182,
  "final_matched_text_score": 0.88,
  "final_position_score": 0.7125,
  "final_text_color_score": 0.9644262782319072,
  "final_clip_score": 0.8216875791549683
}