{
  "sum_areas": 0.12701032877526205,
  "final_score": 0.6557678634811982,
  "final_size_score": 0.11037274583268032,
  "final_matched_text_score": 0.6465201465201466,
  "final_position_score": 0.7114250298312639,
  "final_text_color_score": 0.9705431771432871,
  "final_clip_score": 0.8399782180786133
}