{
  "sum_areas": 0.10700074175331083,
  "final_score": 0.5313433683833397,
  "final_size_score": 0.02407957042826784,
  "final_matched_text_score": 0.7745098039215685,
  "final_position_score": 0.40467449046527,
  "final_text_color_score": 0.6423501099751272,
  "final_clip_score": 0.8111028671264648
}