{
  "sum_areas": 0.2719914956448879,
  "final_score": 0.6292289061545671,
  "final_size_score": 0.19214469661277636,
  "final_matched_text_score": 0.8424162148491668,
  "final_position_score": 0.602978515625,
  "final_text_color_score": 0.706303041174448,
  "final_clip_score": 0.8023020625114441
}