{
  "sum_areas": 0.1931287494915944,
  "final_score": 0.4701672776450921,
  "final_size_score": 0.008590042119154439,
  "final_matched_text_score": 0.6451612903225806,
  "final_position_score": 0.5246414798746687,
  "final_text_color_score": 0.3143761230014942,
  "final_clip_score": 0.8580674529075623
}