{
  "sum_areas": 0.30793949856948416,
  "final_score": 0.5718880911841927,
  "final_size_score": 0.1045735689378468,
  "final_matched_text_score": 0.717948717948718,
  "final_position_score": 0.697265625,
  "final_text_color_score": 0.5235284028181207,
  "final_clip_score": 0.8161241412162781
}