{
  "sum_areas": 0.08240410844773499,
  "final_score": 0.605884159216663,
  "final_size_score": 0.24148238192536872,
  "final_matched_text_score": 0.9,
  "final_position_score": 0.4316572355730399,
  "final_text_color_score": 0.5967128211172548,
  "final_clip_score": 0.8595683574676514
}