{
  "sum_areas": 0.0708220603946707,
  "final_score": 0.5710740464963535,
  "final_size_score": 0.027050069520202447,
  "final_matched_text_score": 0.8333333333333334,
  "final_position_score": 0.5933682781339031,
  "final_text_color_score": 0.5666418187634629,
  "final_clip_score": 0.8349767327308655
}