{
  "sum_areas": 0.14013570460012703,
  "final_score": 0.49071008527650994,
  "final_size_score": 0.0414211535568136,
  "final_matched_text_score": 0.6470588235294118,
  "final_position_score": 0.5773999183006536,
  "final_text_color_score": 0.29759294005328757,
  "final_clip_score": 0.8900775909423828
}