{
  "sum_areas": 0.16379441508419323,
  "final_score": 0.6347352046137734,
  "final_size_score": 0.1892241018345997,
  "final_matched_text_score": 0.7957309847015729,
  "final_position_score": 0.7553486554803754,
  "final_text_color_score": 0.5541863064543877,
  "final_clip_score": 0.8791859745979309
}