{
  "sum_areas": 0.21810261677737167,
  "final_score": 0.6073034219296094,
  "final_size_score": 0.04396064977676572,
  "final_matched_text_score": 0.8727272727272727,
  "final_position_score": 0.5029946930157296,
  "final_text_color_score": 0.8032819357061903,
  "final_clip_score": 0.8135525584220886
}