{
  "sum_areas": 0.013587239583333334,
  "final_score": 0.5847139283611081,
  "final_size_score": 0.11907043603258265,
  "final_matched_text_score": 1.0,
  "final_position_score": 0.5659722222222222,
  "final_text_color_score": 0.41038404255265837,
  "final_clip_score": 0.8281429409980774
}