{
  "sum_areas": 0.10153452710176988,
  "final_score": 0.5798008257805519,
  "final_size_score": 0.07514858528541402,
  "final_matched_text_score": 0.6320028011204482,
  "final_position_score": 0.6253021639933628,
  "final_text_color_score": 0.7880532402085516,
  "final_clip_score": 0.7784973382949829
}