{
  "sum_areas": 0.48551663718779564,
  "final_score": 0.859961935724048,
  "final_size_score": 0.964055914055547,
  "final_matched_text_score": 0.8875876458846176,
  "final_position_score": 0.8813328407169281,
  "final_text_color_score": 0.6705234849676941,
  "final_clip_score": 0.8963097929954529
}