{
  "sum_areas": 0.24657089084441522,
  "final_score": 0.795248004037515,
  "final_size_score": 0.5586176545533151,
  "final_matched_text_score": 0.972703436765421,
  "final_position_score": 0.6544855566168117,
  "final_text_color_score": 0.8970368754792608,
  "final_clip_score": 0.8933964967727661
}