{
  "sum_areas": 0.33817576050574044,
  "final_score": 0.7920915910500201,
  "final_size_score": 0.5628406208791042,
  "final_matched_text_score": 0.960052204628378,
  "final_position_score": 0.8419709490039095,
  "final_text_color_score": 0.7597492467520449,
  "final_clip_score": 0.8358449339866638
}