{
  "sum_areas": 0.22922581093602074,
  "final_score": 0.84776701411438,
  "final_size_score": 0.9578962704993679,
  "final_matched_text_score": 0.8434555242508686,
  "final_position_score": 0.7933074029845751,
  "final_text_color_score": 0.7290239787445287,
  "final_clip_score": 0.9151518940925598
}