{
  "sum_areas": 0.22066262347178361,
  "final_score": 0.7767122727308451,
  "final_size_score": 0.3365945278985582,
  "final_matched_text_score": 0.9722582317863624,
  "final_position_score": 0.7687669853602308,
  "final_text_color_score": 0.935353375601414,
  "final_clip_score": 0.8705882430076599
}