{
  "sum_areas": 0.17835063381912772,
  "final_score": 0.8988454716421824,
  "final_size_score": 0.9825432673796415,
  "final_matched_text_score": 0.98697209653092,
  "final_position_score": 0.8267252604166666,
  "final_text_color_score": 0.7553709268272569,
  "final_clip_score": 0.942615807056427
}