{
  "sum_areas": 0.5233765497872818,
  "final_score": 0.9213295436467686,
  "final_size_score": 0.9468836145108505,
  "final_matched_text_score": 0.9675372974149556,
  "final_position_score": 0.9183276977770973,
  "final_text_color_score": 0.8502843681592349,
  "final_clip_score": 0.9236147403717041
}