{
  "sum_areas": 0.31856214917319925,
  "final_score": 0.6180316902142486,
  "final_size_score": 0.047000924545692026,
  "final_matched_text_score": 0.9391304347826086,
  "final_position_score": 0.5652369734271689,
  "final_text_color_score": 0.6872560497313318,
  "final_clip_score": 0.8515340685844421
}