{
  "sum_areas": 0.5593823689441251,
  "final_score": 0.9071761064335631,
  "final_size_score": 0.9909084999621447,
  "final_matched_text_score": 0.94444894905776,
  "final_position_score": 0.9106846554526947,
  "final_text_color_score": 0.7732653800572767,
  "final_clip_score": 0.9165730476379395
}