{
  "sum_areas": 0.21856730149400883,
  "final_score": 0.8747343322443286,
  "final_size_score": 0.9115626136149115,
  "final_matched_text_score": 0.9688142107050552,
  "final_position_score": 0.8884993297731225,
  "final_text_color_score": 0.6944822584942155,
  "final_clip_score": 0.9103132486343384
}