{
  "sum_areas": 0.2626399739583333,
  "final_score": 0.8979248358558231,
  "final_size_score": 0.8931993108833334,
  "final_matched_text_score": 0.9455030587566479,
  "final_position_score": 0.9162848395270273,
  "final_text_color_score": 0.8756157236788477,
  "final_clip_score": 0.8590212464332581
}