{
  "sum_areas": 0.20675101857208697,
  "final_score": 0.8447175998860321,
  "final_size_score": 0.8760115870290985,
  "final_matched_text_score": 0.9929393261450992,
  "final_position_score": 0.7525025602674302,
  "final_text_color_score": 0.7365029456357489,
  "final_clip_score": 0.8656315803527832
}