{
  "sum_areas": 0.0527455338035317,
  "final_score": 0.8187225493615421,
  "final_size_score": 0.9871280348014903,
  "final_matched_text_score": 0.9995189995189994,
  "final_position_score": 0.6111505681818182,
  "final_text_color_score": 0.6397327048827948,
  "final_clip_score": 0.8560824394226074
}