{
  "sum_areas": 0.338783113676893,
  "final_score": 0.8491222975179838,
  "final_size_score": 0.9917600666425423,
  "final_matched_text_score": 0.9789800053246356,
  "final_position_score": 0.8209121636949777,
  "final_text_color_score": 0.6076916113370955,
  "final_clip_score": 0.8462676405906677
}