{
  "sum_areas": 0.25741440062709237,
  "final_score": 0.8511718345459895,
  "final_size_score": 0.9254659794291916,
  "final_matched_text_score": 0.9735841613610734,
  "final_position_score": 0.7862384604699809,
  "final_text_color_score": 0.7116319966787472,
  "final_clip_score": 0.8589385747909546
}