{
  "sum_areas": 0.07674749042716723,
  "final_score": 0.8935600518808928,
  "final_size_score": 0.8203752605942957,
  "final_matched_text_score": 0.9949436339522546,
  "final_position_score": 0.9229648361500759,
  "final_text_color_score": 0.8199879156173229,
  "final_clip_score": 0.9095286130905151
}