{
  "sum_areas": 0.029487587749094206,
  "final_score": 0.9504578579902134,
  "final_size_score": 0.9902806609150577,
  "final_matched_text_score": 1.0,
  "final_position_score": 0.8264492753623189,
  "final_text_color_score": 0.9960362528207245,
  "final_clip_score": 0.9395231008529663
}