{
  "sum_areas": 0.006419553894927536,
  "final_score": 0.7646923720444634,
  "final_size_score": 0.6262474829871981,
  "final_matched_text_score": 1.0,
  "final_position_score": 0.9078577898550725,
  "final_text_color_score": 0.41130029961454334,
  "final_clip_score": 0.8780562877655029
}