{
  "sum_areas": 0.28004835186426236,
  "final_score": 0.8683409052635144,
  "final_size_score": 0.9746056645527865,
  "final_matched_text_score": 0.9543309976202223,
  "final_position_score": 0.9255108837400221,
  "final_text_color_score": 0.5676617388579103,
  "final_clip_score": 0.9195952415466309
}