{
  "sum_areas": 0.1488617163210178,
  "final_score": 0.910863170516819,
  "final_size_score": 0.9840826684498185,
  "final_matched_text_score": 0.9483116845114798,
  "final_position_score": 0.8490541078235389,
  "final_text_color_score": 0.8510916931374531,
  "final_clip_score": 0.9217756986618042
}