{
  "sum_areas": 0.21362732078147498,
  "final_score": 0.9225029984987064,
  "final_size_score": 0.9917387058778793,
  "final_matched_text_score": 0.9541039768312497,
  "final_position_score": 0.8754977578365135,
  "final_text_color_score": 0.860780617698011,
  "final_clip_score": 0.9303939342498779
}