{
  "sum_areas": 0.24391592314200777,
  "final_score": 0.7533376467814185,
  "final_size_score": 0.10888548414651779,
  "final_matched_text_score": 0.9484325303250392,
  "final_position_score": 0.9590540887020348,
  "final_text_color_score": 0.8245807763099775,
  "final_clip_score": 0.925735354423523
}