{
  "sum_areas": 0.2345101435869375,
  "final_score": 0.7663201595677651,
  "final_size_score": 0.4383249231788026,
  "final_matched_text_score": 0.9859722347008919,
  "final_position_score": 0.8759521578964028,
  "final_text_color_score": 0.7334756008676595,
  "final_clip_score": 0.7978758811950684
}