{
  "sum_areas": 0.6085704250658077,
  "final_score": 0.9175700263169674,
  "final_size_score": 1.0,
  "final_matched_text_score": 0.9624849211691358,
  "final_position_score": 0.8723171192651789,
  "final_text_color_score": 0.8045934130918979,
  "final_clip_score": 0.9484546780586243
}