{
  "sum_areas": 0.10554091171361947,
  "final_score": 0.8651633736443055,
  "final_size_score": 0.9234879427482651,
  "final_matched_text_score": 0.9509138868700208,
  "final_position_score": 0.7589642177722292,
  "final_text_color_score": 0.7570145124470704,
  "final_clip_score": 0.9354363083839417
}