{
  "sum_areas": 0.2884404826220061,
  "final_score": 0.9196448986113162,
  "final_size_score": 0.9875005318704222,
  "final_matched_text_score": 0.9606858201517864,
  "final_position_score": 0.9179244936386372,
  "final_text_color_score": 0.8411334037128738,
  "final_clip_score": 0.8909802436828613
}