{
  "sum_areas": 0.3290357115311159,
  "final_score": 0.8922652167083586,
  "final_size_score": 0.7707031258884065,
  "final_matched_text_score": 0.952556061262613,
  "final_position_score": 0.9491339340806252,
  "final_text_color_score": 0.8657045196412332,
  "final_clip_score": 0.9232284426689148
}