{
  "sum_areas": 0.523144377880948,
  "final_score": 0.9571366157786341,
  "final_size_score": 0.9986319822636109,
  "final_matched_text_score": 1.0,
  "final_position_score": 0.9582483280383167,
  "final_text_color_score": 0.8855187338622383,
  "final_clip_score": 0.9432840347290039
}