{
  "sum_areas": 0.2167143491345883,
  "final_score": 0.9067037545232474,
  "final_size_score": 0.9923093848039032,
  "final_matched_text_score": 0.9625790313174111,
  "final_position_score": 0.7714737997038917,
  "final_text_color_score": 0.9649608075081936,
  "final_clip_score": 0.8421957492828369
}