{
  "sum_areas": 0.16672676710625847,
  "final_score": 0.9414893986580131,
  "final_size_score": 0.9892258092248266,
  "final_matched_text_score": 0.999689054726368,
  "final_position_score": 0.9177986512360077,
  "final_text_color_score": 0.8872055125572089,
  "final_clip_score": 0.9135279655456543
}