{
  "sum_areas": 0.5008780016735425,
  "final_score": 0.8728592816352911,
  "final_size_score": 0.8316998874200643,
  "final_matched_text_score": 0.8574096525792871,
  "final_position_score": 0.8945552078468384,
  "final_text_color_score": 0.8291077006935779,
  "final_clip_score": 0.9515239596366882
}