{
  "sum_areas": 0.3811148970904629,
  "final_score": 0.8350948578204751,
  "final_size_score": 0.6386330634391667,
  "final_matched_text_score": 0.9813600440861521,
  "final_position_score": 0.8625639071458275,
  "final_text_color_score": 0.7826762666263579,
  "final_clip_score": 0.9102410078048706
}