{
  "sum_areas": 0.24177526719587578,
  "final_score": 0.8405601537115421,
  "final_size_score": 0.5239108032822669,
  "final_matched_text_score": 0.9601449275362318,
  "final_position_score": 0.9344671409833022,
  "final_text_color_score": 0.8614842699706315,
  "final_clip_score": 0.9227936267852783
}