{
  "sum_areas": 0.5533999903378976,
  "final_score": 0.9450820685748147,
  "final_size_score": 0.9999705890098467,
  "final_matched_text_score": 0.9975972040192224,
  "final_position_score": 0.859074985510498,
  "final_text_color_score": 0.9463997531315036,
  "final_clip_score": 0.9223678112030029
}