{
  "sum_areas": 0.273189431653184,
  "final_score": 0.8775157682806525,
  "final_size_score": 0.8840187422760927,
  "final_matched_text_score": 0.9321009992664785,
  "final_position_score": 0.828844532390715,
  "final_text_color_score": 0.8290227057451226,
  "final_clip_score": 0.9135918617248535
}