{
  "sum_areas": 0.057527126736111114,
  "final_score": 0.9747705826650306,
  "final_size_score": 1.0,
  "final_matched_text_score": 0.9825947248627661,
  "final_position_score": 0.977579365079365,
  "final_text_color_score": 0.938210307033229,
  "final_clip_score": 0.9754685163497925
}