{
  "sum_areas": 0.17186036164331278,
  "final_score": 0.912734852267409,
  "final_size_score": 0.9888179849385919,
  "final_matched_text_score": 0.9821738146255665,
  "final_position_score": 0.8320537677684349,
  "final_text_color_score": 0.9576433834499475,
  "final_clip_score": 0.8029853105545044
}