{
  "sum_areas": 0.47220693514359524,
  "final_score": 0.942736213591378,
  "final_size_score": 0.995661446893009,
  "final_matched_text_score": 0.9663180277852106,
  "final_position_score": 0.891845521004237,
  "final_text_color_score": 0.9140846761143078,
  "final_clip_score": 0.9457713961601257
}