{
  "sum_areas": 0.2495762393734985,
  "final_score": 0.8965331529991275,
  "final_size_score": 0.9390147472170484,
  "final_matched_text_score": 0.9892501875880425,
  "final_position_score": 0.8937342454459012,
  "final_text_color_score": 0.7587137220050828,
  "final_clip_score": 0.901952862739563
}