{
  "sum_areas": 0.2909138236899565,
  "final_score": 0.7162639746115794,
  "final_size_score": 0.23696187990596052,
  "final_matched_text_score": 0.9550922761449077,
  "final_position_score": 0.8871759074217763,
  "final_text_color_score": 0.6526998988873154,
  "final_clip_score": 0.849389910697937
}