{
  "sum_areas": 0.221075322881383,
  "final_score": 0.9026022900087693,
  "final_size_score": 0.9982609236182836,
  "final_matched_text_score": 0.9905724724101872,
  "final_position_score": 0.8312274950543233,
  "final_text_color_score": 0.792570722401757,
  "final_clip_score": 0.9003798365592957
}