{
  "sum_areas": 0.2075184461805555,
  "final_score": 0.8941878157610799,
  "final_size_score": 0.9949437644118402,
  "final_matched_text_score": 0.9253803618464502,
  "final_position_score": 0.8357056377923977,
  "final_text_color_score": 0.8730744715959893,
  "final_clip_score": 0.8418348431587219
}