{
  "sum_areas": 0.03082248263888889,
  "final_score": 0.9407733702903814,
  "final_size_score": 1.0,
  "final_matched_text_score": 1.0,
  "final_position_score": 0.8534722222222222,
  "final_text_color_score": 0.9839651214972933,
  "final_clip_score": 0.8664295077323914
}