{
  "sum_areas": 0.07203207083152904,
  "final_score": 0.9345154019947177,
  "final_size_score": 0.9998996417135015,
  "final_matched_text_score": 0.9920895304753573,
  "final_position_score": 0.8319434209310055,
  "final_text_color_score": 0.8999196105449779,
  "final_clip_score": 0.9487248063087463
}