{
  "sum_areas": 0.1051464968884912,
  "final_score": 0.9244499469851419,
  "final_size_score": 0.9779516839614925,
  "final_matched_text_score": 0.9508928571428572,
  "final_position_score": 0.9010102866126579,
  "final_text_color_score": 0.8517176220143055,
  "final_clip_score": 0.940677285194397
}