{
  "sum_areas": 0.2110830990568744,
  "final_score": 0.8602969529600251,
  "final_size_score": 0.8032377348744678,
  "final_matched_text_score": 0.9963562753036437,
  "final_position_score": 0.8450655941902012,
  "final_text_color_score": 0.7569896930932504,
  "final_clip_score": 0.899835467338562
}