{
  "sum_areas": 0.47987936532074305,
  "final_score": 0.7667562567058762,
  "final_size_score": 0.23050467721380544,
  "final_matched_text_score": 0.957712710110146,
  "final_position_score": 0.9233722729257965,
  "final_text_color_score": 0.805504432746949,
  "final_clip_score": 0.9166871905326843
}