{
  "sum_areas": 0.18723260582995382,
  "final_score": 0.9535723016265298,
  "final_size_score": 1.0,
  "final_matched_text_score": 0.9878137065637065,
  "final_position_score": 0.9345909349061182,
  "final_text_color_score": 0.8872302455118533,
  "final_clip_score": 0.9582266211509705
}