{
  "sum_areas": 0.17238508465535027,
  "final_score": 0.7528546501943811,
  "final_size_score": 0.45883586174035224,
  "final_matched_text_score": 0.9052033056802661,
  "final_position_score": 0.9057989163901854,
  "final_text_color_score": 0.6202057360087582,
  "final_clip_score": 0.8742294311523438
}