{
  "sum_areas": 0.25366427951388887,
  "final_score": 0.9127921926332576,
  "final_size_score": 0.9466414574573205,
  "final_matched_text_score": 0.9597968976219442,
  "final_position_score": 0.8225654987373737,
  "final_text_color_score": 0.9223555191930948,
  "final_clip_score": 0.9126015901565552
}