{
  "sum_areas": 0.20097914377028225,
  "final_score": 0.8538647423341736,
  "final_size_score": 0.8739875831169707,
  "final_matched_text_score": 0.9555945785083593,
  "final_position_score": 0.9041487044645298,
  "final_text_color_score": 0.6252215420226589,
  "final_clip_score": 0.9103713035583496
}