{
  "sum_areas": 0.6082652689023967,
  "final_score": 0.8936696623947059,
  "final_size_score": 1.0000000000000002,
  "final_matched_text_score": 0.9431377918506691,
  "final_position_score": 0.8522291309814689,
  "final_text_color_score": 0.736935623264621,
  "final_clip_score": 0.93604576587677
}