{
  "sum_areas": 0.09576145710295945,
  "final_score": 0.8408548095944678,
  "final_size_score": 0.8071951868899939,
  "final_matched_text_score": 0.9297604109082585,
  "final_position_score": 0.8011620085709548,
  "final_text_color_score": 0.7399732178787671,
  "final_clip_score": 0.9261832237243652
}