{
  "sum_areas": 0.07638866115803288,
  "final_score": 0.8025584260592995,
  "final_size_score": 0.9592874660402211,
  "final_matched_text_score": 0.9757137340454876,
  "final_position_score": 0.8561633208993977,
  "final_text_color_score": 0.30263234811906925,
  "final_clip_score": 0.9189952611923218
}