{
  "sum_areas": 0.37026464252386315,
  "final_score": 0.928340971285043,
  "final_size_score": 0.8587386665064392,
  "final_matched_text_score": 0.9891110240196894,
  "final_position_score": 0.9383392123100593,
  "final_text_color_score": 0.9440407124047923,
  "final_clip_score": 0.9114752411842346
}