{
  "sum_areas": 0.1265892550038563,
  "final_score": 0.8623759046666422,
  "final_size_score": 0.9878295133839807,
  "final_matched_text_score": 0.9880919565576934,
  "final_position_score": 0.8799989935178023,
  "final_text_color_score": 0.5404934665357221,
  "final_clip_score": 0.9154655933380127
}