{
  "sum_areas": 0.020237630208333336,
  "final_score": 0.9484554957685218,
  "final_size_score": 0.9839150715779313,
  "final_matched_text_score": 1.0,
  "final_position_score": 0.8524305555555556,
  "final_text_color_score": 0.9960362528207245,
  "final_clip_score": 0.9098955988883972
}