{
  "sum_areas": 0.02535481770833333,
  "final_score": 0.7514926307067569,
  "final_size_score": 0.5055847990756195,
  "final_matched_text_score": 1.0,
  "final_position_score": 0.913888888888889,
  "final_text_color_score": 0.4056785267341313,
  "final_clip_score": 0.932310938835144
}