{
  "sum_areas": 0.33803557800083844,
  "final_score": 0.9300344296123442,
  "final_size_score": 0.9868213891329459,
  "final_matched_text_score": 0.9431774930550975,
  "final_position_score": 0.9007353661488107,
  "final_text_color_score": 0.8612889434260392,
  "final_clip_score": 0.9581489562988281
}