{
  "sum_areas": 0.10888480018284127,
  "final_score": 0.7754572461745464,
  "final_size_score": 0.2602028800170391,
  "final_matched_text_score": 0.8619047619047618,
  "final_position_score": 0.8549248260318283,
  "final_text_color_score": 0.9719233414713481,
  "final_clip_score": 0.9283304214477539
}