{
  "sum_areas": 0.4020708968370377,
  "final_score": 0.8879681580137003,
  "final_size_score": 0.9565960832484397,
  "final_matched_text_score": 0.8873600731577999,
  "final_position_score": 0.8707508478040658,
  "final_text_color_score": 0.804712125911755,
  "final_clip_score": 0.9204216599464417
}