{
  "sum_areas": 0.18086221939981098,
  "final_score": 0.8906535260233771,
  "final_size_score": 0.845915717197331,
  "final_matched_text_score": 0.9965277777777778,
  "final_position_score": 0.8977460866734601,
  "final_text_color_score": 0.9138015773303156,
  "final_clip_score": 0.7992764711380005
}