{
  "sum_areas": 0.1994639558902666,
  "final_score": 0.9498457927070991,
  "final_size_score": 0.9999999999999999,
  "final_matched_text_score": 0.9854651894750094,
  "final_position_score": 0.9526596417904283,
  "final_text_color_score": 0.8565806284896931,
  "final_clip_score": 0.954523503780365
}