{
  "sum_areas": 0.5224859184792803,
  "final_score": 0.9597633043304094,
  "final_size_score": 1.0,
  "final_matched_text_score": 0.9943385799089512,
  "final_position_score": 0.8889330702381945,
  "final_text_color_score": 0.9654707948523734,
  "final_clip_score": 0.9500740766525269
}