{
  "sum_areas": 0.26078197198044273,
  "final_score": 0.8570564189870288,
  "final_size_score": 0.6477455233600852,
  "final_matched_text_score": 0.9685361235229296,
  "final_position_score": 0.8855852981648639,
  "final_text_color_score": 0.8428919426996123,
  "final_clip_score": 0.9405232071876526
}