{
  "sum_areas": 0.5215833561312069,
  "final_score": 0.8258415719902583,
  "final_size_score": 0.5628352037755326,
  "final_matched_text_score": 0.905837243058585,
  "final_position_score": 0.8873544852358062,
  "final_text_color_score": 0.8317261597005209,
  "final_clip_score": 0.9414547681808472
}