{
  "sum_areas": 0.5607567218076792,
  "final_score": 0.8803805673856036,
  "final_size_score": 0.7791177657560001,
  "final_matched_text_score": 0.9604803493449783,
  "final_position_score": 0.8924444184295345,
  "final_text_color_score": 0.90149048566374,
  "final_clip_score": 0.8683698177337646
}