{
  "sum_areas": 0.3020036553995953,
  "final_score": 0.8955720589085447,
  "final_size_score": 0.9427194697161172,
  "final_matched_text_score": 0.9649714523267399,
  "final_position_score": 0.8996114950240102,
  "final_text_color_score": 0.7585261077233538,
  "final_clip_score": 0.9120317697525024
}