{
  "sum_areas": 0.19815668879619414,
  "final_score": 0.8558009663391506,
  "final_size_score": 0.8446494955594035,
  "final_matched_text_score": 0.9922156790577844,
  "final_position_score": 0.8673620384251055,
  "final_text_color_score": 0.6793549215861981,
  "final_clip_score": 0.8954226970672607
}