{
  "sum_areas": 0.3315825948726443,
  "final_score": 0.6106480469485747,
  "final_size_score": 0.19296193261443537,
  "final_matched_text_score": 0.7229813664596273,
  "final_position_score": 0.5049458002061249,
  "final_text_color_score": 0.8084995500745016,
  "final_clip_score": 0.8238515853881836
}