{
  "sum_areas": 0.03352864583333334,
  "final_score": 0.9277300314896375,
  "final_size_score": 0.9888560574081889,
  "final_matched_text_score": 1.0,
  "final_position_score": 0.8067481884057971,
  "final_text_color_score": 0.9960362528207245,
  "final_clip_score": 0.8470096588134766
}