{
  "sum_areas": 0.21696839222110262,
  "final_score": 0.7910136774901138,
  "final_size_score": 0.47889508475500764,
  "final_matched_text_score": 0.9692357271729868,
  "final_position_score": 0.7736157166945477,
  "final_text_color_score": 0.8873717321800768,
  "final_clip_score": 0.8459501266479492
}