{
  "sum_areas": 0.4029200424382715,
  "final_score": 0.7466766868125471,
  "final_size_score": 0.4204967673854023,
  "final_matched_text_score": 0.9917908657964163,
  "final_position_score": 0.7425003786579791,
  "final_text_color_score": 0.8412584886101139,
  "final_clip_score": 0.7373369336128235
}