{
  "sum_areas": 0.34059549563523167,
  "final_score": 0.8350884591634842,
  "final_size_score": 0.7678145543484953,
  "final_matched_text_score": 0.9072462738847548,
  "final_position_score": 0.7514824002027665,
  "final_text_color_score": 0.8176183948312031,
  "final_clip_score": 0.9312806725502014
}