{
  "sum_areas": 0.11446588509686834,
  "final_score": 0.902107686721606,
  "final_size_score": 1.0,
  "final_matched_text_score": 0.9854913969087197,
  "final_position_score": 0.8329180085985715,
  "final_text_color_score": 0.8099105479905702,
  "final_clip_score": 0.8822184801101685
}