{
  "sum_areas": 0.08141375917655262,
  "final_score": 0.918520087077636,
  "final_size_score": 0.9200228669311805,
  "final_matched_text_score": 0.9965045984585851,
  "final_position_score": 0.9148337854610631,
  "final_text_color_score": 0.8359066383032198,
  "final_clip_score": 0.9253325462341309
}