{
  "sum_areas": 0.037211202681150704,
  "final_score": 0.9176900835024502,
  "final_size_score": 0.8828039098855668,
  "final_matched_text_score": 0.9954594017094016,
  "final_position_score": 0.9342962731704382,
  "final_text_color_score": 0.885994916761737,
  "final_clip_score": 0.8898959159851074
}