{
  "sum_areas": 0.06265912135459163,
  "final_score": 0.8793764094867513,
  "final_size_score": 0.8511883303393817,
  "final_matched_text_score": 0.9629413796080463,
  "final_position_score": 0.8558088757273371,
  "final_text_color_score": 0.7945123599599798,
  "final_clip_score": 0.9324311017990112
}