{
  "sum_areas": 0.04197824932633054,
  "final_score": 0.9257429106869124,
  "final_size_score": 0.8505138283292142,
  "final_matched_text_score": 1.0,
  "final_position_score": 0.9378484160275675,
  "final_text_color_score": 0.9183376553950714,
  "final_clip_score": 0.9220146536827087
}