{
  "sum_areas": 0.039391734498569746,
  "final_score": 0.6279055028305717,
  "final_size_score": 0.03962516275688612,
  "final_matched_text_score": 0.9117647058823529,
  "final_position_score": 0.646875,
  "final_text_color_score": 0.6548529455967798,
  "final_clip_score": 0.8864096999168396
}