{
  "sum_areas": 0.015773654513888888,
  "final_score": 0.6269913273556065,
  "final_size_score": 0.7189241246474514,
  "final_matched_text_score": 1.0,
  "final_position_score": 0.5881944444444445,
  "final_text_color_score": 0.007299904501016474,
  "final_clip_score": 0.8205381631851196
}