{
  "sum_areas": 0.1997976360136014,
  "final_score": 0.7082694773074616,
  "final_size_score": 0.013361455743377205,
  "final_matched_text_score": 1.0,
  "final_position_score": 0.7502762776277627,
  "final_text_color_score": 0.9586565397056271,
  "final_clip_score": 0.8190531134605408
}