{
  "sum_areas": 0.1266069878472222,
  "final_score": 0.6417674569248583,
  "final_size_score": 0.017183603157326387,
  "final_matched_text_score": 0.7857142857142857,
  "final_position_score": 0.9201388888888888,
  "final_text_color_score": 0.6167941711284693,
  "final_clip_score": 0.869006335735321
}