{
  "sum_areas": 0.19215171415504265,
  "final_score": 0.4821836197566194,
  "final_size_score": 0.017178263908073643,
  "final_matched_text_score": 0.604040404040404,
  "final_position_score": 0.29986979166666666,
  "final_text_color_score": 0.6669131314470054,
  "final_clip_score": 0.8229165077209473
}