{
  "sum_areas": 0.259597935635712,
  "final_score": 0.5716128750707558,
  "final_size_score": 0.05018071275882491,
  "final_matched_text_score": 0.7391304347826086,
  "final_position_score": 0.683984375,
  "final_text_color_score": 0.7027160616937236,
  "final_clip_score": 0.6820527911186218
}