{
  "sum_areas": 0.028908420138888887,
  "final_score": 0.6037977548811302,
  "final_size_score": 0.05844155844155845,
  "final_matched_text_score": 0.7142857142857143,
  "final_position_score": 0.6539062499999999,
  "final_text_color_score": 0.81135690248862,
  "final_clip_score": 0.7809983491897583
}