{
  "sum_areas": 0.5536645913530954,
  "final_score": 0.6109930474778894,
  "final_size_score": 0.43769937170299505,
  "final_matched_text_score": 0.5357142857142857,
  "final_position_score": 0.729296875,
  "final_text_color_score": 0.5903395576676312,
  "final_clip_score": 0.7619151473045349
}