{
  "sum_areas": 0.10184577404457151,
  "final_score": 0.5117237423936544,
  "final_size_score": 0.026896867383533012,
  "final_matched_text_score": 0.7307692307692308,
  "final_position_score": 0.30359098886468167,
  "final_text_color_score": 0.6649269707149862,
  "final_clip_score": 0.8324346542358398
}