{
  "sum_areas": 0.07194787995106774,
  "final_score": 0.5861037168754458,
  "final_size_score": 0.28405145147604355,
  "final_matched_text_score": 0.7142187320875845,
  "final_position_score": 0.5908579581676003,
  "final_text_color_score": 0.5155452010993697,
  "final_clip_score": 0.8258452415466309
}