{
  "sum_areas": 0.3287046996363218,
  "final_score": 0.6777137360261956,
  "final_size_score": 0.03701544609643995,
  "final_matched_text_score": 0.96,
  "final_position_score": 0.8078124999999999,
  "final_text_color_score": 0.737259231978416,
  "final_clip_score": 0.8464815020561218
}