{
  "sum_areas": 0.12060149451974567,
  "final_score": 0.5222121786235119,
  "final_size_score": 0.1552036141216627,
  "final_matched_text_score": 0.9855072463768116,
  "final_position_score": 0.6607429718875503,
  "final_text_color_score": 1.509796425658294e-07,
  "final_clip_score": 0.8096069097518921
}