{
  "sum_areas": 0.18334148905732328,
  "final_score": 0.5114831118806904,
  "final_size_score": 0.0664026958863918,
  "final_matched_text_score": 0.6691542288557214,
  "final_position_score": 0.43153676294747717,
  "final_text_color_score": 0.578666946367487,
  "final_clip_score": 0.8116549253463745
}