{
  "sum_areas": 0.20193385711637,
  "final_score": 0.6334659387516455,
  "final_size_score": 0.15999029868277334,
  "final_matched_text_score": 0.72434840993713,
  "final_position_score": 0.7617517585850413,
  "final_text_color_score": 0.6168300564025259,
  "final_clip_score": 0.9044091701507568
}