{
  "sum_areas": 0.1386229085042822,
  "final_score": 0.6365020129551903,
  "final_size_score": 0.18923574927338677,
  "final_matched_text_score": 0.8840970350404312,
  "final_position_score": 0.6010275855863062,
  "final_text_color_score": 0.7101745719472073,
  "final_clip_score": 0.7979751229286194
}