{
  "sum_areas": 0.31525257353475067,
  "final_score": 0.6899255172244713,
  "final_size_score": 0.24620482125000426,
  "final_matched_text_score": 0.8621126840639036,
  "final_position_score": 0.6682938177078794,
  "final_text_color_score": 0.7971543799371166,
  "final_clip_score": 0.8758618831634521
}