{
  "sum_areas": 0.1940265124303379,
  "final_score": 0.6293702570768903,
  "final_size_score": 0.33900888910985694,
  "final_matched_text_score": 0.8533233383308346,
  "final_position_score": 0.6025587683588761,
  "final_text_color_score": 0.5387647033803548,
  "final_clip_score": 0.8131955862045288
}