{
  "sum_areas": 0.14716758088174958,
  "final_score": 0.6176688619112952,
  "final_size_score": 0.15775786280799342,
  "final_matched_text_score": 0.975,
  "final_position_score": 0.59375,
  "final_text_color_score": 0.5573722257478111,
  "final_clip_score": 0.8044642210006714
}