{
  "sum_areas": 0.31794560851894527,
  "final_score": 0.5905617568163389,
  "final_size_score": 0.03414072854733216,
  "final_matched_text_score": 0.5,
  "final_position_score": 0.6128906249999999,
  "final_text_color_score": 1.0,
  "final_clip_score": 0.8057774305343628
}