{
  "sum_areas": 0.3350234633655607,
  "final_score": 0.6200543691195295,
  "final_size_score": 0.2981947374079167,
  "final_matched_text_score": 0.7033106960950763,
  "final_position_score": 0.8177969182927116,
  "final_text_color_score": 0.44102304499899453,
  "final_clip_score": 0.839946448802948
}