{
  "sum_areas": 0.13384365235374154,
  "final_score": 0.9251806485386539,
  "final_size_score": 0.9927004272108835,
  "final_matched_text_score": 0.9953830276375494,
  "final_position_score": 0.8562191818720294,
  "final_text_color_score": 0.856706809528868,
  "final_clip_score": 0.9248937964439392
}