{
  "sum_areas": 0.19178011904647846,
  "final_score": 0.9106446572967155,
  "final_size_score": 0.8690429578803246,
  "final_matched_text_score": 0.9695348419190615,
  "final_position_score": 0.9199015141902668,
  "final_text_color_score": 0.8988394314782994,
  "final_clip_score": 0.895904541015625
}