{
  "sum_areas": 0.09189848383962433,
  "final_score": 0.9436116086243003,
  "final_size_score": 0.9999213369481244,
  "final_matched_text_score": 0.9899215367965368,
  "final_position_score": 0.8196384637872818,
  "final_text_color_score": 0.9547146345522661,
  "final_clip_score": 0.9538620710372925
}