{
  "sum_areas": 0.2899809988279817,
  "final_score": 0.9297362840072758,
  "final_size_score": 0.9846374784565265,
  "final_matched_text_score": 0.9459949163497463,
  "final_position_score": 0.8290081805857351,
  "final_text_color_score": 0.9186110665453104,
  "final_clip_score": 0.9704297780990601
}