{
  "sum_areas": 0.6478477579921723,
  "final_score": 0.9086977698514174,
  "final_size_score": 0.9958559793090337,
  "final_matched_text_score": 0.9374420728241573,
  "final_position_score": 0.8679470014759249,
  "final_text_color_score": 0.8007751395848917,
  "final_clip_score": 0.9414686560630798
}