{
  "sum_areas": 0.4970945801610988,
  "final_score": 0.9266771819549171,
  "final_size_score": 0.9997927517576461,
  "final_matched_text_score": 0.8908139711494093,
  "final_position_score": 0.9010878607680894,
  "final_text_color_score": 0.8866800775108774,
  "final_clip_score": 0.955011248588562
}