{
  "sum_areas": 0.2781743095012305,
  "final_score": 0.8823313775966288,
  "final_size_score": 0.9941398813858494,
  "final_matched_text_score": 0.9753353392148502,
  "final_position_score": 0.8283697656376604,
  "final_text_color_score": 0.7560117756690389,
  "final_clip_score": 0.8578001260757446
}