{
  "sum_areas": 0.36758604696530217,
  "final_score": 0.9225700868855494,
  "final_size_score": 0.9817108848056154,
  "final_matched_text_score": 0.9879472899088906,
  "final_position_score": 0.8968021487365735,
  "final_text_color_score": 0.8185619778704359,
  "final_clip_score": 0.9278281331062317
}