{
  "sum_areas": 0.15763005016851903,
  "final_score": 0.8977714145330439,
  "final_size_score": 0.9321646686543436,
  "final_matched_text_score": 0.9512190451300492,
  "final_position_score": 0.8640242881673169,
  "final_text_color_score": 0.7895898349499596,
  "final_clip_score": 0.9518592357635498
}