{
  "sum_areas": 0.35312467242146517,
  "final_score": 0.863524017445048,
  "final_size_score": 0.5990556491443362,
  "final_matched_text_score": 0.9499701929198852,
  "final_position_score": 0.8097117018666518,
  "final_text_color_score": 0.9868163792776438,
  "final_clip_score": 0.9720661640167236
}