{
  "sum_areas": 0.1435945510491881,
  "final_score": 0.8447146286503115,
  "final_size_score": 0.6533145571116041,
  "final_matched_text_score": 0.8930183081807652,
  "final_position_score": 0.8831473214285712,
  "final_text_color_score": 0.8837457928534007,
  "final_clip_score": 0.9103471636772156
}