{
  "sum_areas": 0.02777445372251295,
  "final_score": 0.9179197810703619,
  "final_size_score": 0.918505258921974,
  "final_matched_text_score": 1.0,
  "final_position_score": 0.9209889485084303,
  "final_text_color_score": 0.823023589828143,
  "final_clip_score": 0.9270811080932617
}