{
  "sum_areas": 0.49427718631707857,
  "final_score": 0.9479028180328722,
  "final_size_score": 1.0000000000000002,
  "final_matched_text_score": 0.9706524224905323,
  "final_position_score": 0.9499075041530428,
  "final_text_color_score": 0.9654779967956273,
  "final_clip_score": 0.8534761667251587
}