{
  "sum_areas": 0.2694487946053255,
  "final_score": 0.9429773767331636,
  "final_size_score": 0.9834668425656977,
  "final_matched_text_score": 0.9459949163497463,
  "final_position_score": 0.9442368605115531,
  "final_text_color_score": 0.9376148704171043,
  "final_clip_score": 0.9035733938217163
}