{
  "sum_areas": 0.09589001435817344,
  "final_score": 0.7704865919124826,
  "final_size_score": 0.3023647425217717,
  "final_matched_text_score": 0.8791666666666667,
  "final_position_score": 0.7769613720945759,
  "final_text_color_score": 0.9894388593478189,
  "final_clip_score": 0.9045013189315796
}