{
  "sum_areas": 0.30677858492794713,
  "final_score": 0.9200279675510065,
  "final_size_score": 0.9916605703284804,
  "final_matched_text_score": 0.9889747069200956,
  "final_position_score": 0.8143708881578947,
  "final_text_color_score": 0.886322529903951,
  "final_clip_score": 0.9188111424446106
}