{
  "sum_areas": 0.48080652459002376,
  "final_score": 0.8412035982467772,
  "final_size_score": 0.8038764763904058,
  "final_matched_text_score": 0.8807293069371593,
  "final_position_score": 0.8990577711531946,
  "final_text_color_score": 0.7423053272942022,
  "final_clip_score": 0.8800491094589233
}