{
  "sum_areas": 0.1416228892236547,
  "final_score": 0.8775465563730731,
  "final_size_score": 0.9962481811666736,
  "final_matched_text_score": 0.9911439987029881,
  "final_position_score": 0.7577602061109978,
  "final_text_color_score": 0.76773584479828,
  "final_clip_score": 0.8748445510864258
}