{
  "sum_areas": 0.2732937428637073,
  "final_score": 0.8970736142789051,
  "final_size_score": 0.9990572551208234,
  "final_matched_text_score": 0.9732142857142859,
  "final_position_score": 0.7741489930607128,
  "final_text_color_score": 0.8336371451189426,
  "final_clip_score": 0.9053103923797607
}