{
  "sum_areas": 0.07158817996735871,
  "final_score": 0.9128671576814817,
  "final_size_score": 0.9998990194302342,
  "final_matched_text_score": 0.9916012806637807,
  "final_position_score": 0.8207057217816877,
  "final_text_color_score": 0.8119069071490764,
  "final_clip_score": 0.9402228593826294
}