{
  "sum_areas": 0.19425130208333333,
  "final_score": 0.8938191224137925,
  "final_size_score": 0.8703287864061401,
  "final_matched_text_score": 0.9665559166840173,
  "final_position_score": 0.7493408203124999,
  "final_text_color_score": 0.9800079570706925,
  "final_clip_score": 0.9028621315956116
}