{
  "sum_areas": 0.0850092031310076,
  "final_score": 0.9383470786357825,
  "final_size_score": 0.9549418971643313,
  "final_matched_text_score": 0.9953620621935694,
  "final_position_score": 0.9408963205587185,
  "final_text_color_score": 0.8655360049477787,
  "final_clip_score": 0.9349991083145142
}