{
  "sum_areas": 0.21075296097016175,
  "final_score": 0.733398973548088,
  "final_size_score": 0.4185132140305577,
  "final_matched_text_score": 0.9251183321425818,
  "final_position_score": 0.7987184595058828,
  "final_text_color_score": 0.6425163849648601,
  "final_clip_score": 0.8821284770965576
}