{
  "sum_areas": 0.24601504939259716,
  "final_score": 0.9311519149908052,
  "final_size_score": 0.9961979479224709,
  "final_matched_text_score": 0.9952574525745258,
  "final_position_score": 0.7829647577841438,
  "final_text_color_score": 0.9548300959369539,
  "final_clip_score": 0.9265093207359314
}