{
  "sum_areas": 0.09394656534382542,
  "final_score": 0.8286165355502662,
  "final_size_score": 0.5817986917187372,
  "final_matched_text_score": 0.9775992247788983,
  "final_position_score": 0.7821545239800377,
  "final_text_color_score": 0.8767300201220157,
  "final_clip_score": 0.9248002171516418
}