{
  "sum_areas": 0.10829492394426232,
  "final_score": 0.8895323185052304,
  "final_size_score": 0.8069734854138889,
  "final_matched_text_score": 0.9854425144747726,
  "final_position_score": 0.9119782872301683,
  "final_text_color_score": 0.8118887620303996,
  "final_clip_score": 0.9313785433769226
}