{
  "sum_areas": 0.1913383852186311,
  "final_score": 0.9020957053646896,
  "final_size_score": 0.8898521025498801,
  "final_matched_text_score": 0.9956105149936805,
  "final_position_score": 0.9050086541508238,
  "final_text_color_score": 0.8425178075353742,
  "final_clip_score": 0.877489447593689
}