{
  "sum_areas": 0.2768511859891792,
  "final_score": 0.8943540062258241,
  "final_size_score": 0.9981918480515627,
  "final_matched_text_score": 0.9870674734901822,
  "final_position_score": 0.7812712255191866,
  "final_text_color_score": 0.8012868854964112,
  "final_clip_score": 0.9039525985717773
}