{
  "sum_areas": 0.2303894040761557,
  "final_score": 0.8652318060911489,
  "final_size_score": 0.7123417862430104,
  "final_matched_text_score": 0.9933931323383657,
  "final_position_score": 0.8795322772826655,
  "final_text_color_score": 0.8388375247467321,
  "final_clip_score": 0.9020543098449707
}