{
  "sum_areas": 0.17154208107079902,
  "final_score": 0.8956250820878012,
  "final_size_score": 0.9159145206117479,
  "final_matched_text_score": 0.9949262118120249,
  "final_position_score": 0.8033368006322393,
  "final_text_color_score": 0.8430667848346238,
  "final_clip_score": 0.9208810925483704
}