{
  "sum_areas": 0.27463500904600857,
  "final_score": 0.9330520686898769,
  "final_size_score": 0.9939093993838608,
  "final_matched_text_score": 0.9396950466224329,
  "final_position_score": 0.9245231735484277,
  "final_text_color_score": 0.8710979252725312,
  "final_clip_score": 0.9360347986221313
}