{
  "sum_areas": 0.6240995088282209,
  "final_score": 0.7763782182321673,
  "final_size_score": 0.1634415336299163,
  "final_matched_text_score": 0.9654589780285944,
  "final_position_score": 0.890807580412823,
  "final_text_color_score": 0.9310537819416757,
  "final_clip_score": 0.9311292171478271
}