{
  "sum_areas": 0.20146058412561224,
  "final_score": 0.9005916563956586,
  "final_size_score": 0.8744227107271497,
  "final_matched_text_score": 0.9555945785083593,
  "final_position_score": 0.8963091497822617,
  "final_text_color_score": 0.8988254774705616,
  "final_clip_score": 0.8778063654899597
}