{
  "sum_areas": 0.22847554796062175,
  "final_score": 0.898889092236127,
  "final_size_score": 0.9727979398470452,
  "final_matched_text_score": 0.9862550261644643,
  "final_position_score": 0.9710731351165631,
  "final_text_color_score": 0.6383551237931016,
  "final_clip_score": 0.9259642362594604
}