{
  "sum_areas": 0.30721862534842365,
  "final_score": 0.8127321722153966,
  "final_size_score": 0.5462178675052595,
  "final_matched_text_score": 0.922638195721332,
  "final_position_score": 0.7891557634083045,
  "final_text_color_score": 0.8792917055503326,
  "final_clip_score": 0.9263573288917542
}