{
  "sum_areas": 0.27585766157714275,
  "final_score": 0.8616413643869187,
  "final_size_score": 0.7088799719368618,
  "final_matched_text_score": 0.9860017457638866,
  "final_position_score": 0.878519028848996,
  "final_text_color_score": 0.8344293978717263,
  "final_clip_score": 0.9003766775131226
}