{
  "sum_areas": 0.29395124949438767,
  "final_score": 0.8076871300946223,
  "final_size_score": 0.4016652926832036,
  "final_matched_text_score": 0.9942649281934997,
  "final_position_score": 0.8668782488599647,
  "final_text_color_score": 0.8162833897284484,
  "final_clip_score": 0.9593437910079956
}