{
  "sum_areas": 0.6558219696154012,
  "final_score": 0.9360408049455833,
  "final_size_score": 0.9974363353446781,
  "final_matched_text_score": 1.0,
  "final_position_score": 0.896852593893112,
  "final_text_color_score": 0.8846359440504593,
  "final_clip_score": 0.9012791514396667
}