{
  "sum_areas": 0.4708620992333247,
  "final_score": 0.89191915645401,
  "final_size_score": 0.7338117080060574,
  "final_matched_text_score": 0.992681084347751,
  "final_position_score": 0.875854873973792,
  "final_text_color_score": 0.909515548155279,
  "final_clip_score": 0.9477325677871704
}