{
  "sum_areas": 0.28874208528391293,
  "final_score": 0.9242005408707392,
  "final_size_score": 0.9925506683897704,
  "final_matched_text_score": 0.9747587484570029,
  "final_position_score": 0.9016593919961046,
  "final_text_color_score": 0.8168270650092625,
  "final_clip_score": 0.9352068305015564
}