{
  "sum_areas": 0.49650945667528484,
  "final_score": 0.9097943457576863,
  "final_size_score": 0.9621072308486982,
  "final_matched_text_score": 0.9402847586950236,
  "final_position_score": 0.8963303902307479,
  "final_text_color_score": 0.8239264120022426,
  "final_clip_score": 0.9263229370117188
}