{
  "sum_areas": 0.19644525187468329,
  "final_score": 0.9432201173058584,
  "final_size_score": 0.9952385612748573,
  "final_matched_text_score": 0.9951635191156148,
  "final_position_score": 0.8234549661823037,
  "final_text_color_score": 0.9646368476423675,
  "final_clip_score": 0.937606692314148
}