{
  "sum_areas": 0.1342218751943201,
  "final_score": 0.738408510571113,
  "final_size_score": 0.184167029889454,
  "final_matched_text_score": 0.8568027210884354,
  "final_position_score": 0.8448165082041996,
  "final_text_color_score": 0.8738259667348467,
  "final_clip_score": 0.9324303269386292
}