{
  "sum_areas": 0.16864600873540136,
  "final_score": 0.9041329398243323,
  "final_size_score": 0.9856675964258165,
  "final_matched_text_score": 0.9752651444780703,
  "final_position_score": 0.8311951962925469,
  "final_text_color_score": 0.8574443232274123,
  "final_clip_score": 0.8710924386978149
}