{
  "sum_areas": 0.38010515311893184,
  "final_score": 0.925828228457247,
  "final_size_score": 0.9954067573440598,
  "final_matched_text_score": 0.9884233988108563,
  "final_position_score": 0.8726117384619315,
  "final_text_color_score": 0.9177076924554598,
  "final_clip_score": 0.8549915552139282
}