{
  "sum_areas": 0.1564193508582805,
  "final_score": 0.8839772683209957,
  "final_size_score": 0.9080412058238777,
  "final_matched_text_score": 0.991556091676719,
  "final_position_score": 0.8040224367579192,
  "final_text_color_score": 0.7848465195321312,
  "final_clip_score": 0.931420087814331
}