{
  "sum_areas": 0.341563313781439,
  "final_score": 0.8761150168202714,
  "final_size_score": 0.8444904668245399,
  "final_matched_text_score": 0.9833903388966361,
  "final_position_score": 0.8421098991641104,
  "final_text_color_score": 0.8854358563622188,
  "final_clip_score": 0.8251485228538513
}