{
  "sum_areas": 0.1227332417982562,
  "final_score": 0.9231765508013036,
  "final_size_score": 1.0,
  "final_matched_text_score": 0.9912449257215801,
  "final_position_score": 0.8733480652413722,
  "final_text_color_score": 0.8333219667178821,
  "final_clip_score": 0.9179677963256836
}