{
  "sum_areas": 0.6654833328446841,
  "final_score": 0.7528256920235166,
  "final_size_score": 0.21201592816172235,
  "final_matched_text_score": 0.9446494655958318,
  "final_position_score": 0.7439568005330769,
  "final_text_color_score": 0.9755161487538926,
  "final_clip_score": 0.8879901170730591
}