{
  "sum_areas": 0.1647136676129115,
  "final_score": 0.7736291104836956,
  "final_size_score": 0.32006717150016356,
  "final_matched_text_score": 1.0,
  "final_position_score": 0.7587779202459425,
  "final_text_color_score": 0.9026529382228788,
  "final_clip_score": 0.8866475224494934
}