{
  "sum_areas": 0.4128819588141088,
  "final_score": 0.8852828618545028,
  "final_size_score": 0.9998468553442025,
  "final_matched_text_score": 0.9020353427735045,
  "final_position_score": 0.8756793478260869,
  "final_text_color_score": 0.7140260316468962,
  "final_clip_score": 0.9348267316818237
}