{
  "sum_areas": 0.3277162083209628,
  "final_score": 0.8560079249563665,
  "final_size_score": 0.9175357013073416,
  "final_matched_text_score": 0.9527811407065121,
  "final_position_score": 0.7451618975903616,
  "final_text_color_score": 0.7538180062637375,
  "final_clip_score": 0.9107428789138794
}