{
  "sum_areas": 0.45333416368541096,
  "final_score": 0.8527488191826977,
  "final_size_score": 0.9853785860331953,
  "final_matched_text_score": 0.9735116843817435,
  "final_position_score": 0.761655528746006,
  "final_text_color_score": 0.6627101394802052,
  "final_clip_score": 0.8804881572723389
}