{
  "sum_areas": 0.15265409833742197,
  "final_score": 0.8747939086737768,
  "final_size_score": 0.9135037993780678,
  "final_matched_text_score": 0.9530667023614199,
  "final_position_score": 0.8764321656397431,
  "final_text_color_score": 0.7240618805482166,
  "final_clip_score": 0.9069049954414368
}