{
  "sum_areas": 0.3699062868589113,
  "final_score": 0.7909078532973315,
  "final_size_score": 0.393630394277224,
  "final_matched_text_score": 0.9990207916993264,
  "final_position_score": 0.8947491924241229,
  "final_text_color_score": 0.8020782010208595,
  "final_clip_score": 0.8650606870651245
}