{
  "sum_areas": 0.2859174002486789,
  "final_score": 0.9138333377014085,
  "final_size_score": 0.9994986362364497,
  "final_matched_text_score": 0.9739387865435883,
  "final_position_score": 0.8553195194491753,
  "final_text_color_score": 0.8639320279245579,
  "final_clip_score": 0.8764777183532715
}