{
  "sum_areas": 0.08180326988325633,
  "final_score": 0.9554420072657447,
  "final_size_score": 1.0,
  "final_matched_text_score": 0.993211752786221,
  "final_position_score": 0.8929587309426549,
  "final_text_color_score": 0.9259899281567933,
  "final_clip_score": 0.9650496244430542
}