{
  "sum_areas": 0.213288302704796,
  "final_score": 0.8486549881643228,
  "final_size_score": 0.8054062310745214,
  "final_matched_text_score": 0.984364478377871,
  "final_position_score": 0.8317877681517887,
  "final_text_color_score": 0.7317674394938313,
  "final_clip_score": 0.8899490237236023
}