{
  "sum_areas": 0.055115055263223384,
  "final_score": 0.9052509724554163,
  "final_size_score": 0.9905647422023807,
  "final_matched_text_score": 0.9895579533588583,
  "final_position_score": 0.7985868746914007,
  "final_text_color_score": 0.8176262279794894,
  "final_clip_score": 0.9299190640449524
}