{
  "sum_areas": 0.10774234292860294,
  "final_score": 0.9017511599735271,
  "final_size_score": 0.8194658755474674,
  "final_matched_text_score": 0.999647639182523,
  "final_position_score": 0.8711718282844821,
  "final_text_color_score": 0.8689946320202462,
  "final_clip_score": 0.9494758248329163
}