{
  "sum_areas": 0.2411246233449153,
  "final_score": 0.8336027482027766,
  "final_size_score": 0.5395760263062803,
  "final_matched_text_score": 0.9814173937765467,
  "final_position_score": 0.8484696211340887,
  "final_text_color_score": 0.8818652377989808,
  "final_clip_score": 0.9166854619979858
}