{
  "sum_areas": 0.23061767170020575,
  "final_score": 0.8895824719649987,
  "final_size_score": 0.9784367818154783,
  "final_matched_text_score": 0.9672152206246879,
  "final_position_score": 0.8016860927649442,
  "final_text_color_score": 0.795837030504282,
  "final_clip_score": 0.9047372341156006
}