{
  "sum_areas": 0.18284467145317068,
  "final_score": 0.9021061513569784,
  "final_size_score": 0.9779987633374332,
  "final_matched_text_score": 0.9912280701754386,
  "final_position_score": 0.8196017417886667,
  "final_text_color_score": 0.7888018719206707,
  "final_clip_score": 0.9329003095626831
}