{
  "sum_areas": 0.12030535067366484,
  "final_score": 0.9191248666798629,
  "final_size_score": 0.9842365999488095,
  "final_matched_text_score": 0.9925584056152007,
  "final_position_score": 0.8364139095249005,
  "final_text_color_score": 0.8754118963911527,
  "final_clip_score": 0.9070035219192505
}