{
  "sum_areas": 0.019383384600819793,
  "final_score": 0.8921381119425711,
  "final_size_score": 0.8992574894601,
  "final_matched_text_score": 1.0,
  "final_position_score": 0.88,
  "final_text_color_score": 0.774876285146097,
  "final_clip_score": 0.9065567851066589
}