{
  "sum_areas": 0.26983712384878983,
  "final_score": 0.8652432386799238,
  "final_size_score": 0.9453220292527813,
  "final_matched_text_score": 0.9668335548206984,
  "final_position_score": 0.8189746159748817,
  "final_text_color_score": 0.7084173112528691,
  "final_clip_score": 0.8866686820983887
}