{
  "sum_areas": 0.03177909633819021,
  "final_score": 0.8576237707164769,
  "final_size_score": 0.9387701555136637,
  "final_matched_text_score": 1.0,
  "final_position_score": 0.6765299479166665,
  "final_text_color_score": 0.7463354766458901,
  "final_clip_score": 0.9264832735061646
}