{
  "sum_areas": 0.1184883380031029,
  "final_score": 0.883957612828965,
  "final_size_score": 0.9802336609503981,
  "final_matched_text_score": 0.8773965416113717,
  "final_position_score": 0.8533436236072955,
  "final_text_color_score": 0.8784352287289336,
  "final_clip_score": 0.8303790092468262
}