{
  "sum_areas": 0.5078231074908262,
  "final_score": 0.9560492008125818,
  "final_size_score": 0.999978848358348,
  "final_matched_text_score": 0.994079167460138,
  "final_position_score": 0.8405992883693304,
  "final_text_color_score": 0.9940928736307384,
  "final_clip_score": 0.9514958262443542
}