{
  "sum_areas": 0.20914391472361044,
  "final_score": 0.906358279763845,
  "final_size_score": 0.9952268238604882,
  "final_matched_text_score": 0.9906981433569454,
  "final_position_score": 0.859351942915513,
  "final_text_color_score": 0.7541697540175465,
  "final_clip_score": 0.9323447346687317
}