{
  "sum_areas": 0.28317358504900464,
  "final_score": 0.8505118569338361,
  "final_size_score": 0.9071483650698651,
  "final_matched_text_score": 0.9861974444670041,
  "final_position_score": 0.6973774898793529,
  "final_text_color_score": 0.8250848222471298,
  "final_clip_score": 0.8367511630058289
}