{
  "sum_areas": 0.12993627444706127,
  "final_score": 0.9294041259466028,
  "final_size_score": 0.9737707602149493,
  "final_matched_text_score": 0.9735812693472291,
  "final_position_score": 0.8863957045167481,
  "final_text_color_score": 0.9088279627164653,
  "final_clip_score": 0.9044449329376221
}