{
  "sum_areas": 0.018776041666666667,
  "final_score": 0.9390334307043222,
  "final_size_score": 1.0,
  "final_matched_text_score": 1.0,
  "final_position_score": 0.8208333333333333,
  "final_text_color_score": 0.9960362528207245,
  "final_clip_score": 0.8782975673675537
}