{
  "sum_areas": 0.5213143660166589,
  "final_score": 0.9495416907946311,
  "final_size_score": 1.0,
  "final_matched_text_score": 0.9747804518266016,
  "final_position_score": 0.9199588502128077,
  "final_text_color_score": 0.9659881414967343,
  "final_clip_score": 0.8869810104370117
}