{
  "sum_areas": 0.3321805569461601,
  "final_score": 0.8405891924955047,
  "final_size_score": 0.5886396455619601,
  "final_matched_text_score": 0.9772811424481982,
  "final_position_score": 0.885486747886762,
  "final_text_color_score": 0.8429079362775632,
  "final_clip_score": 0.9086304903030396
}