{
  "sum_areas": 0.3507157571890573,
  "final_score": 0.870872492964908,
  "final_size_score": 0.9856605135202192,
  "final_matched_text_score": 0.9415505744165327,
  "final_position_score": 0.7468146773980737,
  "final_text_color_score": 0.7326961612740771,
  "final_clip_score": 0.9476405382156372
}