{
  "sum_areas": 0.23826401191587931,
  "final_score": 0.7477920582566968,
  "final_size_score": 0.21207256121192727,
  "final_matched_text_score": 0.9714826274530891,
  "final_position_score": 0.8039328009411851,
  "final_text_color_score": 0.8359260036502439,
  "final_clip_score": 0.9155462980270386
}