{
  "sum_areas": 0.165222492829762,
  "final_score": 0.8455469282712524,
  "final_size_score": 0.6806895607440683,
  "final_matched_text_score": 0.9793371894212229,
  "final_position_score": 0.9236402025355385,
  "final_text_color_score": 0.7657297093387205,
  "final_clip_score": 0.8783379793167114
}