{
  "sum_areas": 0.1485683867825512,
  "final_score": 0.9560487360501337,
  "final_size_score": 1.0,
  "final_matched_text_score": 0.9912548836375021,
  "final_position_score": 0.9141493055555555,
  "final_text_color_score": 0.9679792587044003,
  "final_clip_score": 0.9068602323532104
}