{
  "sum_areas": 0.2413015439470408,
  "final_score": 0.891660972648106,
  "final_size_score": 0.8943695390907339,
  "final_matched_text_score": 0.956698116320758,
  "final_position_score": 0.9162636478397539,
  "final_text_color_score": 0.8837657371896013,
  "final_clip_score": 0.8072078227996826
}