{
  "sum_areas": 0.18825428586225101,
  "final_score": 0.9113541770095082,
  "final_size_score": 0.9820934544979784,
  "final_matched_text_score": 0.9986678481678842,
  "final_position_score": 0.8726894385438682,
  "final_text_color_score": 0.801906464714885,
  "final_clip_score": 0.9014136791229248
}