{
  "sum_areas": 0.2910264726321379,
  "final_score": 0.8009380092647111,
  "final_size_score": 0.2796129616010274,
  "final_matched_text_score": 0.9768121368917938,
  "final_position_score": 0.8540020419334611,
  "final_text_color_score": 0.9409924705640216,
  "final_clip_score": 0.953270435333252
}