{
  "sum_areas": 0.09115477181345132,
  "final_score": 0.8992359831751875,
  "final_size_score": 0.9436104863353544,
  "final_matched_text_score": 0.9682215544369297,
  "final_position_score": 0.9427891965487586,
  "final_text_color_score": 0.7530259207958007,
  "final_clip_score": 0.8885327577590942
}