{
  "sum_areas": 0.26816183015133344,
  "final_score": 0.8562606526528804,
  "final_size_score": 0.6037387234964836,
  "final_matched_text_score": 0.9803654298091076,
  "final_position_score": 0.9032458524174249,
  "final_text_color_score": 0.8918951329991498,
  "final_clip_score": 0.9020581245422363
}