{
  "sum_areas": 0.17462559041634992,
  "final_score": 0.9156568949078943,
  "final_size_score": 0.994643614218189,
  "final_matched_text_score": 0.9892463593523012,
  "final_position_score": 0.7142728365384615,
  "final_text_color_score": 0.9313751620310744,
  "final_clip_score": 0.9487465023994446
}