{
  "sum_areas": 0.06933490953947369,
  "final_score": 0.9412986720229505,
  "final_size_score": 1.0,
  "final_matched_text_score": 0.9912536443148687,
  "final_position_score": 0.8946898496240602,
  "final_text_color_score": 0.9266750421287344,
  "final_clip_score": 0.8938748240470886
}