{
  "sum_areas": 0.39769145376191645,
  "final_score": 0.8138862800813561,
  "final_size_score": 0.5468498610331116,
  "final_matched_text_score": 0.9296772507417069,
  "final_position_score": 0.8823871412470313,
  "final_text_color_score": 0.7800805958140379,
  "final_clip_score": 0.9304365515708923
}