{
  "sum_areas": 0.21368887315957827,
  "final_score": 0.9069595712326426,
  "final_size_score": 0.9934167142387293,
  "final_matched_text_score": 0.9869353427957323,
  "final_position_score": 0.9142819346549669,
  "final_text_color_score": 0.7310860413117052,
  "final_clip_score": 0.9090778231620789
}