{
  "sum_areas": 0.20124838031037848,
  "final_score": 0.7579722134328707,
  "final_size_score": 0.5334497648006582,
  "final_matched_text_score": 0.9442814152944224,
  "final_position_score": 0.8915256020806128,
  "final_text_color_score": 0.5948970877993291,
  "final_clip_score": 0.825707197189331
}