{
  "sum_areas": 0.20550709326042033,
  "final_score": 0.8681790250072642,
  "final_size_score": 0.999873280935205,
  "final_matched_text_score": 0.9456889365929927,
  "final_position_score": 0.6934387823153187,
  "final_text_color_score": 0.8486665098363582,
  "final_clip_score": 0.8532276153564453
}