{
  "sum_areas": 0.101473625032766,
  "final_score": 0.9348957935709508,
  "final_size_score": 0.9809321374693537,
  "final_matched_text_score": 0.9418530197031274,
  "final_position_score": 0.9249754441597152,
  "final_text_color_score": 0.858008778471715,
  "final_clip_score": 0.9687095880508423
}