{
  "sum_areas": 0.04133617950903002,
  "final_score": 0.9270793990288194,
  "final_size_score": 0.8969955000541386,
  "final_matched_text_score": 0.9710716633793557,
  "final_position_score": 0.9136558249208782,
  "final_text_color_score": 0.9183376553950714,
  "final_clip_score": 0.9353363513946533
}