{
  "sum_areas": 0.13936773566215027,
  "final_score": 0.9354398873437386,
  "final_size_score": 0.9832585055245298,
  "final_matched_text_score": 0.997948717948718,
  "final_position_score": 0.8842261065385524,
  "final_text_color_score": 0.8809037395537248,
  "final_clip_score": 0.9308623671531677
}