{
  "sum_areas": 0.2042500051364234,
  "final_score": 0.8708140737529281,
  "final_size_score": 0.9038184308949888,
  "final_matched_text_score": 0.9496004176064251,
  "final_position_score": 0.8007993505420639,
  "final_text_color_score": 0.7736381303954479,
  "final_clip_score": 0.9262140393257141
}