{
  "sum_areas": 0.25609336605235045,
  "final_score": 0.9144033460980746,
  "final_size_score": 0.9811283697814818,
  "final_matched_text_score": 0.9637512746045124,
  "final_position_score": 0.7754894868827161,
  "final_text_color_score": 0.9145625071539438,
  "final_clip_score": 0.9370850920677185
}