{
  "sum_areas": 0.1252820406513738,
  "final_score": 0.8940471330109262,
  "final_size_score": 0.9985305319505856,
  "final_matched_text_score": 0.9966720113483837,
  "final_position_score": 0.7286402345683916,
  "final_text_color_score": 0.8501863890412125,
  "final_clip_score": 0.8962064981460571
}