{
  "sum_areas": 0.028942565089105945,
  "final_score": 0.9270848714453926,
  "final_size_score": 0.8927444869368839,
  "final_matched_text_score": 0.9975961538461539,
  "final_position_score": 0.94421989281295,
  "final_text_color_score": 0.8945093366886838,
  "final_clip_score": 0.9063544869422913
}