{
  "sum_areas": 0.10942620964105337,
  "final_score": 0.8396739916017218,
  "final_size_score": 0.5517041727267975,
  "final_matched_text_score": 0.9909803921568627,
  "final_position_score": 0.8532249053030304,
  "final_text_color_score": 0.8832210860045971,
  "final_clip_score": 0.9192394018173218
}