{
  "sum_areas": 0.16433081116976725,
  "final_score": 0.9122953541486489,
  "final_size_score": 0.9831253612348816,
  "final_matched_text_score": 0.9732538685794326,
  "final_position_score": 0.9081082073587223,
  "final_text_color_score": 0.7415053605439312,
  "final_clip_score": 0.9554839730262756
}