{
  "sum_areas": 0.14809085409805114,
  "final_score": 0.8983246188692177,
  "final_size_score": 0.9672441957425791,
  "final_matched_text_score": 0.9829631603890424,
  "final_position_score": 0.7768971337339716,
  "final_text_color_score": 0.8809284426801105,
  "final_clip_score": 0.8835901618003845
}