{
  "sum_areas": 0.2165893483493104,
  "final_score": 0.8594966079608555,
  "final_size_score": 0.6027599335756664,
  "final_matched_text_score": 0.9936953296753659,
  "final_position_score": 0.8597396303550594,
  "final_text_color_score": 0.9169415203932846,
  "final_clip_score": 0.9243466258049011
}