{
  "sum_areas": 0.5851633435709007,
  "final_score": 0.8442003555310539,
  "final_size_score": 0.5408225790010157,
  "final_matched_text_score": 0.9682104518090296,
  "final_position_score": 0.9356313616090838,
  "final_text_color_score": 0.8979873061765395,
  "final_clip_score": 0.8783500790596008
}