{
  "sum_areas": 0.05700052247060976,
  "final_score": 0.8969573926385301,
  "final_size_score": 1.0,
  "final_matched_text_score": 0.9983660130718953,
  "final_position_score": 0.7495704831430803,
  "final_text_color_score": 0.8285675909629647,
  "final_clip_score": 0.9082828760147095
}