{
  "sum_areas": 0.060601738135987133,
  "final_score": 0.9029849063229194,
  "final_size_score": 0.8924187978155412,
  "final_matched_text_score": 0.965079792002869,
  "final_position_score": 0.8690733164950332,
  "final_text_color_score": 0.8492848443296267,
  "final_clip_score": 0.9390677809715271
}