{
  "sum_areas": 0.13268633904226307,
  "final_score": 0.8875611955317853,
  "final_size_score": 0.8783427045150459,
  "final_matched_text_score": 0.9811239485152529,
  "final_position_score": 0.8326745345233085,
  "final_text_color_score": 0.833798244428134,
  "final_clip_score": 0.9118665456771851
}