{
  "sum_areas": 0.2363535630653271,
  "final_score": 0.7856468100027806,
  "final_size_score": 0.4804628355494004,
  "final_matched_text_score": 0.9122651542006381,
  "final_position_score": 0.7900979414347364,
  "final_text_color_score": 0.8091112981885639,
  "final_clip_score": 0.936296820640564
}