{
  "sum_areas": 0.21995134891265314,
  "final_score": 0.9327257573785416,
  "final_size_score": 0.9976109439810169,
  "final_matched_text_score": 0.9835588185274144,
  "final_position_score": 0.9260740107828939,
  "final_text_color_score": 0.8376346082897975,
  "final_clip_score": 0.9187504053115845
}