{
  "sum_areas": 0.3405994726709172,
  "final_score": 0.8206713449830101,
  "final_size_score": 0.7377135381511187,
  "final_matched_text_score": 0.9560200216860317,
  "final_position_score": 0.7467198404078512,
  "final_text_color_score": 0.764308110779974,
  "final_clip_score": 0.8985952138900757
}