{
  "sum_areas": 0.2015386284722222,
  "final_score": 0.9158195852355524,
  "final_size_score": 0.9730965122915073,
  "final_matched_text_score": 0.9921962501250429,
  "final_position_score": 0.8393456514550264,
  "final_text_color_score": 0.9302196813354212,
  "final_clip_score": 0.8442398309707642
}