{
  "sum_areas": 0.1948133074302388,
  "final_score": 0.9228959301291569,
  "final_size_score": 0.9951986748647473,
  "final_matched_text_score": 0.9947187141216992,
  "final_position_score": 0.7417968749999999,
  "final_text_color_score": 0.9415119629685423,
  "final_clip_score": 0.9412534236907959
}