{
  "sum_areas": 0.381486808736189,
  "final_score": 0.8791706765032576,
  "final_size_score": 0.864089391415147,
  "final_matched_text_score": 0.9380752741730327,
  "final_position_score": 0.7669271484968809,
  "final_text_color_score": 0.8924233564179824,
  "final_clip_score": 0.9343382120132446
}