{
  "sum_areas": 0.37426354789671373,
  "final_score": 0.8352009690390049,
  "final_size_score": 0.8654411218177775,
  "final_matched_text_score": 0.980533169092894,
  "final_position_score": 0.5640322013931124,
  "final_text_color_score": 0.8619800700009207,
  "final_clip_score": 0.9040182828903198
}