{
  "sum_areas": 0.4186505411915572,
  "final_score": 0.8911005304988354,
  "final_size_score": 0.9772258002584155,
  "final_matched_text_score": 0.9392118511059238,
  "final_position_score": 0.8767740254976643,
  "final_text_color_score": 0.7726057024617022,
  "final_clip_score": 0.8896852731704712
}