{
  "sum_areas": 0.09450595748883076,
  "final_score": 0.9239761402172283,
  "final_size_score": 0.9787552677868399,
  "final_matched_text_score": 0.9492940249512244,
  "final_position_score": 0.8747551559130863,
  "final_text_color_score": 0.8659086093647699,
  "final_clip_score": 0.951167643070221
}