{
  "sum_areas": 0.3715970473880689,
  "final_score": 0.7536710811367291,
  "final_size_score": 0.46187439351746923,
  "final_matched_text_score": 0.9787168864360887,
  "final_position_score": 0.895644491912937,
  "final_text_color_score": 0.6191430946821712,
  "final_clip_score": 0.8129765391349792
}