{
  "sum_areas": 0.0805349392361111,
  "final_score": 0.9301027968301349,
  "final_size_score": 1.0,
  "final_matched_text_score": 0.9249304971830458,
  "final_position_score": 0.9283730158730158,
  "final_text_color_score": 0.9148269457230612,
  "final_clip_score": 0.8823835253715515
}