{
  "sum_areas": 0.019361979166666668,
  "final_score": 0.9355493158694265,
  "final_size_score": 0.9697377269670476,
  "final_matched_text_score": 1.0,
  "final_position_score": 0.8388888888888888,
  "final_text_color_score": 0.9960362528207245,
  "final_clip_score": 0.8730837106704712
}