{
  "sum_areas": 0.08152634174266564,
  "final_score": 0.9294648339065174,
  "final_size_score": 0.9346468588437047,
  "final_matched_text_score": 0.9847982182457766,
  "final_position_score": 0.9276168729860521,
  "final_text_color_score": 0.8770706720632543,
  "final_clip_score": 0.9231915473937988
}