{
  "sum_areas": 0.49801591149565505,
  "final_score": 0.8445990421903176,
  "final_size_score": 0.7500956113215517,
  "final_matched_text_score": 0.8752994151528175,
  "final_position_score": 0.883992914096928,
  "final_text_color_score": 0.7594943829977828,
  "final_clip_score": 0.9541128873825073
}