{
  "sum_areas": 0.3656359002661449,
  "final_score": 0.8420183575046635,
  "final_size_score": 0.7246519479303007,
  "final_matched_text_score": 0.990068189919986,
  "final_position_score": 0.8105453082894654,
  "final_text_color_score": 0.7839245469499715,
  "final_clip_score": 0.9009017944335938
}