{
  "sum_areas": 0.2866463694327724,
  "final_score": 0.9351759129601028,
  "final_size_score": 0.9941646141947688,
  "final_matched_text_score": 0.9396950466224329,
  "final_position_score": 0.9285247554649455,
  "final_text_color_score": 0.8696292532470661,
  "final_clip_score": 0.9438658952713013
}