{
  "sum_areas": 0.36310480584372423,
  "final_score": 0.9420939109858539,
  "final_size_score": 0.8873478109727456,
  "final_matched_text_score": 0.9934287270368579,
  "final_position_score": 0.9474942163001212,
  "final_text_color_score": 0.9784015317520522,
  "final_clip_score": 0.9037972688674927
}