{
  "sum_areas": 0.0265140983920012,
  "final_score": 0.889124577209678,
  "final_size_score": 0.9257441898664867,
  "final_matched_text_score": 1.0,
  "final_position_score": 0.7411718749999998,
  "final_text_color_score": 0.823023589828143,
  "final_clip_score": 0.9556832313537598
}