{
  "sum_areas": 0.5520051196481264,
  "final_score": 0.9056302140503334,
  "final_size_score": 0.9981025717468749,
  "final_matched_text_score": 0.9012881037998391,
  "final_position_score": 0.9174426506788051,
  "final_text_color_score": 0.7594843766784302,
  "final_clip_score": 0.9518333673477173
}