{
  "sum_areas": 0.355808931175984,
  "final_score": 0.9313974367450282,
  "final_size_score": 0.9971077318824321,
  "final_matched_text_score": 0.9595098010827937,
  "final_position_score": 0.8354476236388384,
  "final_text_color_score": 0.902313689718733,
  "final_clip_score": 0.9626083374023438
}