{
  "sum_areas": 0.07639230668859304,
  "final_score": 0.9000617301717295,
  "final_size_score": 0.9395746814788954,
  "final_matched_text_score": 0.9862404586814035,
  "final_position_score": 0.8321622795107431,
  "final_text_color_score": 0.8164614086854688,
  "final_clip_score": 0.9258698225021362
}