{
  "sum_areas": 0.45388887515755477,
  "final_score": 0.7743942726519264,
  "final_size_score": 0.4313591745547478,
  "final_matched_text_score": 0.9462076573295837,
  "final_position_score": 0.8229886437490151,
  "final_text_color_score": 0.7978327496372413,
  "final_clip_score": 0.8735831379890442
}