{
  "sum_areas": 0.25889386012439813,
  "final_score": 0.9333358998712943,
  "final_size_score": 0.979714355459679,
  "final_matched_text_score": 0.989333292449731,
  "final_position_score": 0.9525988209354367,
  "final_text_color_score": 0.8152907538430758,
  "final_clip_score": 0.9297422766685486
}