{
  "sum_areas": 0.3120533590072007,
  "final_score": 0.9298460511538981,
  "final_size_score": 0.9877232791703785,
  "final_matched_text_score": 0.9382522654117065,
  "final_position_score": 0.8869748368087211,
  "final_text_color_score": 0.9122828298153912,
  "final_clip_score": 0.9239970445632935
}