{
  "sum_areas": 0.2505616586980527,
  "final_score": 0.8969060525525077,
  "final_size_score": 0.9921289323804535,
  "final_matched_text_score": 0.960577527691164,
  "final_position_score": 0.8626473931926443,
  "final_text_color_score": 0.8080127337132115,
  "final_clip_score": 0.8611636757850647
}