{
  "sum_areas": 0.38266468669598774,
  "final_score": 0.810664372035917,
  "final_size_score": 0.5853954484269389,
  "final_matched_text_score": 0.9813730787672744,
  "final_position_score": 0.9387104666287626,
  "final_text_color_score": 0.6510570110633346,
  "final_clip_score": 0.8967858552932739
}