{
  "sum_areas": 0.16998880561391855,
  "final_score": 0.9091009419501973,
  "final_size_score": 0.9515558638093031,
  "final_matched_text_score": 0.9342565597667638,
  "final_position_score": 0.8173771431216184,
  "final_text_color_score": 0.9180334267065599,
  "final_clip_score": 0.9242817163467407
}