{
  "sum_areas": 0.5793325479390392,
  "final_score": 0.908084716979005,
  "final_size_score": 0.9996171533057541,
  "final_matched_text_score": 0.9985994397759104,
  "final_position_score": 0.8833747400862392,
  "final_text_color_score": 0.8916621205206083,
  "final_clip_score": 0.7671701312065125
}