{
  "sum_areas": 0.2379156416123374,
  "final_score": 0.8809848425734033,
  "final_size_score": 0.8307924475147614,
  "final_matched_text_score": 0.9996690568119139,
  "final_position_score": 0.9045529592291642,
  "final_text_color_score": 0.7337551453530462,
  "final_clip_score": 0.9361546039581299
}