{
  "sum_areas": 0.6140728122185855,
  "final_score": 0.9115235082143262,
  "final_size_score": 0.9810700804089737,
  "final_matched_text_score": 0.9373214286921482,
  "final_position_score": 0.9219632257477098,
  "final_text_color_score": 0.7679682391146443,
  "final_clip_score": 0.9492945671081543
}