{
  "sum_areas": 0.19850020045118505,
  "final_score": 0.9179146267106342,
  "final_size_score": 0.9389648452125265,
  "final_matched_text_score": 0.9694956201616298,
  "final_position_score": 0.760839774738734,
  "final_text_color_score": 0.9744748540039405,
  "final_clip_score": 0.9457980394363403
}