{
  "sum_areas": 0.3954834028496116,
  "final_score": 0.9490094888082379,
  "final_size_score": 0.9503897728592694,
  "final_matched_text_score": 0.95609561611388,
  "final_position_score": 0.922713375657148,
  "final_text_color_score": 0.9767703484172398,
  "final_clip_score": 0.9390783309936523
}