{
  "sum_areas": 0.4792145013432063,
  "final_score": 0.922549899597243,
  "final_size_score": 1.0,
  "final_matched_text_score": 0.9477543343998663,
  "final_position_score": 0.9479818892763291,
  "final_text_color_score": 0.7962311254719766,
  "final_clip_score": 0.9207821488380432
}