{
  "sum_areas": 0.31439096443198006,
  "final_score": 0.9071941951339814,
  "final_size_score": 0.9933642277041227,
  "final_matched_text_score": 0.937455401300502,
  "final_position_score": 0.9237735710470086,
  "final_text_color_score": 0.7551209401576106,
  "final_clip_score": 0.9262568354606628
}