{
  "sum_areas": 0.23294868683357184,
  "final_score": 0.8535975710340531,
  "final_size_score": 0.7603754272417101,
  "final_matched_text_score": 0.9863793954247675,
  "final_position_score": 0.8460092652429017,
  "final_text_color_score": 0.7759596104424963,
  "final_clip_score": 0.8992641568183899
}