{
  "sum_areas": 0.24671912489799971,
  "final_score": 0.8067469194143589,
  "final_size_score": 0.4919397335906757,
  "final_matched_text_score": 0.9874184635413109,
  "final_position_score": 0.8409927682321402,
  "final_text_color_score": 0.8235911893858904,
  "final_clip_score": 0.8897924423217773
}