{
  "sum_areas": 0.2907306514325382,
  "final_score": 0.8805709840897097,
  "final_size_score": 0.9656728267362581,
  "final_matched_text_score": 0.9562442937203612,
  "final_position_score": 0.7965353479331141,
  "final_text_color_score": 0.7677680712414016,
  "final_clip_score": 0.9166343808174133
}