{
  "sum_areas": 0.09894928233822467,
  "final_score": 0.9099441450465483,
  "final_size_score": 0.890254174283546,
  "final_matched_text_score": 0.9812869633817632,
  "final_position_score": 0.7978125,
  "final_text_color_score": 0.9381322137957645,
  "final_clip_score": 0.9422348737716675
}