{
  "sum_areas": 0.21340456091849558,
  "final_score": 0.8740727052861111,
  "final_size_score": 0.9844386690018522,
  "final_matched_text_score": 0.9675508246168734,
  "final_position_score": 0.8507467267012836,
  "final_text_color_score": 0.67589461339204,
  "final_clip_score": 0.8917326927185059
}