{
  "sum_areas": 0.44113307412040487,
  "final_score": 0.9043005348361621,
  "final_size_score": 0.9998566630588882,
  "final_matched_text_score": 0.921442018334355,
  "final_position_score": 0.8773060936285777,
  "final_text_color_score": 0.8109985709271775,
  "final_clip_score": 0.9118993282318115
}