{
  "sum_areas": 0.1387874104589452,
  "final_score": 0.9095745106301341,
  "final_size_score": 0.9825801818881753,
  "final_matched_text_score": 0.9709300854998391,
  "final_position_score": 0.779760446450491,
  "final_text_color_score": 0.8978192217431948,
  "final_clip_score": 0.9167826175689697
}