{
  "sum_areas": 0.13356834646864793,
  "final_score": 0.8145884716990319,
  "final_size_score": 0.49232180210319737,
  "final_matched_text_score": 0.926123164584703,
  "final_position_score": 0.8787860993797076,
  "final_text_color_score": 0.8732537571606748,
  "final_clip_score": 0.9024575352668762
}