{
  "sum_areas": 0.1674698888915517,
  "final_score": 0.9062713886690781,
  "final_size_score": 0.9842868625037625,
  "final_matched_text_score": 0.9766261214993955,
  "final_position_score": 0.9096301031850836,
  "final_text_color_score": 0.7575899243677502,
  "final_clip_score": 0.9032239317893982
}