{
  "sum_areas": 0.04123344234859431,
  "final_score": 0.895404423895805,
  "final_size_score": 0.7412124992475034,
  "final_matched_text_score": 0.9978632478632478,
  "final_position_score": 0.9293533974704195,
  "final_text_color_score": 0.8962811825241968,
  "final_clip_score": 0.9123117923736572
}