{
  "sum_areas": 0.059161397192412125,
  "final_score": 0.9073480149428701,
  "final_size_score": 0.9083278911252851,
  "final_matched_text_score": 0.9609940232777604,
  "final_position_score": 0.8909849103485445,
  "final_text_color_score": 0.8473614063386453,
  "final_clip_score": 0.929071843624115
}