{
  "sum_areas": 0.19089870182406593,
  "final_score": 0.7584212226962141,
  "final_size_score": 0.26089443725507094,
  "final_matched_text_score": 0.9837000144578554,
  "final_position_score": 0.8827651820668329,
  "final_text_color_score": 0.748438613127978,
  "final_clip_score": 0.9163078665733337
}