{
  "sum_areas": 0.207093783408173,
  "final_score": 0.9084868979240082,
  "final_size_score": 0.9813647051313503,
  "final_matched_text_score": 0.9974717062495948,
  "final_position_score": 0.8566440184805253,
  "final_text_color_score": 0.7810062743810682,
  "final_clip_score": 0.9259477853775024
}