{
  "sum_areas": 0.44126201883872734,
  "final_score": 0.7852968921198674,
  "final_size_score": 0.5827518442400655,
  "final_matched_text_score": 0.8962480557013712,
  "final_position_score": 0.8393054988692725,
  "final_text_color_score": 0.6952188304844584,
  "final_clip_score": 0.9129602313041687
}