{
  "sum_areas": 0.009271918402777777,
  "final_score": 0.8723002618690148,
  "final_size_score": 0.5809245172615565,
  "final_matched_text_score": 1.0,
  "final_position_score": 0.992361111111111,
  "final_text_color_score": 0.8840997060692993,
  "final_clip_score": 0.9041159749031067
}