{
  "sum_areas": 0.21599261896643474,
  "final_score": 0.898479990820729,
  "final_size_score": 0.9228837249761609,
  "final_matched_text_score": 0.9951392966660141,
  "final_position_score": 0.8935267060628562,
  "final_text_color_score": 0.7870143241845633,
  "final_clip_score": 0.8938359022140503
}