{
  "sum_areas": 0.5273370284134905,
  "final_score": 0.9248281733532455,
  "final_size_score": 0.999559392894585,
  "final_matched_text_score": 0.9999156118143461,
  "final_position_score": 0.9295774373817001,
  "final_text_color_score": 0.9229250335623149,
  "final_clip_score": 0.7721633911132812
}