{
  "sum_areas": 0.1514225586452293,
  "final_score": 0.8552437412565883,
  "final_size_score": 0.6968213853644509,
  "final_matched_text_score": 0.9427767059853055,
  "final_position_score": 0.9155229351977093,
  "final_text_color_score": 0.7902636247885765,
  "final_clip_score": 0.9308340549468994
}