{
  "sum_areas": 0.37309304091606027,
  "final_score": 0.9372945895156768,
  "final_size_score": 0.9968046132557459,
  "final_matched_text_score": 0.9817201484091453,
  "final_position_score": 0.8825842194799187,
  "final_text_color_score": 0.9021904196424968,
  "final_clip_score": 0.9231735467910767
}