{
  "sum_areas": 0.2688740509841427,
  "final_score": 0.8081202992442194,
  "final_size_score": 0.38897528942110293,
  "final_matched_text_score": 0.95393532095145,
  "final_position_score": 0.914497194708634,
  "final_text_color_score": 0.8971423939521052,
  "final_clip_score": 0.8860512971878052
}