{
  "sum_areas": 0.17766109264311453,
  "final_score": 0.9458799222658375,
  "final_size_score": 1.0,
  "final_matched_text_score": 1.0,
  "final_position_score": 0.9738858685138431,
  "final_text_color_score": 0.8048269900191709,
  "final_clip_score": 0.9506867527961731
}