{
  "sum_areas": 0.22320797526429065,
  "final_score": 0.9194875215152387,
  "final_size_score": 0.9749453302282457,
  "final_matched_text_score": 0.9706029209797791,
  "final_position_score": 0.9304763165727414,
  "final_text_color_score": 0.8177253242650313,
  "final_clip_score": 0.9036877155303955
}