{
  "sum_areas": 0.26162819902707274,
  "final_score": 0.8689396172650938,
  "final_size_score": 0.8403085502445024,
  "final_matched_text_score": 0.9809489693601844,
  "final_position_score": 0.8392732512297156,
  "final_text_color_score": 0.8100792665561296,
  "final_clip_score": 0.8740880489349365
}