{
  "sum_areas": 0.4198065422657728,
  "final_score": 0.7379044863417463,
  "final_size_score": 0.038890742539297196,
  "final_matched_text_score": 1.0,
  "final_position_score": 0.9481723835378142,
  "final_text_color_score": 0.814674526559812,
  "final_clip_score": 0.8877847790718079
}