{
  "sum_areas": 0.4918554135044855,
  "final_score": 0.8966417614059066,
  "final_size_score": 0.9999999999999999,
  "final_matched_text_score": 0.9595782694447532,
  "final_position_score": 0.822230533864624,
  "final_text_color_score": 0.8073403456696179,
  "final_clip_score": 0.8940596580505371
}