{
  "sum_areas": 0.21462927352489528,
  "final_score": 0.6906738947286308,
  "final_size_score": 0.21965560131144085,
  "final_matched_text_score": 0.9403513175516611,
  "final_position_score": 0.824778503365908,
  "final_text_color_score": 0.6704367902714132,
  "final_clip_score": 0.7981472611427307
}