{
  "sum_areas": 0.08711634693355426,
  "final_score": 0.8930059816303899,
  "final_size_score": 0.9951870929343282,
  "final_matched_text_score": 0.9882716049382717,
  "final_position_score": 0.7780696682130903,
  "final_text_color_score": 0.8209937410103512,
  "final_clip_score": 0.8825078010559082
}