{
  "sum_areas": 0.25103400586492264,
  "final_score": 0.8156516496143109,
  "final_size_score": 0.4634044832238632,
  "final_matched_text_score": 0.9601449275362318,
  "final_position_score": 0.9475276225302302,
  "final_text_color_score": 0.8432297701553741,
  "final_clip_score": 0.8639514446258545
}