{
  "sum_areas": 0.24049151824751183,
  "final_score": 0.9052453454110936,
  "final_size_score": 0.9988560907977214,
  "final_matched_text_score": 0.9945945945945945,
  "final_position_score": 0.8776317006944162,
  "final_text_color_score": 0.7228249382740329,
  "final_clip_score": 0.9323194026947021
}