{
  "sum_areas": 0.16385950140266176,
  "final_score": 0.8763692726587213,
  "final_size_score": 0.9924053559162018,
  "final_matched_text_score": 0.9843040101098808,
  "final_position_score": 0.7262986347766317,
  "final_text_color_score": 0.8233226440308085,
  "final_clip_score": 0.855515718460083
}