{
  "sum_areas": 0.10615495102056016,
  "final_score": 0.8898992527556868,
  "final_size_score": 0.8167662519733768,
  "final_matched_text_score": 0.9993006993006993,
  "final_position_score": 0.8151303404839517,
  "final_text_color_score": 0.886411285767812,
  "final_clip_score": 0.931887686252594
}