{
  "sum_areas": 0.14545320509714277,
  "final_score": 0.8996122650707279,
  "final_size_score": 0.895677450733292,
  "final_matched_text_score": 0.9877583314871666,
  "final_position_score": 0.821287547665153,
  "final_text_color_score": 0.87183910077656,
  "final_clip_score": 0.9214988946914673
}