{
  "sum_areas": 0.02476049377749849,
  "final_score": 0.8783369071161516,
  "final_size_score": 0.9211352227061967,
  "final_matched_text_score": 1.0,
  "final_position_score": 0.7484468610033055,
  "final_text_color_score": 0.774876285146097,
  "final_clip_score": 0.9472261667251587
}