{
  "sum_areas": 0.1866256867211577,
  "final_score": 0.9210785351123534,
  "final_size_score": 0.9730803878704785,
  "final_matched_text_score": 0.9888939619252431,
  "final_position_score": 0.8908107740574656,
  "final_text_color_score": 0.8399728809741746,
  "final_clip_score": 0.9126346707344055
}