{
  "sum_areas": 0.5054592485679132,
  "final_score": 0.8175572148132553,
  "final_size_score": 0.5132556001215817,
  "final_matched_text_score": 0.958857796782334,
  "final_position_score": 0.6919886622780135,
  "final_text_color_score": 0.9563937326348967,
  "final_clip_score": 0.9672902822494507
}