{
  "sum_areas": 0.07477947057511203,
  "final_score": 0.893002289574341,
  "final_size_score": 0.9705678797427866,
  "final_matched_text_score": 0.9895579533588583,
  "final_position_score": 0.8377708046704757,
  "final_text_color_score": 0.7577257910871332,
  "final_clip_score": 0.9093890190124512
}