{
  "sum_areas": 0.16693609412741547,
  "final_score": 0.9103351027238427,
  "final_size_score": 0.9999545006360019,
  "final_matched_text_score": 0.9815011883252825,
  "final_position_score": 0.8478317657154395,
  "final_text_color_score": 0.7981225550591279,
  "final_clip_score": 0.9242655038833618
}