{
  "sum_areas": 0.0819234304770375,
  "final_score": 0.9129815898739619,
  "final_size_score": 0.9999117588807074,
  "final_matched_text_score": 0.9904014636157493,
  "final_position_score": 0.8241019311297028,
  "final_text_color_score": 0.8131586158654143,
  "final_clip_score": 0.9373341798782349
}