{
  "sum_areas": 0.16715751100730925,
  "final_score": 0.9041354063103466,
  "final_size_score": 0.9994078525107486,
  "final_matched_text_score": 0.9857934480099468,
  "final_position_score": 0.870445315186448,
  "final_text_color_score": 0.776382084679276,
  "final_clip_score": 0.8886483311653137
}