{
  "sum_areas": 0.24175815177603968,
  "final_score": 0.9130027217995379,
  "final_size_score": 0.9883414091724623,
  "final_matched_text_score": 0.9759389589302426,
  "final_position_score": 0.9402880999264309,
  "final_text_color_score": 0.7782435289728565,
  "final_clip_score": 0.882201611995697
}