{
  "sum_areas": 0.32918527385882107,
  "final_score": 0.8926595322831278,
  "final_size_score": 0.9976594609234519,
  "final_matched_text_score": 0.984831201067206,
  "final_position_score": 0.7827041823608722,
  "final_text_color_score": 0.8362957091386936,
  "final_clip_score": 0.861807107925415
}