{
  "sum_areas": 0.3901762862585544,
  "final_score": 0.9233820016360856,
  "final_size_score": 0.9966056576269727,
  "final_matched_text_score": 0.9478355153248106,
  "final_position_score": 0.899235449375317,
  "final_text_color_score": 0.8559784610791574,
  "final_clip_score": 0.9172549247741699
}