{
  "sum_areas": 0.006671006944444445,
  "final_score": 0.8655369516991818,
  "final_size_score": 0.7249512036434612,
  "final_matched_text_score": 1.0,
  "final_position_score": 0.9277777777777778,
  "final_text_color_score": 0.7051920212763292,
  "final_clip_score": 0.9697637557983398
}