{
  "sum_areas": 0.020237630208333336,
  "final_score": 0.9509066726768028,
  "final_size_score": 0.9839150715779313,
  "final_matched_text_score": 1.0,
  "final_position_score": 0.8496527777777777,
  "final_text_color_score": 0.9960362528207245,
  "final_clip_score": 0.9249292612075806
}