{
  "sum_areas": 0.38560014106835766,
  "final_score": 0.8328359827615422,
  "final_size_score": 0.4563531294067768,
  "final_matched_text_score": 0.9951923076923078,
  "final_position_score": 0.9327755842207951,
  "final_text_color_score": 0.8881549292081079,
  "final_clip_score": 0.8917039632797241
}