{
  "sum_areas": 0.2986391696731049,
  "final_score": 0.8845968702416628,
  "final_size_score": 0.9191086238148087,
  "final_matched_text_score": 0.9671112993036891,
  "final_position_score": 0.818088099329357,
  "final_text_color_score": 0.7695422173560393,
  "final_clip_score": 0.949134111404419
}