{
  "sum_areas": 0.05610215137323166,
  "final_score": 0.9114032712993758,
  "final_size_score": 0.9155416424748932,
  "final_matched_text_score": 0.9611742424242425,
  "final_position_score": 0.8853698141986127,
  "final_text_color_score": 0.8473614063386453,
  "final_clip_score": 0.9475692510604858
}