{
  "sum_areas": 0.133425398625295,
  "final_score": 0.817606050273764,
  "final_size_score": 0.491407764882365,
  "final_matched_text_score": 0.922816516481675,
  "final_position_score": 0.8774366943172207,
  "final_text_color_score": 0.8945318075402813,
  "final_clip_score": 0.9018374681472778
}