{
  "sum_areas": 0.11456799081341959,
  "final_score": 0.8820896422718049,
  "final_size_score": 0.9911803687113955,
  "final_matched_text_score": 0.9550106236720409,
  "final_position_score": 0.7777481958680184,
  "final_text_color_score": 0.8175979951992441,
  "final_clip_score": 0.8689110279083252
}