{
  "sum_areas": 0.2052059242127735,
  "final_score": 0.8762509376141563,
  "final_size_score": 0.6983177744273583,
  "final_matched_text_score": 0.9910245682931709,
  "final_position_score": 0.8699693558541101,
  "final_text_color_score": 0.9010719701327382,
  "final_clip_score": 0.9208710193634033
}