{
  "sum_areas": 0.3350077045963039,
  "final_score": 0.9086130378477755,
  "final_size_score": 0.9568309367470214,
  "final_matched_text_score": 0.9565630956392072,
  "final_position_score": 0.841215605028234,
  "final_text_color_score": 0.914556926450574,
  "final_clip_score": 0.8738986253738403
}