{
  "sum_areas": 0.18781283461722387,
  "final_score": 0.9327843297804774,
  "final_size_score": 0.9892619538726682,
  "final_matched_text_score": 0.9938830349636645,
  "final_position_score": 0.8713448970115324,
  "final_text_color_score": 0.9017048791662775,
  "final_clip_score": 0.9077268838882446
}