{
  "sum_areas": 0.05077035947320787,
  "final_score": 0.8950897530508621,
  "final_size_score": 0.9741030183928464,
  "final_matched_text_score": 0.9974120082815736,
  "final_position_score": 0.7830680509047985,
  "final_text_color_score": 0.8801736443706487,
  "final_clip_score": 0.8406920433044434
}