{
  "sum_areas": 0.26853683371810533,
  "final_score": 0.9247616757826332,
  "final_size_score": 0.9752097747388063,
  "final_matched_text_score": 0.9698375615036201,
  "final_position_score": 0.8769551010445201,
  "final_text_color_score": 0.8905479593721914,
  "final_clip_score": 0.9112579822540283
}