{
  "sum_areas": 0.2013680298506187,
  "final_score": 0.9320899597060084,
  "final_size_score": 0.9845096052066069,
  "final_matched_text_score": 0.967590679996695,
  "final_position_score": 0.9382563140825761,
  "final_text_color_score": 0.8446562852770308,
  "final_clip_score": 0.9254369139671326
}