{
  "sum_areas": 0.10539160320300722,
  "final_score": 0.7697843961777647,
  "final_size_score": 0.3363084241663686,
  "final_matched_text_score": 0.9429041353383458,
  "final_position_score": 0.7956825985815956,
  "final_text_color_score": 0.880215835329979,
  "final_clip_score": 0.8938109874725342
}