{
  "sum_areas": 0.19535782761923481,
  "final_score": 0.899798592889816,
  "final_size_score": 0.9268814335679719,
  "final_matched_text_score": 0.9894007667169431,
  "final_position_score": 0.8913261907878501,
  "final_text_color_score": 0.7732647852064535,
  "final_clip_score": 0.9181197881698608
}