{
  "sum_areas": 0.12582317057518583,
  "final_score": 0.8602070621432699,
  "final_size_score": 0.6814341950179302,
  "final_matched_text_score": 0.9511144720418855,
  "final_position_score": 0.9028300782047015,
  "final_text_color_score": 0.8179793107750125,
  "final_clip_score": 0.9476772546768188
}