{
  "sum_areas": 0.009525824652777778,
  "final_score": 0.7967877360870154,
  "final_size_score": 0.4245358241257547,
  "final_matched_text_score": 1.0,
  "final_position_score": 0.9232638888888889,
  "final_text_color_score": 0.7051920212763292,
  "final_clip_score": 0.930946946144104
}