{
  "sum_areas": 0.5117627964548885,
  "final_score": 0.7872592005397281,
  "final_size_score": 0.3419627980706588,
  "final_matched_text_score": 0.9358574625653915,
  "final_position_score": 0.8699437721537848,
  "final_text_color_score": 0.893121670607657,
  "final_clip_score": 0.8954102993011475
}