{
  "sum_areas": 0.4951404679079854,
  "final_score": 0.8428708773559976,
  "final_size_score": 0.7503108906940351,
  "final_matched_text_score": 0.8752994151528175,
  "final_position_score": 0.8831868350622741,
  "final_text_color_score": 0.7594943829977828,
  "final_clip_score": 0.9460628628730774
}