{
  "sum_areas": 0.2130874093406417,
  "final_score": 0.9276466985249882,
  "final_size_score": 0.983497305315217,
  "final_matched_text_score": 0.9795896691527121,
  "final_position_score": 0.9175037273415789,
  "final_text_color_score": 0.8376346082897975,
  "final_clip_score": 0.9200081825256348
}