{
  "sum_areas": 0.6553583678607301,
  "final_score": 0.8950383241585005,
  "final_size_score": 0.9777769911765457,
  "final_matched_text_score": 0.9375471019520651,
  "final_position_score": 0.8733138670251455,
  "final_text_color_score": 0.7255344426707593,
  "final_clip_score": 0.9610192179679871
}