{
  "sum_areas": 0.5470483140218131,
  "final_score": 0.9106871534423707,
  "final_size_score": 0.9980853791465144,
  "final_matched_text_score": 0.8987653540413173,
  "final_position_score": 0.928212136151134,
  "final_text_color_score": 0.7594843766784302,
  "final_clip_score": 0.968888521194458
}