{
  "sum_areas": 0.15403453486874266,
  "final_score": 0.9062053860948878,
  "final_size_score": 0.9802997523781453,
  "final_matched_text_score": 0.9944982481202366,
  "final_position_score": 0.8043568721362601,
  "final_text_color_score": 0.8318908166136002,
  "final_clip_score": 0.9199812412261963
}