{
  "sum_areas": 0.3839177167043135,
  "final_score": 0.7582527015433489,
  "final_size_score": 0.4627559812862817,
  "final_matched_text_score": 0.9779584679913521,
  "final_position_score": 0.9050034391834855,
  "final_text_color_score": 0.6191653664174896,
  "final_clip_score": 0.8263802528381348
}