{
  "sum_areas": 0.08319864314017608,
  "final_score": 0.8727820944966503,
  "final_size_score": 1.0,
  "final_matched_text_score": 0.9751175642083726,
  "final_position_score": 0.9326358825537726,
  "final_text_color_score": 0.5381765932107299,
  "final_clip_score": 0.917980432510376
}