{
  "sum_areas": 0.20262586805555555,
  "final_score": 0.9206025361795769,
  "final_size_score": 0.9732408696583484,
  "final_matched_text_score": 0.9917711854797948,
  "final_position_score": 0.8393456514550264,
  "final_text_color_score": 0.9523580082288177,
  "final_clip_score": 0.8462969660758972
}