{
  "sum_areas": 0.3634931554762408,
  "final_score": 0.917076006453525,
  "final_size_score": 0.9953007470765666,
  "final_matched_text_score": 0.9663960838865313,
  "final_position_score": 0.7916251088714763,
  "final_text_color_score": 0.8967935050307067,
  "final_clip_score": 0.9352645874023438
}