{
  "sum_areas": 0.22053176468116778,
  "final_score": 0.8428220452945214,
  "final_size_score": 0.871571655124867,
  "final_matched_text_score": 0.9167253388141844,
  "final_position_score": 0.7066589507363734,
  "final_text_color_score": 0.9157026245019548,
  "final_clip_score": 0.803451657295227
}