{
  "sum_areas": 0.15116148203292293,
  "final_score": 0.8672973032550438,
  "final_size_score": 0.9968990116152875,
  "final_matched_text_score": 0.9897585728266387,
  "final_position_score": 0.7159108688309371,
  "final_text_color_score": 0.7269485753352725,
  "final_clip_score": 0.9069694876670837
}