{
  "sum_areas": 0.1511082813091837,
  "final_score": 0.7882465945586333,
  "final_size_score": 0.5110671220246608,
  "final_matched_text_score": 0.9795381136950905,
  "final_position_score": 0.7146666118914671,
  "final_text_color_score": 0.8990820506084309,
  "final_clip_score": 0.8368790745735168
}