{
  "sum_areas": 0.535522298220338,
  "final_score": 0.7516136602947676,
  "final_size_score": 0.465081606125119,
  "final_matched_text_score": 0.9130366017936443,
  "final_position_score": 0.7555403670031462,
  "final_text_color_score": 0.7974570903100157,
  "final_clip_score": 0.8269526362419128
}