{
  "sum_areas": 0.29806289250618245,
  "final_score": 0.7444691655908862,
  "final_size_score": 0.7554402242106519,
  "final_matched_text_score": 0.980191463650821,
  "final_position_score": 0.5670730140195179,
  "final_text_color_score": 0.6059448608527975,
  "final_clip_score": 0.8136962652206421
}