{
  "sum_areas": 0.17419637647448433,
  "final_score": 0.9184178140317659,
  "final_size_score": 0.9989048965537077,
  "final_matched_text_score": 0.99812849079315,
  "final_position_score": 0.8534328426818093,
  "final_text_color_score": 0.8579002964137311,
  "final_clip_score": 0.8837225437164307
}