{
  "sum_areas": 0.208419244678565,
  "final_score": 0.9329521861444672,
  "final_size_score": 0.9963777152360842,
  "final_matched_text_score": 0.9612312967060197,
  "final_position_score": 0.7428193232135586,
  "final_text_color_score": 0.9883760959901049,
  "final_clip_score": 0.9759564995765686
}