{
  "sum_areas": 0.2567898217220897,
  "final_score": 0.9120570270724753,
  "final_size_score": 0.9990090420074783,
  "final_matched_text_score": 0.9840754997897855,
  "final_position_score": 0.8193720663719073,
  "final_text_color_score": 0.8264770443250103,
  "final_clip_score": 0.9313514828681946
}