{
  "sum_areas": 0.3238623636278369,
  "final_score": 0.9419028013135082,
  "final_size_score": 0.9862446525376068,
  "final_matched_text_score": 0.9459949163497463,
  "final_position_score": 0.8893102891263364,
  "final_text_color_score": 0.9602697086658506,
  "final_clip_score": 0.9276944398880005
}