{
  "sum_areas": 0.15695018655106968,
  "final_score": 0.9294844877599573,
  "final_size_score": 1.0000000000000002,
  "final_matched_text_score": 0.9862754597691894,
  "final_position_score": 0.8188682568438005,
  "final_text_color_score": 0.9454619916875286,
  "final_clip_score": 0.8968167304992676
}