{
  "sum_areas": 0.20747089208522024,
  "final_score": 0.8875814796898415,
  "final_size_score": 0.9220991161621056,
  "final_matched_text_score": 0.9795482800987025,
  "final_position_score": 0.8711388733130576,
  "final_text_color_score": 0.7473446038547423,
  "final_clip_score": 0.9177765250205994
}