{
  "sum_areas": 0.12919138821909518,
  "final_score": 0.9137908885790508,
  "final_size_score": 0.9986995204943285,
  "final_matched_text_score": 0.9452281486591781,
  "final_position_score": 0.8627363773297111,
  "final_text_color_score": 0.8194731852609127,
  "final_clip_score": 0.942817211151123
}