{
  "sum_areas": 0.2087010673869513,
  "final_score": 0.9108724654684958,
  "final_size_score": 0.8783618839559284,
  "final_matched_text_score": 0.9555945785083593,
  "final_position_score": 0.8932867825883999,
  "final_text_color_score": 0.9505855739890098,
  "final_clip_score": 0.8765335083007812
}