{
  "sum_areas": 0.31001622108447424,
  "final_score": 0.8026842559753963,
  "final_size_score": 0.5040180847522554,
  "final_matched_text_score": 0.9527280166725823,
  "final_position_score": 0.8753539574350947,
  "final_text_color_score": 0.8027888113490802,
  "final_clip_score": 0.8785324096679688
}