{
  "sum_areas": 0.10400826128747985,
  "final_score": 0.9372824607444035,
  "final_size_score": 0.9927814881701327,
  "final_matched_text_score": 0.9867705931930295,
  "final_position_score": 0.8615850183256428,
  "final_text_color_score": 0.9015881823008813,
  "final_clip_score": 0.9436870217323303
}