{
  "sum_areas": 0.15601000616577163,
  "final_score": 0.9035218253615114,
  "final_size_score": 0.9721964023772983,
  "final_matched_text_score": 0.8953602305475504,
  "final_position_score": 0.77819471468658,
  "final_text_color_score": 0.9758142401488865,
  "final_clip_score": 0.8960435390472412
}