{
  "sum_areas": 0.16242926290760867,
  "final_score": 0.9167522322818187,
  "final_size_score": 1.0000000000000002,
  "final_matched_text_score": 0.9974377049966946,
  "final_position_score": 0.893581792792051,
  "final_text_color_score": 0.8125813914989176,
  "final_clip_score": 0.8801602721214294
}