{
  "sum_areas": 0.7171721552208847,
  "final_score": 0.9164953216092695,
  "final_size_score": 0.9962565550068114,
  "final_matched_text_score": 0.9420157728685241,
  "final_position_score": 0.8646155082128113,
  "final_text_color_score": 0.8342022429893894,
  "final_clip_score": 0.945386528968811
}