{
  "sum_areas": 0.10596165944094105,
  "final_score": 0.9220792314498903,
  "final_size_score": 0.9724389728799551,
  "final_matched_text_score": 0.9658394605273027,
  "final_position_score": 0.8224362705077786,
  "final_text_color_score": 0.9071886106601597,
  "final_clip_score": 0.9424928426742554
}