{
  "sum_areas": 0.3416723228374655,
  "final_score": 0.912913783342243,
  "final_size_score": 0.9942474381938821,
  "final_matched_text_score": 0.9894251542551076,
  "final_position_score": 0.8995363425016344,
  "final_text_color_score": 0.7641880266519485,
  "final_clip_score": 0.9171719551086426
}