{
  "sum_areas": 0.4940300929860887,
  "final_score": 0.8113182596823464,
  "final_size_score": 0.4803695960024167,
  "final_matched_text_score": 0.937234395304332,
  "final_position_score": 0.8791496144177167,
  "final_text_color_score": 0.8639968094322621,
  "final_clip_score": 0.8958408832550049
}