{
  "sum_areas": 0.08557725694444444,
  "final_score": 0.94176353419271,
  "final_size_score": 1.0,
  "final_matched_text_score": 0.9229189398719494,
  "final_position_score": 0.913293650793651,
  "final_text_color_score": 0.9587736079010983,
  "final_clip_score": 0.9138314723968506
}