{
  "sum_areas": 0.08112051719722146,
  "final_score": 0.6321612065241049,
  "final_size_score": 0.19449540552458083,
  "final_matched_text_score": 0.7343262411347518,
  "final_position_score": 0.7688256435803895,
  "final_text_color_score": 0.5999087848193095,
  "final_clip_score": 0.8632499575614929
}