{
  "sum_areas": 0.2107914406297189,
  "final_score": 0.8803137423087164,
  "final_size_score": 0.8135437555857715,
  "final_matched_text_score": 0.9558204066484496,
  "final_position_score": 0.8399513995557593,
  "final_text_color_score": 0.9573061597404788,
  "final_clip_score": 0.8349469900131226
}