{
  "sum_areas": 0.24947639625355642,
  "final_score": 0.7991671517388097,
  "final_size_score": 0.8608087898699697,
  "final_matched_text_score": 0.9050464285121886,
  "final_position_score": 0.6452104417353564,
  "final_text_color_score": 0.8132727297639729,
  "final_clip_score": 0.771497368812561
}