{
  "sum_areas": 0.1869631380313135,
  "final_score": 0.8578079756895317,
  "final_size_score": 0.9835622649119565,
  "final_matched_text_score": 0.9193079779454656,
  "final_position_score": 0.7927377098253638,
  "final_text_color_score": 0.7595980524929306,
  "final_clip_score": 0.8338338732719421
}