{
  "sum_areas": 0.3520572419688295,
  "final_score": 0.753698249780923,
  "final_size_score": 0.42431138537723634,
  "final_matched_text_score": 0.9861470860314523,
  "final_position_score": 0.7966491531488549,
  "final_text_color_score": 0.7477879717668099,
  "final_clip_score": 0.8135956525802612
}