{
  "sum_areas": 0.031185781676917886,
  "final_score": 0.8856485583963561,
  "final_size_score": 0.758715099597946,
  "final_matched_text_score": 1.0,
  "final_position_score": 0.9345228518000318,
  "final_text_color_score": 0.8346975428771993,
  "final_clip_score": 0.900307297706604
}