{
  "sum_areas": 0.09013244939179374,
  "final_score": 0.6555238997404844,
  "final_size_score": 0.03506681979569299,
  "final_matched_text_score": 0.7678571428571428,
  "final_position_score": 0.8358714029593319,
  "final_text_color_score": 0.7829955498497452,
  "final_clip_score": 0.855828583240509
}