{
  "sum_areas": 0.6360524091247575,
  "final_score": 0.8774272114962592,
  "final_size_score": 0.9836908402314355,
  "final_matched_text_score": 0.9083905888946179,
  "final_position_score": 0.8933403434411656,
  "final_text_color_score": 0.6750715689831385,
  "final_clip_score": 0.9266427159309387
}