{
  "sum_areas": 0.09851761183023822,
  "final_score": 0.8169098279249554,
  "final_size_score": 0.6698413730620382,
  "final_matched_text_score": 0.995373048004627,
  "final_position_score": 0.720753434838096,
  "final_text_color_score": 0.7759546691493981,
  "final_clip_score": 0.9226266145706177
}