{
  "sum_areas": 0.3271673383042895,
  "final_score": 0.7977010087631922,
  "final_size_score": 0.4396329265360337,
  "final_matched_text_score": 0.9943820566711946,
  "final_position_score": 0.9314096201151512,
  "final_text_color_score": 0.7972124299726459,
  "final_clip_score": 0.8258680105209351
}