{
  "sum_areas": 0.3579973754885214,
  "final_score": 0.7922422669797939,
  "final_size_score": 0.4127387382218482,
  "final_matched_text_score": 0.9519624741373696,
  "final_position_score": 0.7881304154808766,
  "final_text_color_score": 0.8957175585832282,
  "final_clip_score": 0.912662148475647
}