{
  "sum_areas": 0.2845659722222222,
  "final_score": 0.8667582401447135,
  "final_size_score": 0.9000747361356841,
  "final_matched_text_score": 0.9454785110046657,
  "final_position_score": 0.8765193913121901,
  "final_text_color_score": 0.7870323330420544,
  "final_clip_score": 0.8246862292289734
}