{
  "sum_areas": 0.3362718266557308,
  "final_score": 0.9186393221597986,
  "final_size_score": 0.986011928879181,
  "final_matched_text_score": 0.9904987631867952,
  "final_position_score": 0.8782461590140049,
  "final_text_color_score": 0.84846141051018,
  "final_clip_score": 0.8899783492088318
}