{
  "sum_areas": 0.17005622345266994,
  "final_score": 0.8961339601478617,
  "final_size_score": 1.0000000000000002,
  "final_matched_text_score": 0.9923958545560719,
  "final_position_score": 0.8508681704790625,
  "final_text_color_score": 0.690402887978344,
  "final_clip_score": 0.9470028877258301
}