{
  "sum_areas": 0.31923995858221405,
  "final_score": 0.8833701182353924,
  "final_size_score": 0.8956367608220525,
  "final_matched_text_score": 0.985445510620356,
  "final_position_score": 0.8363884759419962,
  "final_text_color_score": 0.8481150093885654,
  "final_clip_score": 0.8512648344039917
}