{
  "sum_areas": 0.26515264318997295,
  "final_score": 0.8741767319732366,
  "final_size_score": 0.9701700227997433,
  "final_matched_text_score": 0.9905504105382094,
  "final_position_score": 0.738132916314889,
  "final_text_color_score": 0.7843758268950127,
  "final_clip_score": 0.8876544833183289
}