{
  "sum_areas": 0.20436115772285746,
  "final_score": 0.7173388039803873,
  "final_size_score": 0.3887736318121691,
  "final_matched_text_score": 0.9663102859649738,
  "final_position_score": 0.9131384176467405,
  "final_text_color_score": 0.4225844288094125,
  "final_clip_score": 0.8958872556686401
}