{
  "sum_areas": 0.243306680913386,
  "final_score": 0.9132978217562517,
  "final_size_score": 0.9705674605640616,
  "final_matched_text_score": 0.9840852262192892,
  "final_position_score": 0.9325947489292501,
  "final_text_color_score": 0.7704134145542534,
  "final_clip_score": 0.9088282585144043
}