{
  "sum_areas": 0.5919271749197969,
  "final_score": 0.917353493485414,
  "final_size_score": 0.9975012501638145,
  "final_matched_text_score": 0.8814962144798618,
  "final_position_score": 0.9218632078320308,
  "final_text_color_score": 0.8504385980824661,
  "final_clip_score": 0.9354681968688965
}