{
  "sum_areas": 0.28400994571603166,
  "final_score": 0.8955616499513854,
  "final_size_score": 0.9510915387482551,
  "final_matched_text_score": 0.9543673915507166,
  "final_position_score": 0.8951255623923073,
  "final_text_color_score": 0.7782669217957198,
  "final_clip_score": 0.898956835269928
}