{
  "sum_areas": 0.19932194389136354,
  "final_score": 0.9081747200828885,
  "final_size_score": 0.9973636816712483,
  "final_matched_text_score": 0.9238999129755191,
  "final_position_score": 0.946185513036329,
  "final_text_color_score": 0.7476360305693273,
  "final_clip_score": 0.9257884621620178
}