{
  "sum_areas": 0.5508723154908817,
  "final_score": 0.8716431336643059,
  "final_size_score": 0.9247688114481462,
  "final_matched_text_score": 0.9160438218675447,
  "final_position_score": 0.896394269027541,
  "final_text_color_score": 0.7185267928070639,
  "final_clip_score": 0.9024819731712341
}