{
  "sum_areas": 0.10459592220815123,
  "final_score": 0.8636751939709859,
  "final_size_score": 0.8001471637227946,
  "final_matched_text_score": 0.9847321137643719,
  "final_position_score": 0.8590791348985628,
  "final_text_color_score": 0.7457760593803634,
  "final_clip_score": 0.9286414980888367
}