{
  "sum_areas": 0.3429295755379446,
  "final_score": 0.9399419414275688,
  "final_size_score": 0.9935071424933243,
  "final_matched_text_score": 0.990390461093799,
  "final_position_score": 0.9251131841937822,
  "final_text_color_score": 0.8642592764507493,
  "final_clip_score": 0.926439642906189
}