{
  "sum_areas": 0.21534620528915724,
  "final_score": 0.8655322219021638,
  "final_size_score": 0.9025855541509512,
  "final_matched_text_score": 0.9733005942683361,
  "final_position_score": 0.8121295860359928,
  "final_text_color_score": 0.7585455549185149,
  "final_clip_score": 0.8810998201370239
}