{
  "sum_areas": 0.6430157029301746,
  "final_score": 0.8960093651032726,
  "final_size_score": 1.0,
  "final_matched_text_score": 0.9270975740186644,
  "final_position_score": 0.8988132867798937,
  "final_text_color_score": 0.6965878232383124,
  "final_clip_score": 0.9575481414794922
}