{
  "sum_areas": 0.5977820900537633,
  "final_score": 0.9409005923529602,
  "final_size_score": 0.99993326907303,
  "final_matched_text_score": 0.9997619047619046,
  "final_position_score": 0.9116534058179724,
  "final_text_color_score": 0.8655108445905318,
  "final_clip_score": 0.9276435375213623
}