{
  "sum_areas": 0.1008203125,
  "final_score": 0.9445864061358299,
  "final_size_score": 1.0,
  "final_matched_text_score": 0.8622887380364406,
  "final_position_score": 0.9578869047619047,
  "final_text_color_score": 0.9587736079010983,
  "final_clip_score": 0.9439827799797058
}