{
  "sum_areas": 0.0840939670138889,
  "final_score": 0.6607064319941884,
  "final_size_score": 0.04808970206836041,
  "final_matched_text_score": 1.0,
  "final_position_score": 0.9440972222222223,
  "final_text_color_score": 0.4056785267341313,
  "final_clip_score": 0.905666708946228
}