{
  "sum_areas": 0.6392047260714414,
  "final_score": 0.9193763257541594,
  "final_size_score": 0.9877256485446594,
  "final_matched_text_score": 0.9495935735402028,
  "final_position_score": 0.940057114143336,
  "final_text_color_score": 0.8531679335910306,
  "final_clip_score": 0.8663373589515686
}