{
  "sum_areas": 0.18624685113598757,
  "final_score": 0.9101879014220627,
  "final_size_score": 0.9662368815508947,
  "final_matched_text_score": 0.9777067955123455,
  "final_position_score": 0.8947699868627207,
  "final_text_color_score": 0.811012554877163,
  "final_clip_score": 0.9012132883071899
}