{
  "sum_areas": 0.4493941962034058,
  "final_score": 0.9434929124778434,
  "final_size_score": 0.9959680003365934,
  "final_matched_text_score": 0.9602117986085076,
  "final_position_score": 0.8786138730407368,
  "final_text_color_score": 0.9626793971782815,
  "final_clip_score": 0.9199914932250977
}