{
  "sum_areas": 0.0266266606038852,
  "final_score": 0.9032326569456338,
  "final_size_score": 0.9190508934044115,
  "final_matched_text_score": 1.0,
  "final_position_score": 0.86143928920466,
  "final_text_color_score": 0.823023589828143,
  "final_clip_score": 0.9126495122909546
}