{
  "sum_areas": 0.27017161489564057,
  "final_score": 0.7599214482395479,
  "final_size_score": 0.3418799486894874,
  "final_matched_text_score": 0.9569990335051546,
  "final_position_score": 0.7829304990851672,
  "final_text_color_score": 0.7800736464535747,
  "final_clip_score": 0.9377241134643555
}