{
  "sum_areas": 0.07666342714584003,
  "final_score": 0.9161700153345896,
  "final_size_score": 0.941560028941008,
  "final_matched_text_score": 0.9802499359959037,
  "final_position_score": 0.8613454795209675,
  "final_text_color_score": 0.8629874674506645,
  "final_clip_score": 0.9347071647644043
}