{
  "sum_areas": 0.10562697462502908,
  "final_score": 0.9135392395931107,
  "final_size_score": 0.9709046808819629,
  "final_matched_text_score": 0.9288317874692751,
  "final_position_score": 0.8459392021861623,
  "final_text_color_score": 0.8603966203389197,
  "final_clip_score": 0.9616239070892334
}