{
  "sum_areas": 0.33460498655709514,
  "final_score": 0.8864705703085495,
  "final_size_score": 0.9849700869368234,
  "final_matched_text_score": 0.9452733082955197,
  "final_position_score": 0.8350936098315642,
  "final_text_color_score": 0.7469564039586986,
  "final_clip_score": 0.9200594425201416
}