{
  "sum_areas": 0.1249787738275417,
  "final_score": 0.8629857405379318,
  "final_size_score": 0.6528473846255861,
  "final_matched_text_score": 0.9659305074436291,
  "final_position_score": 0.9074740262920861,
  "final_text_color_score": 0.8405598261870304,
  "final_clip_score": 0.9481169581413269
}