{
  "sum_areas": 0.2124039744982911,
  "final_score": 0.8906818066280517,
  "final_size_score": 0.7272165950099265,
  "final_matched_text_score": 0.9935669972768297,
  "final_position_score": 0.9157795335806606,
  "final_text_color_score": 0.8734554186482688,
  "final_clip_score": 0.9433904886245728
}