{
  "sum_areas": 0.3142042608106505,
  "final_score": 0.8888208562800414,
  "final_size_score": 0.750653570474843,
  "final_matched_text_score": 0.9934262569231446,
  "final_position_score": 0.906671150576683,
  "final_text_color_score": 0.9074365935256339,
  "final_clip_score": 0.8859167098999023
}