{
  "sum_areas": 0.19820820541832265,
  "final_score": 0.9329661546081258,
  "final_size_score": 0.9842626581751719,
  "final_matched_text_score": 0.9772912247817294,
  "final_position_score": 0.9330666869218706,
  "final_text_color_score": 0.8446562852770308,
  "final_clip_score": 0.9255539178848267
}