{
  "sum_areas": 0.2030786799932798,
  "final_score": 0.9053403611741326,
  "final_size_score": 0.9274648724223757,
  "final_matched_text_score": 0.9894007667169431,
  "final_position_score": 0.9053598941912453,
  "final_text_color_score": 0.7733157629537644,
  "final_clip_score": 0.9311605095863342
}