{
  "sum_areas": 0.2975108735611785,
  "final_score": 0.8071380201935849,
  "final_size_score": 0.5635116715519192,
  "final_matched_text_score": 0.9569589835934375,
  "final_position_score": 0.800730754018559,
  "final_text_color_score": 0.790257520196038,
  "final_clip_score": 0.9242311716079712
}