{
  "sum_areas": 0.3604683633147206,
  "final_score": 0.9169442188103866,
  "final_size_score": 0.9952613143139322,
  "final_matched_text_score": 0.9685443115986688,
  "final_position_score": 0.7899510017286192,
  "final_text_color_score": 0.8967935050307067,
  "final_clip_score": 0.9341709613800049
}