{
  "sum_areas": 0.520794802708126,
  "final_score": 0.9268303428740534,
  "final_size_score": 1.0,
  "final_matched_text_score": 0.9722276703924235,
  "final_position_score": 0.9185639414682859,
  "final_text_color_score": 0.8411851528635619,
  "final_clip_score": 0.9021749496459961
}