{
  "sum_areas": 0.2132046508004895,
  "final_score": 0.9018484155458353,
  "final_size_score": 0.9960484436038117,
  "final_matched_text_score": 0.983548096444384,
  "final_position_score": 0.9002732804260434,
  "final_text_color_score": 0.7183723631127867,
  "final_clip_score": 0.9109998941421509
}