{
  "sum_areas": 0.5712065202942219,
  "final_score": 0.8990631103085601,
  "final_size_score": 0.9865207197547201,
  "final_matched_text_score": 0.9983740638549468,
  "final_position_score": 0.8420559531194611,
  "final_text_color_score": 0.9057578960018746,
  "final_clip_score": 0.7626069188117981
}