{
  "sum_areas": 0.24651701751357602,
  "final_score": 0.909293904286767,
  "final_size_score": 0.9869445272098466,
  "final_matched_text_score": 0.9885958327178206,
  "final_position_score": 0.8974588106069422,
  "final_text_color_score": 0.7596873966832216,
  "final_clip_score": 0.9137829542160034
}