{
  "sum_areas": 0.5432783314576993,
  "final_score": 0.9582229403000779,
  "final_size_score": 1.0,
  "final_matched_text_score": 0.9677375006074365,
  "final_position_score": 0.9598178508272177,
  "final_text_color_score": 0.9530423727555547,
  "final_clip_score": 0.9105169773101807
}