{
  "sum_areas": 0.33818149280297166,
  "final_score": 0.9393655707652017,
  "final_size_score": 1.0000000000000002,
  "final_matched_text_score": 0.9684613194712852,
  "final_position_score": 0.8587221015611181,
  "final_text_color_score": 0.9762683208093521,
  "final_clip_score": 0.8933761119842529
}