{
  "sum_areas": 0.19606715312372186,
  "final_score": 0.9058185543232433,
  "final_size_score": 0.8711627944096142,
  "final_matched_text_score": 0.9534692464252214,
  "final_position_score": 0.9157466872294624,
  "final_text_color_score": 0.9221846980395284,
  "final_clip_score": 0.8665293455123901
}