{
  "sum_areas": 0.2474967447916666,
  "final_score": 0.8115994665851277,
  "final_size_score": 0.4856615503325398,
  "final_matched_text_score": 0.952854520855318,
  "final_position_score": 0.8987961065573771,
  "final_text_color_score": 0.8941047499451134,
  "final_clip_score": 0.8265804052352905
}