{
  "sum_areas": 0.33652775300903304,
  "final_score": 0.8353925191944671,
  "final_size_score": 0.5870589966510659,
  "final_matched_text_score": 0.9866868686868688,
  "final_position_score": 0.9016021558209124,
  "final_text_color_score": 0.7902195614811205,
  "final_clip_score": 0.9113950133323669
}