{
  "sum_areas": 0.6041283401047495,
  "final_score": 0.9284030651704184,
  "final_size_score": 0.979504074088228,
  "final_matched_text_score": 0.9321261465113462,
  "final_position_score": 0.9369491557262989,
  "final_text_color_score": 0.8891704265693705,
  "final_clip_score": 0.9042655229568481
}