{
  "sum_areas": 0.1495767949917584,
  "final_score": 0.924127245810478,
  "final_size_score": 0.9999526252197019,
  "final_matched_text_score": 0.9946984336162896,
  "final_position_score": 0.879783601299912,
  "final_text_color_score": 0.87567877180879,
  "final_clip_score": 0.8705227971076965
}