{
  "sum_areas": 0.09474500868055555,
  "final_score": 0.8857865405475872,
  "final_size_score": 0.8846272776206238,
  "final_matched_text_score": 0.9249304971830458,
  "final_position_score": 0.8369047619047619,
  "final_text_color_score": 0.9096443050523316,
  "final_clip_score": 0.8728258609771729
}