{
  "sum_areas": 0.5246167471685157,
  "final_score": 0.9227129954487934,
  "final_size_score": 0.9998036243055943,
  "final_matched_text_score": 0.8864298809430694,
  "final_position_score": 0.9051213109322233,
  "final_text_color_score": 0.8601961415737918,
  "final_clip_score": 0.9620140194892883
}