{
  "sum_areas": 0.7001701169448624,
  "final_score": 0.8600444912596473,
  "final_size_score": 1.0,
  "final_matched_text_score": 0.9388269563655528,
  "final_position_score": 0.8268620400437443,
  "final_text_color_score": 0.6058445761075064,
  "final_clip_score": 0.9286888837814331
}