{
  "sum_areas": 0.3418854336772299,
  "final_score": 0.7798894343877892,
  "final_size_score": 0.3206473868083812,
  "final_matched_text_score": 0.9759790714278849,
  "final_position_score": 0.7215140627420356,
  "final_text_color_score": 0.9694722917916379,
  "final_clip_score": 0.9118343591690063
}