{
  "sum_areas": 0.2483123896278948,
  "final_score": 0.8737264542851906,
  "final_size_score": 0.8603629961701276,
  "final_matched_text_score": 0.9996807151979566,
  "final_position_score": 0.8715109032732526,
  "final_text_color_score": 0.7007124100118498,
  "final_clip_score": 0.9363652467727661
}