{
  "sum_areas": 0.07753491025467871,
  "final_score": 0.8163891879573835,
  "final_size_score": 0.8518823054675407,
  "final_matched_text_score": 0.9757137340454876,
  "final_position_score": 0.8022585002816958,
  "final_text_color_score": 0.5651654642469535,
  "final_clip_score": 0.8869259357452393
}