{
  "sum_areas": 0.213386858007921,
  "final_score": 0.7915308018621775,
  "final_size_score": 0.8300520834728876,
  "final_matched_text_score": 0.9859698189702221,
  "final_position_score": 0.7181011420092375,
  "final_text_color_score": 0.5277370500636184,
  "final_clip_score": 0.8957939147949219
}