{
  "sum_areas": 0.17349424037051417,
  "final_score": 0.9085656782317852,
  "final_size_score": 1.0,
  "final_matched_text_score": 0.9912548836375021,
  "final_position_score": 0.7800596436239551,
  "final_text_color_score": 0.9114933455945512,
  "final_clip_score": 0.8600205183029175
}