{
  "sum_areas": 0.2853740082859161,
  "final_score": 0.89056749667407,
  "final_size_score": 0.9660443607075468,
  "final_matched_text_score": 0.9861153137039637,
  "final_position_score": 0.7756156830508393,
  "final_text_color_score": 0.8203564822541303,
  "final_clip_score": 0.9047056436538696
}