{
  "sum_areas": 0.6450699325379661,
  "final_score": 0.7821312015168017,
  "final_size_score": 0.22606915146018083,
  "final_matched_text_score": 0.9908730158730158,
  "final_position_score": 0.7638405944485637,
  "final_text_color_score": 0.9911393104461077,
  "final_clip_score": 0.9387339353561401
}