{
  "sum_areas": 0.24717519550238665,
  "final_score": 0.7249715746757524,
  "final_size_score": 0.46489930098589416,
  "final_matched_text_score": 0.9248800693186702,
  "final_position_score": 0.8522319260715078,
  "final_text_color_score": 0.524911386801884,
  "final_clip_score": 0.8579351902008057
}