{
  "sum_areas": 0.21669006946551325,
  "final_score": 0.9164411113413323,
  "final_size_score": 0.9975749876526441,
  "final_matched_text_score": 0.982892803842708,
  "final_position_score": 0.9273125803770643,
  "final_text_color_score": 0.7699579001548318,
  "final_clip_score": 0.9044672846794128
}