{
  "sum_areas": 0.46616556158972006,
  "final_score": 0.8507333627746398,
  "final_size_score": 0.8158285069356379,
  "final_matched_text_score": 0.8913638068790533,
  "final_position_score": 0.9050417319294582,
  "final_text_color_score": 0.7168621480690829,
  "final_clip_score": 0.924570620059967
}