{
  "sum_areas": 0.5618669497335392,
  "final_score": 0.739439673229566,
  "final_size_score": 0.022397612545810883,
  "final_matched_text_score": 1.0,
  "final_position_score": 0.8948750760955279,
  "final_text_color_score": 0.8905449840708223,
  "final_clip_score": 0.889380693435669
}