{
  "sum_areas": 0.07749473321864393,
  "final_score": 0.9302770359959681,
  "final_size_score": 0.9568843513772782,
  "final_matched_text_score": 0.9845255750673648,
  "final_position_score": 0.9263323989015139,
  "final_text_color_score": 0.8563913964656533,
  "final_clip_score": 0.9272514581680298
}