{
  "sum_areas": 0.18745224347951625,
  "final_score": 0.692934882305857,
  "final_size_score": 0.5502606036945062,
  "final_matched_text_score": 0.8774853736421152,
  "final_position_score": 0.6379394908441411,
  "final_text_color_score": 0.5763559153181268,
  "final_clip_score": 0.8226330280303955
}