{
  "sum_areas": 0.24617947048611108,
  "final_score": 0.8680245304360401,
  "final_size_score": 0.8867590213285496,
  "final_matched_text_score": 0.9433288183659702,
  "final_position_score": 0.8507589775219297,
  "final_text_color_score": 0.8125987700681214,
  "final_clip_score": 0.8466770648956299
}