{
  "sum_areas": 0.19984541219130392,
  "final_score": 0.8338506766129294,
  "final_size_score": 0.7287513328919052,
  "final_matched_text_score": 0.9844566462948816,
  "final_position_score": 0.9089027892179843,
  "final_text_color_score": 0.6301215785118045,
  "final_clip_score": 0.9170210361480713
}