{
  "sum_areas": 0.2768545446373772,
  "final_score": 0.9251729111057518,
  "final_size_score": 0.9939582275685599,
  "final_matched_text_score": 0.9396643633191456,
  "final_position_score": 0.8677569722209231,
  "final_text_color_score": 0.8825585130805308,
  "final_clip_score": 0.9419264793395996
}