{
  "sum_areas": 0.17795435043418645,
  "final_score": 0.8926748755975258,
  "final_size_score": 0.8434732715938874,
  "final_matched_text_score": 0.9965277777777778,
  "final_position_score": 0.901585135302407,
  "final_text_color_score": 0.9096685901565126,
  "final_clip_score": 0.8121196031570435
}