{
  "sum_areas": 0.09362514717205314,
  "final_score": 0.8353109157735606,
  "final_size_score": 0.8081684409302762,
  "final_matched_text_score": 0.9314936672782405,
  "final_position_score": 0.8417996902342364,
  "final_text_color_score": 0.6646047304410719,
  "final_clip_score": 0.9304880499839783
}