{
  "sum_areas": 0.40017667522549766,
  "final_score": 0.8774334950935764,
  "final_size_score": 0.956390632400786,
  "final_matched_text_score": 0.8872190402471767,
  "final_position_score": 0.8729385749268113,
  "final_text_color_score": 0.7567910933563641,
  "final_clip_score": 0.9138281345367432
}