{
  "sum_areas": 0.20171176280299621,
  "final_score": 0.9461003314547277,
  "final_size_score": 0.9727643206220933,
  "final_matched_text_score": 0.9854651894750094,
  "final_position_score": 0.9525219144340932,
  "final_text_color_score": 0.8902708125573536,
  "final_clip_score": 0.9294794201850891
}