{
  "sum_areas": 0.1096132765798126,
  "final_score": 0.7758628243645891,
  "final_size_score": 0.2614437079950785,
  "final_matched_text_score": 0.8619047619047618,
  "final_position_score": 0.8628188488237968,
  "final_text_color_score": 0.9719233414713481,
  "final_clip_score": 0.9212234616279602
}