{
  "sum_areas": 0.2996340730569337,
  "final_score": 0.923021860664705,
  "final_size_score": 1.0,
  "final_matched_text_score": 0.9898137311714809,
  "final_position_score": 0.8868551992898063,
  "final_text_color_score": 0.8019329094070372,
  "final_clip_score": 0.9365074634552002
}