{
  "sum_areas": 0.12926303427368102,
  "final_score": 0.8869088647011939,
  "final_size_score": 0.6930807370383314,
  "final_matched_text_score": 0.9916476196140741,
  "final_position_score": 0.9282123815102752,
  "final_text_color_score": 0.895175744156765,
  "final_clip_score": 0.9264278411865234
}