{
  "sum_areas": 0.1322939852265856,
  "final_score": 0.8999345834852369,
  "final_size_score": 0.9328754624074355,
  "final_matched_text_score": 0.9735854341736696,
  "final_position_score": 0.8778566915477765,
  "final_text_color_score": 0.8244325444920052,
  "final_clip_score": 0.8909227848052979
}