{
  "sum_areas": 0.21091762281922388,
  "final_score": 0.8601682670009885,
  "final_size_score": 0.9754435765613797,
  "final_matched_text_score": 0.9709871697259974,
  "final_position_score": 0.8249568929796102,
  "final_text_color_score": 0.67105656954014,
  "final_clip_score": 0.8583971261978149
}