{
  "sum_areas": 0.5312532476891161,
  "final_score": 0.9342486638065908,
  "final_size_score": 0.8820973610057148,
  "final_matched_text_score": 0.9647013106809212,
  "final_position_score": 0.965842356548705,
  "final_text_color_score": 0.9490315372232409,
  "final_clip_score": 0.9095707535743713
}