{
  "sum_areas": 0.641249209874619,
  "final_score": 0.8624128884299914,
  "final_size_score": 0.9958133367302853,
  "final_matched_text_score": 0.9508242717604793,
  "final_position_score": 0.852086431598954,
  "final_text_color_score": 0.6129601482684297,
  "final_clip_score": 0.9003802537918091
}