{
  "sum_areas": 0.2687498211163185,
  "final_score": 0.7463069173227829,
  "final_size_score": 0.2811126581852151,
  "final_matched_text_score": 0.9764972153098708,
  "final_position_score": 0.7657812776045766,
  "final_text_color_score": 0.780622921979706,
  "final_clip_score": 0.9275205135345459
}