{
  "sum_areas": 0.09726689498635058,
  "final_score": 0.895761542586619,
  "final_size_score": 0.8427846176016779,
  "final_matched_text_score": 0.9744503862150922,
  "final_position_score": 0.9045887236962762,
  "final_text_color_score": 0.8232921857793929,
  "final_clip_score": 0.9336917996406555
}