{
  "sum_areas": 0.18807566597699954,
  "final_score": 0.8545067785377921,
  "final_size_score": 0.5697465983765644,
  "final_matched_text_score": 0.9621390303786415,
  "final_position_score": 0.9029654539949636,
  "final_text_color_score": 0.8827325369018345,
  "final_clip_score": 0.9549502730369568
}