{
  "sum_areas": 0.07230577256944444,
  "final_score": 0.943320975470623,
  "final_size_score": 1.0000000000000002,
  "final_matched_text_score": 0.9229189398719494,
  "final_position_score": 0.9611111111111111,
  "final_text_color_score": 0.9437057792051372,
  "final_clip_score": 0.888869047164917
}