{
  "sum_areas": 0.3371108856914474,
  "final_score": 0.877687439576096,
  "final_size_score": 0.9753771248829687,
  "final_matched_text_score": 0.9377031315749644,
  "final_position_score": 0.821413840106927,
  "final_text_color_score": 0.7387217082072514,
  "final_clip_score": 0.9152213931083679
}