{
  "sum_areas": 0.172275390625,
  "final_score": 0.9197330670350046,
  "final_size_score": 0.9958430172136878,
  "final_matched_text_score": 0.9859912908250301,
  "final_position_score": 0.8744436553030304,
  "final_text_color_score": 0.8251739318918679,
  "final_clip_score": 0.9172134399414062
}