{
  "sum_areas": 0.20348230460662525,
  "final_score": 0.9109982615892784,
  "final_size_score": 1.0,
  "final_matched_text_score": 0.9912548836375021,
  "final_position_score": 0.8006656140968869,
  "final_text_color_score": 0.8892269019020664,
  "final_clip_score": 0.8738439083099365
}