{
  "sum_areas": 0.22772645569884392,
  "final_score": 0.9136704261994446,
  "final_size_score": 0.9937786439053046,
  "final_matched_text_score": 0.9902555616841331,
  "final_position_score": 0.8267373227745487,
  "final_text_color_score": 0.8143581395022852,
  "final_clip_score": 0.9432224631309509
}