{
  "sum_areas": 0.5738305631154188,
  "final_score": 0.9270178479495663,
  "final_size_score": 0.9994083471910851,
  "final_matched_text_score": 0.8982257546464758,
  "final_position_score": 0.9264656805313163,
  "final_text_color_score": 0.8414401590925155,
  "final_clip_score": 0.969549298286438
}