{
  "sum_areas": 0.10101482462610287,
  "final_score": 0.9266326596614789,
  "final_size_score": 0.943698040817775,
  "final_matched_text_score": 0.9853207323205323,
  "final_position_score": 0.9171939173544938,
  "final_text_color_score": 0.8768478231809563,
  "final_clip_score": 0.9101027846336365
}