{
  "sum_areas": 0.21043456809068328,
  "final_score": 0.7849697243966522,
  "final_size_score": 0.3558045657153743,
  "final_matched_text_score": 0.9860828735866144,
  "final_position_score": 0.8543848099081054,
  "final_text_color_score": 0.78012115827274,
  "final_clip_score": 0.9484552145004272
}