{
  "sum_areas": 0.30570088951310864,
  "final_score": 0.8210509820215762,
  "final_size_score": 0.4938303732244209,
  "final_matched_text_score": 0.9996806621716819,
  "final_position_score": 0.893773680281405,
  "final_text_color_score": 0.8674826045942533,
  "final_clip_score": 0.8504875898361206
}