{
  "sum_areas": 0.20841796875000002,
  "final_score": 0.8895926823978535,
  "final_size_score": 0.9924509834546382,
  "final_matched_text_score": 0.8858223471045765,
  "final_position_score": 0.8300555555555555,
  "final_text_color_score": 0.8746791006120458,
  "final_clip_score": 0.8649554252624512
}