{
  "sum_areas": 0.0881437673443037,
  "final_score": 0.8603949322697741,
  "final_size_score": 1.0,
  "final_matched_text_score": 0.9755926051603011,
  "final_position_score": 0.9398321841905539,
  "final_text_color_score": 0.48448948247927776,
  "final_clip_score": 0.9020603895187378
}