{
  "sum_areas": 0.09154303305535438,
  "final_score": 0.9403738763300951,
  "final_size_score": 0.9999210315087853,
  "final_matched_text_score": 0.9904014636157493,
  "final_position_score": 0.8142603526864353,
  "final_text_color_score": 0.9396609659264495,
  "final_clip_score": 0.9576255679130554
}