{
  "sum_areas": 0.34528082185584463,
  "final_score": 0.9319285929738479,
  "final_size_score": 1.0,
  "final_matched_text_score": 0.9934287270368579,
  "final_position_score": 0.8743883117634592,
  "final_text_color_score": 0.8766737339531383,
  "final_clip_score": 0.9151521921157837
}