{
  "sum_areas": 0.4580303901219386,
  "final_score": 0.8052332278631621,
  "final_size_score": 0.7331322548939047,
  "final_matched_text_score": 0.9057455329539559,
  "final_position_score": 0.8335116422181555,
  "final_text_color_score": 0.6380574385436176,
  "final_clip_score": 0.9157192707061768
}