{
  "sum_areas": 0.1805544655507095,
  "final_score": 0.9254050837288702,
  "final_size_score": 0.998632487692533,
  "final_matched_text_score": 0.9804022789887111,
  "final_position_score": 0.911633521172063,
  "final_text_color_score": 0.7958227775348177,
  "final_clip_score": 0.9405343532562256
}