{
  "sum_areas": 0.35387868670889905,
  "final_score": 0.928680863663804,
  "final_size_score": 0.9942103051447527,
  "final_matched_text_score": 0.9794788706547157,
  "final_position_score": 0.8883039301867314,
  "final_text_color_score": 0.8695984300452215,
  "final_clip_score": 0.9118127822875977
}