{
  "sum_areas": 0.20310872395833332,
  "final_score": 0.9102706835554092,
  "final_size_score": 0.9678179341293371,
  "final_matched_text_score": 0.965473177434058,
  "final_position_score": 0.7216937295751633,
  "final_text_color_score": 0.981183959595946,
  "final_clip_score": 0.9151846170425415
}