{
  "sum_areas": 0.10162542525924781,
  "final_score": 0.8820052748489904,
  "final_size_score": 0.7987219373441993,
  "final_matched_text_score": 0.9992673992673993,
  "final_position_score": 0.752459408153611,
  "final_text_color_score": 0.966210458192206,
  "final_clip_score": 0.8933671712875366
}