{
  "sum_areas": 0.21501577522463247,
  "final_score": 0.9507333630577165,
  "final_size_score": 1.0000000000000002,
  "final_matched_text_score": 0.9997611084567606,
  "final_position_score": 0.9676951738185067,
  "final_text_color_score": 0.8495160301828094,
  "final_clip_score": 0.9366945028305054
}