{
  "sum_areas": 0.46780850276285435,
  "final_score": 0.7689404340015548,
  "final_size_score": 0.35327020348248434,
  "final_matched_text_score": 0.9519696038740715,
  "final_position_score": 0.8874747363864681,
  "final_text_color_score": 0.7344495794278966,
  "final_clip_score": 0.917538046836853
}