{
  "sum_areas": 0.22035241562024696,
  "final_score": 0.7094730155378638,
  "final_size_score": 0.5031792525063122,
  "final_matched_text_score": 0.953363785011221,
  "final_position_score": 0.7384208560520663,
  "final_text_color_score": 0.5282966366191085,
  "final_clip_score": 0.8241045475006104
}