{
  "sum_areas": 0.22104686378185706,
  "final_score": 0.9092328820486726,
  "final_size_score": 0.9816125966296795,
  "final_matched_text_score": 0.9590860344657073,
  "final_position_score": 0.8764963735089444,
  "final_text_color_score": 0.7923978075860534,
  "final_clip_score": 0.9365715980529785
}