{
  "sum_areas": 0.10040565073280268,
  "final_score": 0.9019657783500851,
  "final_size_score": 0.9999999999999999,
  "final_matched_text_score": 0.9864895588709306,
  "final_position_score": 0.7836847464346316,
  "final_text_color_score": 0.8480611301765525,
  "final_clip_score": 0.8915934562683105
}