{
  "sum_areas": 0.17222125489545623,
  "final_score": 0.8234966375029368,
  "final_size_score": 0.6799318094542822,
  "final_matched_text_score": 0.9782216651822822,
  "final_position_score": 0.7173489642695161,
  "final_text_color_score": 0.884381728604331,
  "final_clip_score": 0.8575990200042725
}