{
  "sum_areas": 0.46844815568570364,
  "final_score": 0.8997272647974554,
  "final_size_score": 0.9679615255330433,
  "final_matched_text_score": 0.942481183873892,
  "final_position_score": 0.8964220874459079,
  "final_text_color_score": 0.7837376197209504,
  "final_clip_score": 0.9080339074134827
}