{
  "sum_areas": 0.23091051560325573,
  "final_score": 0.7376521005177689,
  "final_size_score": 0.14124581498274413,
  "final_matched_text_score": 0.9640287769784173,
  "final_position_score": 0.8820538438297585,
  "final_text_color_score": 0.7995134404894829,
  "final_clip_score": 0.9014186263084412
}