{
  "sum_areas": 0.14128281849661958,
  "final_score": 0.904402955081163,
  "final_size_score": 0.9247296114010011,
  "final_matched_text_score": 0.9907471162917357,
  "final_position_score": 0.8535829165066668,
  "final_text_color_score": 0.8573678657149254,
  "final_clip_score": 0.8955872654914856
}