{
  "sum_areas": 0.21253148846059813,
  "final_score": 0.6947751048485952,
  "final_size_score": 0.1380120773313164,
  "final_matched_text_score": 0.8765936587845885,
  "final_position_score": 0.8275248376722408,
  "final_text_color_score": 0.7918962532693139,
  "final_clip_score": 0.8398486971855164
}