{
  "sum_areas": 0.08425091755128519,
  "final_score": 0.9337960818822417,
  "final_size_score": 0.9449613783913335,
  "final_matched_text_score": 0.9853207323205323,
  "final_position_score": 0.9095674854109176,
  "final_text_color_score": 0.8916186539408911,
  "final_clip_score": 0.9375121593475342
}