{
  "sum_areas": 0.29813476562499996,
  "final_score": 0.9138479105729229,
  "final_size_score": 0.9923861101102412,
  "final_matched_text_score": 0.9439921693141509,
  "final_position_score": 0.8906650641025641,
  "final_text_color_score": 0.8639897178673209,
  "final_clip_score": 0.8782064914703369
}