{
  "sum_areas": 0.3073071105548101,
  "final_score": 0.9187791670595857,
  "final_size_score": 0.9908581274129089,
  "final_matched_text_score": 0.997273442512561,
  "final_position_score": 0.8505380991446281,
  "final_text_color_score": 0.8306044649872907,
  "final_clip_score": 0.9246217012405396
}