{
  "sum_areas": 0.5380029919918967,
  "final_score": 0.9102194541027263,
  "final_size_score": 0.8076847600571276,
  "final_matched_text_score": 0.9429323280238536,
  "final_position_score": 0.8790007348397962,
  "final_text_color_score": 0.9991701085463763,
  "final_clip_score": 0.9223093390464783
}