{
  "sum_areas": 0.16295669566067997,
  "final_score": 0.9171517421325988,
  "final_size_score": 0.9918324739655371,
  "final_matched_text_score": 0.9900661808346746,
  "final_position_score": 0.923906879801666,
  "final_text_color_score": 0.7909535947241414,
  "final_clip_score": 0.8889995813369751
}