{
  "sum_areas": 0.2683600110200986,
  "final_score": 0.8054785243675193,
  "final_size_score": 0.8233482246883181,
  "final_matched_text_score": 1.0,
  "final_position_score": 0.5998395475277267,
  "final_text_color_score": 0.7353665393798525,
  "final_clip_score": 0.8688383102416992
}