{
  "sum_areas": 0.6019308852450161,
  "final_score": 0.7556985508336143,
  "final_size_score": 0.17901647850557412,
  "final_matched_text_score": 0.9555844325820113,
  "final_position_score": 0.8857824192944115,
  "final_text_color_score": 0.8518289658125938,
  "final_clip_score": 0.9062804579734802
}