{
  "sum_areas": 0.3322157145634184,
  "final_score": 0.9365598859377091,
  "final_size_score": 0.9970543160012981,
  "final_matched_text_score": 0.9893334251954942,
  "final_position_score": 0.9433756530806154,
  "final_text_color_score": 0.8472277654335677,
  "final_clip_score": 0.9058082699775696
}