{
  "sum_areas": 0.44273413644053805,
  "final_score": 0.9011559207167947,
  "final_size_score": 0.8930032227780534,
  "final_matched_text_score": 0.932473628172501,
  "final_position_score": 0.8946598189054996,
  "final_text_color_score": 0.8677974461333149,
  "final_clip_score": 0.9178454875946045
}