{
  "sum_areas": 0.5206084797992521,
  "final_score": 0.896096560330625,
  "final_size_score": 0.9998021123703906,
  "final_matched_text_score": 0.9082380895410218,
  "final_position_score": 0.8862078868216577,
  "final_text_color_score": 0.7374103072498888,
  "final_clip_score": 0.948824405670166
}