{
  "sum_areas": 0.11339323827871622,
  "final_score": 0.8096977787284803,
  "final_size_score": 0.5253550373181746,
  "final_matched_text_score": 0.978653014923038,
  "final_position_score": 0.7391618237193837,
  "final_text_color_score": 0.894952601704327,
  "final_clip_score": 0.910366415977478
}