{
  "sum_areas": 0.15989806375234816,
  "final_score": 0.8934416373552797,
  "final_size_score": 0.8666174957584283,
  "final_matched_text_score": 0.9951923076923078,
  "final_position_score": 0.927662823333029,
  "final_text_color_score": 0.830641858630023,
  "final_clip_score": 0.8470937013626099
}