{
  "sum_areas": 0.2532881089256914,
  "final_score": 0.7511696985673845,
  "final_size_score": 0.3491505123693093,
  "final_matched_text_score": 0.9510842255990207,
  "final_position_score": 0.7612295158695556,
  "final_text_color_score": 0.8957780220915351,
  "final_clip_score": 0.7986062169075012
}