{
  "sum_areas": 0.10085823642922685,
  "final_score": 0.9484173161362635,
  "final_size_score": 0.9999283249890388,
  "final_matched_text_score": 0.9898426133459163,
  "final_position_score": 0.8956262456875296,
  "final_text_color_score": 0.9247847826871216,
  "final_clip_score": 0.9319046139717102
}