{
  "sum_areas": 0.44393770451290665,
  "final_score": 0.8705305318324754,
  "final_size_score": 0.9598187937015625,
  "final_matched_text_score": 0.8782016460614173,
  "final_position_score": 0.8954356410840876,
  "final_text_color_score": 0.7436530435596034,
  "final_clip_score": 0.8755435347557068
}