{
  "sum_areas": 0.18216004662154706,
  "final_score": 0.9194504944653628,
  "final_size_score": 0.9948651636459571,
  "final_matched_text_score": 0.9951635191156148,
  "final_position_score": 0.7590419582871198,
  "final_text_color_score": 0.9066036218779444,
  "final_clip_score": 0.941578209400177
}