{
  "sum_areas": 0.6042480205981504,
  "final_score": 0.9383013364761688,
  "final_size_score": 0.999433147271151,
  "final_matched_text_score": 0.9937354988399072,
  "final_position_score": 0.8995596495356912,
  "final_text_color_score": 0.8822348433953188,
  "final_clip_score": 0.9165435433387756
}