{
  "sum_areas": 0.1987274935595878,
  "final_score": 0.7034200431660522,
  "final_size_score": 0.14846857233330105,
  "final_matched_text_score": 0.9967532467532468,
  "final_position_score": 0.7478515402641848,
  "final_text_color_score": 0.7752084351156977,
  "final_clip_score": 0.8488184213638306
}