{
  "sum_areas": 0.02756184895833333,
  "final_score": 0.9300240354368086,
  "final_size_score": 1.0,
  "final_matched_text_score": 1.0,
  "final_position_score": 0.7982638888888889,
  "final_text_color_score": 0.9526352852395814,
  "final_clip_score": 0.8992210030555725
}