{
  "sum_areas": 0.3736844625279244,
  "final_score": 0.8907769878938915,
  "final_size_score": 0.7813639578938126,
  "final_matched_text_score": 0.9492750070359102,
  "final_position_score": 0.8123489416686321,
  "final_text_color_score": 0.9623501464270111,
  "final_clip_score": 0.9485468864440918
}