{
  "sum_areas": 0.18773085937500003,
  "final_score": 0.9261554349313507,
  "final_size_score": 0.8833020177240104,
  "final_matched_text_score": 0.9992784992784992,
  "final_position_score": 0.9505481981981984,
  "final_text_color_score": 0.9200747308946438,
  "final_clip_score": 0.8775737285614014
}