{
  "sum_areas": 0.20946517279006496,
  "final_score": 0.9105062490895981,
  "final_size_score": 0.9974913438496532,
  "final_matched_text_score": 0.9785016122198961,
  "final_position_score": 0.9336905700182231,
  "final_text_color_score": 0.7561594869383429,
  "final_clip_score": 0.886688232421875
}