{
  "sum_areas": 0.0717578125,
  "final_score": 0.9283453644962946,
  "final_size_score": 0.9999999999999998,
  "final_matched_text_score": 0.9249304971830458,
  "final_position_score": 0.8606150793650793,
  "final_text_color_score": 0.9437057792051372,
  "final_clip_score": 0.9124754667282104
}