{
  "sum_areas": 0.38065298658541946,
  "final_score": 0.9007986374121324,
  "final_size_score": 0.9635087864415176,
  "final_matched_text_score": 0.9657184246653308,
  "final_position_score": 0.902795034015253,
  "final_text_color_score": 0.823619940199058,
  "final_clip_score": 0.848351001739502
}