{
  "sum_areas": 0.17638005150549232,
  "final_score": 0.9312737354934246,
  "final_size_score": 0.9946623895404338,
  "final_matched_text_score": 0.9952810152810153,
  "final_position_score": 0.8722133981153702,
  "final_text_color_score": 0.8374561768031006,
  "final_clip_score": 0.9567556977272034
}