{
  "sum_areas": 0.2387320437876341,
  "final_score": 0.7432731352567478,
  "final_size_score": 0.4326534095464635,
  "final_matched_text_score": 0.9269226598481768,
  "final_position_score": 0.7894273587858456,
  "final_text_color_score": 0.7073250404997977,
  "final_clip_score": 0.8600372076034546
}