{
  "sum_areas": 0.28672513737250743,
  "final_score": 0.9254857622604261,
  "final_size_score": 0.9976757682679744,
  "final_matched_text_score": 0.9958121764905196,
  "final_position_score": 0.8719519496324273,
  "final_text_color_score": 0.8640571623221278,
  "final_clip_score": 0.8979317545890808
}