{
  "sum_areas": 0.46061730018403624,
  "final_score": 0.8657380984291475,
  "final_size_score": 0.5725377493723017,
  "final_matched_text_score": 0.9607084653818017,
  "final_position_score": 0.8832494299792696,
  "final_text_color_score": 0.9747261994555156,
  "final_clip_score": 0.9374686479568481
}