{
  "sum_areas": 0.24733183945561715,
  "final_score": 0.9388349646521411,
  "final_size_score": 0.9698057677275643,
  "final_matched_text_score": 0.9607871368369265,
  "final_position_score": 0.9373040510606586,
  "final_text_color_score": 0.9059622443521695,
  "final_clip_score": 0.9203156232833862
}