{
  "sum_areas": 0.07150770821820646,
  "final_score": 0.9020042159711391,
  "final_size_score": 0.8901827698163033,
  "final_matched_text_score": 0.9998274672187715,
  "final_position_score": 0.84802665467023,
  "final_text_color_score": 0.8530192061176146,
  "final_clip_score": 0.9189649820327759
}