{
  "sum_areas": 0.10492796943217605,
  "final_score": 0.906130389980582,
  "final_size_score": 1.0,
  "final_matched_text_score": 0.9855658025623509,
  "final_position_score": 0.8586569274289284,
  "final_text_color_score": 0.8328916604023531,
  "final_clip_score": 0.8535375595092773
}