{
  "sum_areas": 0.10589615342219509,
  "final_score": 0.8800511086927939,
  "final_size_score": 0.9312939669258119,
  "final_matched_text_score": 0.9687592017939252,
  "final_position_score": 0.7637550572413647,
  "final_text_color_score": 0.8587798308352343,
  "final_clip_score": 0.8776674866676331
}