{
  "sum_areas": 0.03489220138660303,
  "final_score": 0.9244426187276762,
  "final_size_score": 0.8841640023109711,
  "final_matched_text_score": 0.9951923076923077,
  "final_position_score": 0.924123368291175,
  "final_text_color_score": 0.8945093366886838,
  "final_clip_score": 0.9242240786552429
}