{
  "sum_areas": 0.05969523459685206,
  "final_score": 0.7961769688583358,
  "final_size_score": 0.540948935442553,
  "final_matched_text_score": 0.9993238674780256,
  "final_position_score": 0.7890105538628848,
  "final_text_color_score": 0.7628877700475833,
  "final_clip_score": 0.8887137174606323
}