{
  "sum_areas": 0.17829944291999178,
  "final_score": 0.8872640918014638,
  "final_size_score": 0.9775609962642984,
  "final_matched_text_score": 0.9758303242735645,
  "final_position_score": 0.885637490779624,
  "final_text_color_score": 0.6800935857467776,
  "final_clip_score": 0.9171980619430542
}