{
  "sum_areas": 0.19601097150837105,
  "final_score": 0.8722289608786329,
  "final_size_score": 0.6416002765830691,
  "final_matched_text_score": 0.9867094212502562,
  "final_position_score": 0.8687399230072462,
  "final_text_color_score": 0.91902479761967,
  "final_clip_score": 0.9450703859329224
}