{
  "sum_areas": 0.16300050146901346,
  "final_score": 0.934336280914107,
  "final_size_score": 0.9789688243287782,
  "final_matched_text_score": 0.9974442033938601,
  "final_position_score": 0.8715325973040497,
  "final_text_color_score": 0.8937366664609607,
  "final_clip_score": 0.9299991130828857
}