{
  "sum_areas": 0.040861082067220625,
  "final_score": 0.9340233523850382,
  "final_size_score": 0.8675982431771319,
  "final_matched_text_score": 0.982905982905983,
  "final_position_score": 0.948169407705707,
  "final_text_color_score": 0.9281544442450727,
  "final_clip_score": 0.9432886838912964
}