{
  "sum_areas": 0.34520697599554123,
  "final_score": 0.9281262503466426,
  "final_size_score": 0.9969810947846115,
  "final_matched_text_score": 0.9531191985418623,
  "final_position_score": 0.9351801265408488,
  "final_text_color_score": 0.7791679538484649,
  "final_clip_score": 0.9761828780174255
}