{
  "sum_areas": 0.26961084301362653,
  "final_score": 0.8890314877978782,
  "final_size_score": 0.9794119091719206,
  "final_matched_text_score": 0.9356315155244687,
  "final_position_score": 0.8598535560560167,
  "final_text_color_score": 0.7986611416399998,
  "final_clip_score": 0.8715993165969849
}