{
  "sum_areas": 0.320302034634956,
  "final_score": 0.9214501789000675,
  "final_size_score": 0.915071363896027,
  "final_matched_text_score": 0.9631199213846208,
  "final_position_score": 0.9277043876338,
  "final_text_color_score": 0.9232378390594923,
  "final_clip_score": 0.8781173825263977
}