{
  "sum_areas": 0.18549586926494943,
  "final_score": 0.9393049871612086,
  "final_size_score": 0.9334468223562684,
  "final_matched_text_score": 0.9944420867203559,
  "final_position_score": 0.941596510219258,
  "final_text_color_score": 0.896770275177152,
  "final_clip_score": 0.9302692413330078
}