{
  "sum_areas": 0.6245680341247575,
  "final_score": 0.8748991533112318,
  "final_size_score": 0.9833909521544231,
  "final_matched_text_score": 0.9105026421433169,
  "final_position_score": 0.8922827795600696,
  "final_text_color_score": 0.6750715689831385,
  "final_clip_score": 0.91324782371521
}