{
  "sum_areas": 0.4733210975398476,
  "final_score": 0.8390855383701041,
  "final_size_score": 0.8704986519093391,
  "final_matched_text_score": 0.8746541249851961,
  "final_position_score": 0.8617657539532538,
  "final_text_color_score": 0.6771577186656947,
  "final_clip_score": 0.9113514423370361
}