{
  "sum_areas": 0.0988169422410991,
  "final_score": 0.8271436638886371,
  "final_size_score": 0.8535907307516037,
  "final_matched_text_score": 0.9686887077105724,
  "final_position_score": 0.8003684929504855,
  "final_text_color_score": 0.6168372466082523,
  "final_clip_score": 0.8962331414222717
}