{
  "sum_areas": 0.34338815963409475,
  "final_score": 0.7455907822693026,
  "final_size_score": 0.6214969591414435,
  "final_matched_text_score": 0.9656106648533017,
  "final_position_score": 0.5414608802171461,
  "final_text_color_score": 0.7326666380611353,
  "final_clip_score": 0.8667187690734863
}