{
  "sum_areas": 0.2199732158488395,
  "final_score": 0.8920765447834459,
  "final_size_score": 0.8860633045457061,
  "final_matched_text_score": 0.9788803601702856,
  "final_position_score": 0.8296446044310054,
  "final_text_color_score": 0.9518274056483755,
  "final_clip_score": 0.8139670491218567
}