{
  "sum_areas": 0.23939659931869442,
  "final_score": 0.8361324606836917,
  "final_size_score": 0.8240373259114505,
  "final_matched_text_score": 0.9751842027704096,
  "final_position_score": 0.8493741410562807,
  "final_text_color_score": 0.6516018414287303,
  "final_clip_score": 0.8804647922515869
}