{
  "sum_areas": 0.2732293312945583,
  "final_score": 0.8548420636865611,
  "final_size_score": 0.9990570328764672,
  "final_matched_text_score": 0.9733783277090365,
  "final_position_score": 0.774105590282935,
  "final_text_color_score": 0.6264644835120898,
  "final_clip_score": 0.9012048840522766
}