{
  "sum_areas": 0.5284089412441169,
  "final_score": 0.9303473269206896,
  "final_size_score": 0.9893510242279924,
  "final_matched_text_score": 0.9220894303346875,
  "final_position_score": 0.9203030721257524,
  "final_text_color_score": 0.8896826201678236,
  "final_clip_score": 0.9303104877471924
}