{
  "sum_areas": 0.26925515935214217,
  "final_score": 0.9430775598280526,
  "final_size_score": 0.9834549527206401,
  "final_matched_text_score": 0.9431774930550975,
  "final_position_score": 0.9439704256506678,
  "final_text_color_score": 0.9376148704171043,
  "final_clip_score": 0.9071700572967529
}