{
  "sum_areas": 0.24547547448363005,
  "final_score": 0.7247942959162301,
  "final_size_score": 0.19360881643617361,
  "final_matched_text_score": 0.9848634567014013,
  "final_position_score": 0.7732391831965003,
  "final_text_color_score": 0.7760342131961107,
  "final_clip_score": 0.8962258100509644
}