{
  "sum_areas": 0.24601504939259716,
  "final_score": 0.8926846324980616,
  "final_size_score": 0.9961979479224709,
  "final_matched_text_score": 0.9952574525745258,
  "final_position_score": 0.7829647577841438,
  "final_text_color_score": 0.7651647464195565,
  "final_clip_score": 0.9238382577896118
}