{
  "sum_areas": 0.3342648044563609,
  "final_score": 0.7522361303002665,
  "final_size_score": 0.4623706160816511,
  "final_matched_text_score": 0.8716941544254238,
  "final_position_score": 0.8178160687351862,
  "final_text_color_score": 0.6922946309465108,
  "final_clip_score": 0.917005181312561
}