{
  "sum_areas": 0.3585485422996378,
  "final_score": 0.9440966363118823,
  "final_size_score": 0.9950811850979175,
  "final_matched_text_score": 0.9879254912948562,
  "final_position_score": 0.9453034997317603,
  "final_text_color_score": 0.852355159613497,
  "final_clip_score": 0.9398178458213806
}