{
  "sum_areas": 0.21119437728943632,
  "final_score": 0.6779302639318746,
  "final_size_score": 0.15759942519613482,
  "final_matched_text_score": 0.8987647001645303,
  "final_position_score": 0.7311153052043341,
  "final_text_color_score": 0.8406972797193739,
  "final_clip_score": 0.761474609375
}