{
  "sum_areas": 0.21960215457826066,
  "final_score": 0.7258978886197371,
  "final_size_score": 0.270315522514474,
  "final_matched_text_score": 0.9841780462184874,
  "final_position_score": 0.7424576724868224,
  "final_text_color_score": 0.8097944284185133,
  "final_clip_score": 0.8227437734603882
}