{
  "sum_areas": 0.4704741392355608,
  "final_score": 0.6753114373171211,
  "final_size_score": 0.10055659058639886,
  "final_matched_text_score": 1.0,
  "final_position_score": 0.8795947876084038,
  "final_text_color_score": 0.5112463158981269,
  "final_clip_score": 0.8851594924926758
}