{
  "sum_areas": 0.21150510030041356,
  "final_score": 0.8462858991375918,
  "final_size_score": 0.8805789670801594,
  "final_matched_text_score": 0.9534692464252214,
  "final_position_score": 0.8867027608851688,
  "final_text_color_score": 0.6252215420226589,
  "final_clip_score": 0.8854569792747498
}