{
  "sum_areas": 0.15474981996935383,
  "final_score": 0.8465323074417945,
  "final_size_score": 0.6274183905536052,
  "final_matched_text_score": 0.9626668008252567,
  "final_position_score": 0.8877478486390299,
  "final_text_color_score": 0.8240889752107956,
  "final_clip_score": 0.9307395219802856
}