{
  "sum_areas": 0.2210831445673186,
  "final_score": 0.9475413543056685,
  "final_size_score": 1.0,
  "final_matched_text_score": 0.9994480017663944,
  "final_position_score": 0.959737700614915,
  "final_text_color_score": 0.8570535264987175,
  "final_clip_score": 0.9214675426483154
}