{
  "sum_areas": 0.6739080218423174,
  "final_score": 0.856589384260328,
  "final_size_score": 0.4842365880065691,
  "final_matched_text_score": 0.9885642521531879,
  "final_position_score": 0.9434919489802429,
  "final_text_color_score": 0.9691221459250677,
  "final_clip_score": 0.8975319862365723
}