{
  "sum_areas": 0.09561277068362789,
  "final_score": 0.824081959956671,
  "final_size_score": 0.5758434009302442,
  "final_matched_text_score": 0.9740139534610689,
  "final_position_score": 0.7821255673200529,
  "final_text_color_score": 0.8667833825122958,
  "final_clip_score": 0.9216434955596924
}