{
  "sum_areas": 0.24251139358680335,
  "final_score": 0.6999134169344686,
  "final_size_score": 0.02814563664398078,
  "final_matched_text_score": 1.0,
  "final_position_score": 0.93046875,
  "final_text_color_score": 0.6960159099462393,
  "final_clip_score": 0.8449367880821228
}