{
  "sum_areas": 0.5131441378237381,
  "final_score": 0.8925127282147218,
  "final_size_score": 0.9685511951643037,
  "final_matched_text_score": 0.928669408413507,
  "final_position_score": 0.8473659272464489,
  "final_text_color_score": 0.8906778729980671,
  "final_clip_score": 0.8272992372512817
}