{
  "sum_areas": 0.4719193856807538,
  "final_score": 0.8435062901385688,
  "final_size_score": 0.8701140023677115,
  "final_matched_text_score": 0.875860740828077,
  "final_position_score": 0.8632392308977785,
  "final_text_color_score": 0.677088540880741,
  "final_clip_score": 0.9312289357185364
}