{
  "sum_areas": 0.3963284083265474,
  "final_score": 0.7606659922633375,
  "final_size_score": 0.2738056072248878,
  "final_matched_text_score": 0.9692357271729868,
  "final_position_score": 0.7988492305923125,
  "final_text_color_score": 0.8873717321800768,
  "final_clip_score": 0.8740676641464233
}