{
  "sum_areas": 0.1721580287182919,
  "final_score": 0.8487174036865087,
  "final_size_score": 0.975083379466948,
  "final_matched_text_score": 0.973446621674733,
  "final_position_score": 0.8251573739178126,
  "final_text_color_score": 0.6803741344924343,
  "final_clip_score": 0.7895255088806152
}