{
  "sum_areas": 0.4786276120381321,
  "final_score": 0.711427613364916,
  "final_size_score": 0.4995280932599545,
  "final_matched_text_score": 0.955073328716216,
  "final_position_score": 0.5458026525850034,
  "final_text_color_score": 0.7326666380611353,
  "final_clip_score": 0.8240673542022705
}