{
  "sum_areas": 0.10062365741993098,
  "final_score": 0.8188144121350298,
  "final_size_score": 0.6767515683182085,
  "final_matched_text_score": 0.9924036896364623,
  "final_position_score": 0.7108850137854643,
  "final_text_color_score": 0.7936742039817061,
  "final_clip_score": 0.9203575849533081
}