{
  "sum_areas": 0.2862591694347979,
  "final_score": 0.8707110140965217,
  "final_size_score": 0.8094988364935704,
  "final_matched_text_score": 0.9991217175537527,
  "final_position_score": 0.7449391645523631,
  "final_text_color_score": 0.9305913935623047,
  "final_clip_score": 0.8694039583206177
}