{
  "sum_areas": 0.28122454496098354,
  "final_score": 0.5696729155214921,
  "final_size_score": 0.05321859211044886,
  "final_matched_text_score": 0.808695652173913,
  "final_position_score": 0.3514139490086376,
  "final_text_color_score": 0.8084995500745016,
  "final_clip_score": 0.8265368342399597
}