{
  "sum_areas": 0.054759031319752245,
  "final_score": 0.680468108780012,
  "final_size_score": 0.03685327316055252,
  "final_matched_text_score": 1.0,
  "final_position_score": 0.8983826130545525,
  "final_text_color_score": 0.7361895285002322,
  "final_clip_score": 0.7309151291847229
}