{
  "sum_areas": 0.6451875004150741,
  "final_score": 0.8689384272649129,
  "final_size_score": 0.983921758628426,
  "final_matched_text_score": 0.9056663839500848,
  "final_position_score": 0.8775559948236445,
  "final_text_color_score": 0.6750715689831385,
  "final_clip_score": 0.90247642993927
}