{
  "sum_areas": 0.5588067417400711,
  "final_score": 0.86402620561507,
  "final_size_score": 0.9461548701762736,
  "final_matched_text_score": 0.8885336420989978,
  "final_position_score": 0.7610021168659977,
  "final_text_color_score": 0.8476136953856495,
  "final_clip_score": 0.8768267035484314
}