{
  "sum_areas": 0.185440583871349,
  "final_score": 0.901062843326895,
  "final_size_score": 0.9776602252697456,
  "final_matched_text_score": 0.9954677645824085,
  "final_position_score": 0.809682182809345,
  "final_text_color_score": 0.7810894493227074,
  "final_clip_score": 0.9414145946502686
}