{
  "sum_areas": 0.1853565980065575,
  "final_score": 0.9402026594092302,
  "final_size_score": 0.9957840104907827,
  "final_matched_text_score": 0.9875426940295685,
  "final_position_score": 0.8777923665308203,
  "final_text_color_score": 0.8905678300065153,
  "final_clip_score": 0.9493263959884644
}