{
  "sum_areas": 0.12937358736481927,
  "final_score": 0.9327666842253595,
  "final_size_score": 0.9435239509378837,
  "final_matched_text_score": 1.0,
  "final_position_score": 0.9189682334474674,
  "final_text_color_score": 0.8552797447751984,
  "final_clip_score": 0.9460614919662476
}