{
  "sum_areas": 0.19415556166321538,
  "final_score": 0.9228928693006818,
  "final_size_score": 0.9744477124756115,
  "final_matched_text_score": 0.9539487126289684,
  "final_position_score": 0.9101885383196172,
  "final_text_color_score": 0.8362506031910586,
  "final_clip_score": 0.9396287798881531
}