{
  "sum_areas": 0.20763329096720773,
  "final_score": 0.8594715917595934,
  "final_size_score": 0.9964777033412053,
  "final_matched_text_score": 0.9691940907686133,
  "final_position_score": 0.6688679144958581,
  "final_text_color_score": 0.7662261099945363,
  "final_clip_score": 0.8965921401977539
}