{
  "sum_areas": 0.3079513750330387,
  "final_score": 0.802163990046103,
  "final_size_score": 0.4793805206532197,
  "final_matched_text_score": 0.9698399923394541,
  "final_position_score": 0.7852089004362338,
  "final_text_color_score": 0.9096415481732198,
  "final_clip_score": 0.8667489886283875
}