{
  "sum_areas": 0.04392103407539031,
  "final_score": 0.4338203237525877,
  "final_size_score": 0.011619094068849126,
  "final_matched_text_score": 1.0,
  "final_position_score": 0.28828124999999993,
  "final_text_color_score": 1.509796425658294e-07,
  "final_clip_score": 0.869201123714447
}