{
  "sum_areas": 0.2831190934907617,
  "final_score": 0.6520401029406648,
  "final_size_score": 0.20837767000957358,
  "final_matched_text_score": 0.9388528138528139,
  "final_position_score": 0.5714747237035839,
  "final_text_color_score": 0.6843831378716052,
  "final_clip_score": 0.8571121692657471
}