{
  "sum_areas": 0.15225855834291477,
  "final_score": 0.604686269843238,
  "final_size_score": 0.011495450316304492,
  "final_matched_text_score": 0.7857142857142857,
  "final_position_score": 0.5624075940860215,
  "final_text_color_score": 0.7884535898126216,
  "final_clip_score": 0.8753604292869568
}