{
  "sum_areas": 0.052208424281600156,
  "final_score": 0.5063951046788305,
  "final_size_score": 0.1060340564515542,
  "final_matched_text_score": 0.728494623655914,
  "final_position_score": 0.22389823476682044,
  "final_text_color_score": 0.5860211426995515,
  "final_clip_score": 0.8875274658203125
}