{
  "sum_areas": 0.01251193576388889,
  "final_score": 0.6515607726217908,
  "final_size_score": 0.7410458763333623,
  "final_matched_text_score": 0.6904761904761905,
  "final_position_score": 0.7338975694444445,
  "final_text_color_score": 0.20519209676615047,
  "final_clip_score": 0.8871921300888062
}