{
  "sum_areas": 0.015488160686728395,
  "final_score": 0.5945000969072094,
  "final_size_score": 0.6474266661477186,
  "final_matched_text_score": 0.8301886792452831,
  "final_position_score": 0.64375,
  "final_text_color_score": 0.007299904501016474,
  "final_clip_score": 0.8438352346420288
}