{
  "sum_areas": 0.15203442782620177,
  "final_score": 0.43524491545012095,
  "final_size_score": 0.07947286198832473,
  "final_matched_text_score": 0.6923076923076923,
  "final_position_score": 0.61796875,
  "final_text_color_score": 1.509796425658294e-07,
  "final_clip_score": 0.7864751219749451
}