{
  "sum_areas": 0.04089201410682828,
  "final_score": 0.46370587274482916,
  "final_size_score": 0.02594142868782594,
  "final_matched_text_score": 0.5,
  "final_position_score": 0.5835937499999999,
  "final_text_color_score": 0.3996097198187294,
  "final_clip_score": 0.8093844652175903
}