{
  "sum_areas": 0.07368741826749639,
  "final_score": 0.6610362236370606,
  "final_size_score": 0.13673647160741964,
  "final_matched_text_score": 1.0,
  "final_position_score": 0.63671875,
  "final_text_color_score": 0.6994359028149132,
  "final_clip_score": 0.83228999376297
}