{
  "sum_areas": 0.18872018661019643,
  "final_score": 0.7205448107244786,
  "final_size_score": 0.3505405260577573,
  "final_matched_text_score": 0.9094993581514762,
  "final_position_score": 0.748046875,
  "final_text_color_score": 0.7975295978799559,
  "final_clip_score": 0.7971076965332031
}