{
  "sum_areas": 0.2242404728355982,
  "final_score": 0.554733147054629,
  "final_size_score": 0.047850815732267106,
  "final_matched_text_score": 0.5436507936507936,
  "final_position_score": 0.5810267857142858,
  "final_text_color_score": 0.7305803300020008,
  "final_clip_score": 0.8705570101737976
}