{
  "sum_areas": 0.08756198765142023,
  "final_score": 0.5638936548824488,
  "final_size_score": 0.036907240085875724,
  "final_matched_text_score": 0.6111111111111112,
  "final_position_score": 0.6674368212197159,
  "final_text_color_score": 0.6685415911083947,
  "final_clip_score": 0.835471510887146
}