{
  "sum_areas": 0.11238986844449188,
  "final_score": 0.6673828905903972,
  "final_size_score": 0.21179807395964528,
  "final_matched_text_score": 0.7705314009661837,
  "final_position_score": 0.7814453125,
  "final_text_color_score": 0.683819768828159,
  "final_clip_score": 0.889319896697998
}