{
  "sum_areas": 0.3412516115939261,
  "final_score": 0.4726429953376,
  "final_size_score": 0.12598319664912486,
  "final_matched_text_score": 0.5241379310344828,
  "final_position_score": 0.876953125,
  "final_text_color_score": 1.509796425658294e-07,
  "final_clip_score": 0.8361405730247498
}