{
  "sum_areas": 0.1012204841624001,
  "final_score": 0.6239342398845573,
  "final_size_score": 0.14540809872717875,
  "final_matched_text_score": 0.7025000000000001,
  "final_position_score": 0.6809718060926384,
  "final_text_color_score": 0.8002207970901516,
  "final_clip_score": 0.7905704975128174
}