{
  "sum_areas": 0.3765115580780653,
  "final_score": 0.5990163517325506,
  "final_size_score": 0.012111110547511184,
  "final_matched_text_score": 1.0,
  "final_position_score": 0.833203125,
  "final_text_color_score": 0.3133183768444898,
  "final_clip_score": 0.836449146270752
}