{
  "sum_areas": 0.1306219426648788,
  "final_score": 0.5636296631243078,
  "final_size_score": 0.00696714168141224,
  "final_matched_text_score": 1.0,
  "final_position_score": 0.29971030327108994,
  "final_text_color_score": 0.6670137211634216,
  "final_clip_score": 0.8444571495056152
}