{
  "sum_areas": 0.09136592558994747,
  "final_score": 0.9376521546343977,
  "final_size_score": 0.9999208784330164,
  "final_matched_text_score": 0.9904014636157493,
  "final_position_score": 0.8167160047017783,
  "final_text_color_score": 0.9396609659264495,
  "final_clip_score": 0.9415614604949951
}