{
  "sum_areas": 0.09891242660881426,
  "final_score": 0.8643498082424451,
  "final_size_score": 0.8238958367625748,
  "final_matched_text_score": 0.9744503862150922,
  "final_position_score": 0.8947105899787823,
  "final_text_color_score": 0.7089482731204311,
  "final_clip_score": 0.9197439551353455
}