{
  "sum_areas": 0.21544238941436933,
  "final_score": 0.9499991818047647,
  "final_size_score": 1.0,
  "final_matched_text_score": 0.9997611084567606,
  "final_position_score": 0.9674749354458572,
  "final_text_color_score": 0.845409532384237,
  "final_clip_score": 0.937350332736969
}