{
  "sum_areas": 0.1393434243137797,
  "final_score": 0.8009415575723342,
  "final_size_score": 0.33729910798141255,
  "final_matched_text_score": 0.9621145412169255,
  "final_position_score": 0.8987261968208159,
  "final_text_color_score": 0.8943036543707451,
  "final_clip_score": 0.9122642874717712
}