{
  "sum_areas": 0.32214519982196627,
  "final_score": 0.901018203901101,
  "final_size_score": 0.784367572003662,
  "final_matched_text_score": 0.9491235239505171,
  "final_position_score": 0.8216340522323271,
  "final_text_color_score": 0.9924077758638297,
  "final_clip_score": 0.9575580954551697
}