{
  "sum_areas": 0.2906715440994337,
  "final_score": 0.9068798835065435,
  "final_size_score": 0.9926001165687783,
  "final_matched_text_score": 0.9743231809405838,
  "final_position_score": 0.9014250169961044,
  "final_text_color_score": 0.7236287130431205,
  "final_clip_score": 0.9424223899841309
}