{
  "sum_areas": 0.47029035891671717,
  "final_score": 0.804469342813071,
  "final_size_score": 0.739430972301362,
  "final_matched_text_score": 0.904946779286135,
  "final_position_score": 0.8391789470871642,
  "final_text_color_score": 0.6380574385436176,
  "final_clip_score": 0.9007325768470764
}