{
  "sum_areas": 0.16741769340826745,
  "final_score": 0.918816916799645,
  "final_size_score": 0.9959421981496887,
  "final_matched_text_score": 0.9850446426797403,
  "final_position_score": 0.8755399224458018,
  "final_text_color_score": 0.8143410009598097,
  "final_clip_score": 0.9232168197631836
}