{
  "sum_areas": 0.26868126535763476,
  "final_score": 0.7476269924121457,
  "final_size_score": 0.28092922944089743,
  "final_matched_text_score": 0.9764972153098708,
  "final_position_score": 0.7657812776045766,
  "final_text_color_score": 0.7857119277012944,
  "final_clip_score": 0.9292153120040894
}