{
  "sum_areas": 0.13312761870718337,
  "final_score": 0.7354606894224038,
  "final_size_score": 0.18372983384618796,
  "final_matched_text_score": 0.8568027210884354,
  "final_position_score": 0.8401450997742134,
  "final_text_color_score": 0.8738259667348467,
  "final_clip_score": 0.922799825668335
}