{
  "sum_areas": 0.1290820212338771,
  "final_score": 0.9290907576277022,
  "final_size_score": 0.9585644500021291,
  "final_matched_text_score": 0.9853207323205323,
  "final_position_score": 0.9155465787622119,
  "final_text_color_score": 0.8768478231809563,
  "final_clip_score": 0.9091742038726807
}