{
  "sum_areas": 0.22090042379936883,
  "final_score": 0.7117419053349481,
  "final_size_score": 0.5020823488323669,
  "final_matched_text_score": 0.9493299289480822,
  "final_position_score": 0.7378802499933829,
  "final_text_color_score": 0.5282966366191085,
  "final_clip_score": 0.8411203622817993
}