{
  "sum_areas": 0.20179211654211512,
  "final_score": 0.9058317660133819,
  "final_size_score": 0.8746468795558098,
  "final_matched_text_score": 0.9534692464252214,
  "final_position_score": 0.8947853261140652,
  "final_text_color_score": 0.8988254774705616,
  "final_clip_score": 0.9074319005012512
}