{
  "sum_areas": 0.09604535873527772,
  "final_score": 0.8797313991506439,
  "final_size_score": 0.7870280356895568,
  "final_matched_text_score": 0.9985569985569985,
  "final_position_score": 0.7522604063002549,
  "final_text_color_score": 0.9645416377183111,
  "final_clip_score": 0.8962699174880981
}