{
  "sum_areas": 0.6534714176083927,
  "final_score": 0.9365572266536536,
  "final_size_score": 0.9974271137828187,
  "final_matched_text_score": 1.0,
  "final_position_score": 0.8936963077042765,
  "final_text_color_score": 0.8846359440504593,
  "final_clip_score": 0.9070267677307129
}