{
  "sum_areas": 0.2295318395479023,
  "final_score": 0.9139914671270027,
  "final_size_score": 0.9938275780132468,
  "final_matched_text_score": 0.9900435269893398,
  "final_position_score": 0.8265529977231011,
  "final_text_color_score": 0.8204587166129393,
  "final_clip_score": 0.9390745162963867
}