{
  "sum_areas": 0.5585934493672564,
  "final_score": 0.9262818397855824,
  "final_size_score": 0.9984860191195442,
  "final_matched_text_score": 0.8939961528652695,
  "final_position_score": 0.9357760571892669,
  "final_text_color_score": 0.8414401590925155,
  "final_clip_score": 0.9617108106613159
}