{
  "sum_areas": 0.306217550872093,
  "final_score": 0.8266154698772671,
  "final_size_score": 0.49745355474106756,
  "final_matched_text_score": 0.9996806621716819,
  "final_position_score": 0.8957585408809974,
  "final_text_color_score": 0.8673973544252295,
  "final_clip_score": 0.8727872371673584
}