{
  "sum_areas": 0.19961590133291382,
  "final_score": 0.8885105597420756,
  "final_size_score": 0.726609966023202,
  "final_matched_text_score": 0.9901446240081876,
  "final_position_score": 0.8713957608889285,
  "final_text_color_score": 0.9235580216349693,
  "final_clip_score": 0.9308444261550903
}