{
  "sum_areas": 0.13220968609229314,
  "final_score": 0.8867741124152462,
  "final_size_score": 0.9600865393167891,
  "final_matched_text_score": 0.9924610599831128,
  "final_position_score": 0.7547094073856869,
  "final_text_color_score": 0.8488894443104722,
  "final_clip_score": 0.8777241110801697
}