{
  "sum_areas": 0.08707151800216567,
  "final_score": 0.9244152549257951,
  "final_size_score": 0.9763449585307807,
  "final_matched_text_score": 0.9949648571722148,
  "final_position_score": 0.8349946908055451,
  "final_text_color_score": 0.8864325976645023,
  "final_clip_score": 0.9293391704559326
}