{
  "sum_areas": 0.09861332306090699,
  "final_score": 0.9197880061176978,
  "final_size_score": 0.9782482900043227,
  "final_matched_text_score": 0.8989169981716922,
  "final_position_score": 0.9280525453278418,
  "final_text_color_score": 0.8360580649664072,
  "final_clip_score": 0.9576641321182251
}