{
  "sum_areas": 0.2515808544266433,
  "final_score": 0.5382233683142171,
  "final_size_score": 0.0909235324596896,
  "final_matched_text_score": 0.7988095238095237,
  "final_position_score": 0.6077148437500001,
  "final_text_color_score": 0.46541867643041196,
  "final_clip_score": 0.72825026512146
}