{
  "sum_areas": 0.19349744320184709,
  "final_score": 0.5362016835711015,
  "final_size_score": 0.11416107847356553,
  "final_matched_text_score": 0.6316614420062696,
  "final_position_score": 0.5798294586623425,
  "final_text_color_score": 0.5293319063952145,
  "final_clip_score": 0.8260245323181152
}