{
  "sum_areas": 0.14058099435191318,
  "final_score": 0.5843646566929441,
  "final_size_score": 0.01746944364170127,
  "final_matched_text_score": 0.8484848484848485,
  "final_position_score": 0.7744990644944441,
  "final_text_color_score": 0.4341442607975841,
  "final_clip_score": 0.8472256660461426
}