{
  "sum_areas": 0.16207752011786067,
  "final_score": 0.6431606836058642,
  "final_size_score": 0.26714479288654985,
  "final_matched_text_score": 0.7090709704769964,
  "final_position_score": 0.7086011307160882,
  "final_text_color_score": 0.6299050811167395,
  "final_clip_score": 0.9010814428329468
}