{
  "sum_areas": 0.12590711805555554,
  "final_score": 0.5919391452077216,
  "final_size_score": 0.14831603984970182,
  "final_matched_text_score": 0.8333333333333334,
  "final_position_score": 0.5535156250000001,
  "final_text_color_score": 0.5774065685194827,
  "final_clip_score": 0.8471241593360901
}