{
  "sum_areas": 0.13010995806141232,
  "final_score": 0.7282319188960491,
  "final_size_score": 0.14464381975337795,
  "final_matched_text_score": 1.0,
  "final_position_score": 0.644140625,
  "final_text_color_score": 1.0,
  "final_clip_score": 0.8523751497268677
}