{
  "sum_areas": 0.2308412669327937,
  "final_score": 0.6623730475580003,
  "final_size_score": 0.17279690911882267,
  "final_matched_text_score": 0.7453316998923413,
  "final_position_score": 0.7593306027342014,
  "final_text_color_score": 0.7685608226449775,
  "final_clip_score": 0.8658452033996582
}