{
  "sum_areas": 0.08505412716997747,
  "final_score": 0.522377747230946,
  "final_size_score": 0.08619849580254292,
  "final_matched_text_score": 0.6754385964912281,
  "final_position_score": 0.38578078299106106,
  "final_text_color_score": 0.6637877797198432,
  "final_clip_score": 0.8006830811500549
}