{
  "sum_areas": 0.09536465425290486,
  "final_score": 0.5568756658741257,
  "final_size_score": 0.045793691530090934,
  "final_matched_text_score": 0.5555555555555556,
  "final_position_score": 0.659375,
  "final_text_color_score": 0.6567185907230924,
  "final_clip_score": 0.8669354915618896
}