{
  "sum_areas": 0.06893150913141202,
  "final_score": 0.6372235582590675,
  "final_size_score": 0.27481265752510964,
  "final_matched_text_score": 0.8257575757575758,
  "final_position_score": 0.5389077491293451,
  "final_text_color_score": 0.7162298648258423,
  "final_clip_score": 0.8304099440574646
}