{
  "sum_areas": 0.26642820271517004,
  "final_score": 0.5475630984518164,
  "final_size_score": 0.021563158004076426,
  "final_matched_text_score": 0.553639846743295,
  "final_position_score": 0.5590701219512195,
  "final_text_color_score": 0.8147709746455736,
  "final_clip_score": 0.788771390914917
}