{
  "sum_areas": 0.271725864324095,
  "final_score": 0.6457071733197742,
  "final_size_score": 0.2107724527511283,
  "final_matched_text_score": 0.6212121212121212,
  "final_position_score": 0.6390730070072901,
  "final_text_color_score": 0.8661097772894027,
  "final_clip_score": 0.8913685083389282
}