{
  "sum_areas": 0.1423610710977043,
  "final_score": 0.5465020633849832,
  "final_size_score": 0.0771259012608513,
  "final_matched_text_score": 0.6296296296296297,
  "final_position_score": 0.6845375956555797,
  "final_text_color_score": 0.5273746553599344,
  "final_clip_score": 0.8138425350189209
}