{
  "sum_areas": 0.12975143229166664,
  "final_score": 0.5209479822042339,
  "final_size_score": 0.1967059076967747,
  "final_matched_text_score": 0.7039016715389214,
  "final_position_score": 0.4701116071428572,
  "final_text_color_score": 0.5375173834446484,
  "final_clip_score": 0.6965033411979675
}