{
  "sum_areas": 0.07914599633924084,
  "final_score": 0.5690448362301971,
  "final_size_score": 0.02420516192668091,
  "final_matched_text_score": 0.8333333333333334,
  "final_position_score": 0.5820078792735043,
  "final_text_color_score": 0.5666418187634629,
  "final_clip_score": 0.8390359878540039
}