{
  "sum_areas": 0.2630358164156141,
  "final_score": 0.5549598303371807,
  "final_size_score": 0.065699986723744,
  "final_matched_text_score": 1.0,
  "final_position_score": 0.43881907068274023,
  "final_text_color_score": 0.5748222781554567,
  "final_clip_score": 0.6954578161239624
}