{
  "sum_areas": 0.44980005644218785,
  "final_score": 0.6150072761371081,
  "final_size_score": 0.26505858464523857,
  "final_matched_text_score": 0.8166666666666665,
  "final_position_score": 0.5871093750000002,
  "final_text_color_score": 0.5410080893460164,
  "final_clip_score": 0.8651936650276184
}