{
  "sum_areas": 0.09288526622145533,
  "final_score": 0.6000253414909249,
  "final_size_score": 0.2575525687509456,
  "final_matched_text_score": 0.860648148148148,
  "final_position_score": 0.6926573150988411,
  "final_text_color_score": 0.3377474814755187,
  "final_clip_score": 0.8515211939811707
}