{
  "sum_areas": 0.24696617311747796,
  "final_score": 0.45185009006717797,
  "final_size_score": 0.005275535327944633,
  "final_matched_text_score": 0.5882352941176471,
  "final_position_score": 0.505859375,
  "final_text_color_score": 0.3880173813959741,
  "final_clip_score": 0.7718628644943237
}