{
  "sum_areas": 0.2803978930003634,
  "final_score": 0.4558455953265713,
  "final_size_score": 0.03571024550286704,
  "final_matched_text_score": 0.5166666666666666,
  "final_position_score": 0.6727639709786497,
  "final_text_color_score": 0.30831753314760657,
  "final_clip_score": 0.7457695603370667
}