{
  "sum_areas": 0.17161497503513073,
  "final_score": 0.5320310746666104,
  "final_size_score": 0.015165901135842126,
  "final_matched_text_score": 0.7745098039215685,
  "final_position_score": 0.260325318033298,
  "final_text_color_score": 0.8040051059338712,
  "final_clip_score": 0.8061492443084717
}