{
  "sum_areas": 0.08939844123268037,
  "final_score": 0.5020513041343979,
  "final_size_score": 0.04805944557178367,
  "final_matched_text_score": 0.7373737373737373,
  "final_position_score": 0.5756510416666667,
  "final_text_color_score": 0.33696316672630583,
  "final_clip_score": 0.8122091293334961
}