{
  "sum_areas": 0.20293066702768905,
  "final_score": 0.7685819043333219,
  "final_size_score": 0.4428476617395984,
  "final_matched_text_score": 0.9692357271729868,
  "final_position_score": 0.7288864770281095,
  "final_text_color_score": 0.8873717321800768,
  "final_clip_score": 0.8145679235458374
}