{
  "sum_areas": 0.19556148015835734,
  "final_score": 0.8545821542915232,
  "final_size_score": 0.8425879087341751,
  "final_matched_text_score": 0.9925500370644922,
  "final_position_score": 0.8673254248437768,
  "final_text_color_score": 0.6793549215861981,
  "final_clip_score": 0.8910924792289734
}