{
  "sum_areas": 0.15681730265136734,
  "final_score": 0.895470801370216,
  "final_size_score": 0.9484368072039261,
  "final_matched_text_score": 0.9860896478543537,
  "final_position_score": 0.8807559742647059,
  "final_text_color_score": 0.7343220629483208,
  "final_clip_score": 0.927749514579773
}