{
  "sum_areas": 0.39961977446074615,
  "final_score": 0.8569402460921882,
  "final_size_score": 0.9392512606085466,
  "final_matched_text_score": 0.968798836018753,
  "final_position_score": 0.7722840031012901,
  "final_text_color_score": 0.7230223355053003,
  "final_clip_score": 0.8813447952270508
}