{
  "sum_areas": 0.3324500925054411,
  "final_score": 0.8471185828988244,
  "final_size_score": 0.9246465415408242,
  "final_matched_text_score": 0.9264005976549621,
  "final_position_score": 0.8273510883598353,
  "final_text_color_score": 0.696748591471887,
  "final_clip_score": 0.8604460954666138
}