{
  "sum_areas": 0.1314179225349246,
  "final_score": 0.8576238209944176,
  "final_size_score": 0.8735089336687041,
  "final_matched_text_score": 0.9883878441018522,
  "final_position_score": 0.9233843356506117,
  "final_text_color_score": 0.6671036241803149,
  "final_clip_score": 0.8357343673706055
}