{
  "sum_areas": 0.22391383104955678,
  "final_score": 0.7873898469280465,
  "final_size_score": 0.4252145411919951,
  "final_matched_text_score": 0.9626892172164211,
  "final_position_score": 0.7866397822356357,
  "final_text_color_score": 0.8554468159558665,
  "final_clip_score": 0.9069588780403137
}