{
  "sum_areas": 0.3929066091194303,
  "final_score": 0.7969998168141195,
  "final_size_score": 0.784406304305094,
  "final_matched_text_score": 0.9852011808533547,
  "final_position_score": 0.7546772105227054,
  "final_text_color_score": 0.5928644423674089,
  "final_clip_score": 0.8678499460220337
}