{
  "sum_areas": 0.18116233642462054,
  "final_score": 0.8723118542761071,
  "final_size_score": 0.9184067350987463,
  "final_matched_text_score": 0.9960111952369863,
  "final_position_score": 0.8731212396959108,
  "final_text_color_score": 0.6891833084030307,
  "final_clip_score": 0.8848367929458618
}