{
  "sum_areas": 0.37755040587346933,
  "final_score": 0.9473559419288471,
  "final_size_score": 0.9904979616733631,
  "final_matched_text_score": 0.9785361452561318,
  "final_position_score": 0.9256117221934096,
  "final_text_color_score": 0.9296073326125479,
  "final_clip_score": 0.912526547908783
}