{
  "sum_areas": 0.08724323170151303,
  "final_score": 0.8212725019812002,
  "final_size_score": 0.6998096056828842,
  "final_matched_text_score": 0.9992307692307693,
  "final_position_score": 0.6590867595144682,
  "final_text_color_score": 0.813299448086827,
  "final_clip_score": 0.9349359273910522
}