{
  "sum_areas": 0.1354341063348416,
  "final_score": 0.7851660382737595,
  "final_size_score": 0.6132778468024191,
  "final_matched_text_score": 0.9931514934115442,
  "final_position_score": 0.733588242822503,
  "final_text_color_score": 0.7307553687998607,
  "final_clip_score": 0.8550572395324707
}