{
  "sum_areas": 0.18240546953938408,
  "final_score": 0.9061531379038368,
  "final_size_score": 0.902553899817471,
  "final_matched_text_score": 0.9997176736307171,
  "final_position_score": 0.9107058110899665,
  "final_text_color_score": 0.8356172105634573,
  "final_clip_score": 0.882171094417572
}