{
  "sum_areas": 0.47132450075924337,
  "final_score": 0.838640527755424,
  "final_size_score": 0.8699500660109504,
  "final_matched_text_score": 0.8757570309590058,
  "final_position_score": 0.861926797140492,
  "final_text_color_score": 0.6771577186656947,
  "final_clip_score": 0.9084110260009766
}