{
  "sum_areas": 0.14667095267738317,
  "final_score": 0.6354178169446602,
  "final_size_score": 0.1348133120293345,
  "final_matched_text_score": 0.8947368421052632,
  "final_position_score": 0.7483360357029925,
  "final_text_color_score": 0.56379885645645,
  "final_clip_score": 0.8354040384292603
}