{
  "sum_areas": 0.08309320092165465,
  "final_score": 0.8099230953606988,
  "final_size_score": 0.8946515417466057,
  "final_matched_text_score": 0.9693888417787984,
  "final_position_score": 0.6819970724751047,
  "final_text_color_score": 0.6143847839751353,
  "final_clip_score": 0.8891932368278503
}