{
  "sum_areas": 0.3785738770845347,
  "final_score": 0.8079468095441087,
  "final_size_score": 0.6388798899933578,
  "final_matched_text_score": 0.995895794577766,
  "final_position_score": 0.7630860726643598,
  "final_text_color_score": 0.8666576183964366,
  "final_clip_score": 0.775214672088623
}