{
  "sum_areas": 0.2165617853273954,
  "final_score": 0.6001969719886113,
  "final_size_score": 0.012864167346333924,
  "final_matched_text_score": 0.5833333333333334,
  "final_position_score": 0.7876846575126847,
  "final_text_color_score": 0.72028901108832,
  "final_clip_score": 0.896813690662384
}