{
  "sum_areas": 0.44909663076152306,
  "final_score": 0.6359325053252108,
  "final_size_score": 0.014422681003384306,
  "final_matched_text_score": 0.6363636363636364,
  "final_position_score": 0.68515625,
  "final_text_color_score": 1.0,
  "final_clip_score": 0.8437199592590332
}