{
  "sum_areas": 0.13910871302279418,
  "final_score": 0.734961145489312,
  "final_size_score": 0.09980432455335254,
  "final_matched_text_score": 0.8571428571428571,
  "final_position_score": 0.9765258470894874,
  "final_text_color_score": 0.8661097772894027,
  "final_clip_score": 0.87522292137146
}