{
  "sum_areas": 0.1694997172728952,
  "final_score": 0.5856389427944567,
  "final_size_score": 0.2110458979991887,
  "final_matched_text_score": 0.6321939720122083,
  "final_position_score": 0.661606723391597,
  "final_text_color_score": 0.6280685580959925,
  "final_clip_score": 0.7952795624732971
}