{
  "sum_areas": 0.31301327912205323,
  "final_score": 0.6136721082047775,
  "final_size_score": 0.1845817229311099,
  "final_matched_text_score": 0.7684240362811792,
  "final_position_score": 0.5475498618302104,
  "final_text_color_score": 0.6920968168014558,
  "final_clip_score": 0.8757081031799316
}