{
  "sum_areas": 0.4774102341801746,
  "final_score": 0.7123193338663312,
  "final_size_score": 0.31527943067628866,
  "final_matched_text_score": 0.6741573033707865,
  "final_position_score": 0.955859375,
  "final_text_color_score": 0.7125371468553201,
  "final_clip_score": 0.9037634134292603
}