{
  "sum_areas": 0.10026249285112862,
  "final_score": 0.518639983534161,
  "final_size_score": 0.04081083016995488,
  "final_matched_text_score": 0.622994652406417,
  "final_position_score": 0.4822077531514455,
  "final_text_color_score": 0.6283957693148131,
  "final_clip_score": 0.8187909126281738
}