{
  "sum_areas": 0.06547663660865181,
  "final_score": 0.6064267011374785,
  "final_size_score": 0.06788351692442686,
  "final_matched_text_score": 0.7583333333333333,
  "final_position_score": 0.6962288115982027,
  "final_text_color_score": 0.6744868188222741,
  "final_clip_score": 0.8352010250091553
}