{
  "sum_areas": 0.01841230785697659,
  "final_score": 0.5245596250768988,
  "final_size_score": 0.5479516515116134,
  "final_matched_text_score": 0.9841269841269841,
  "final_position_score": 0.2936147689988472,
  "final_text_color_score": 0.007299904501016474,
  "final_clip_score": 0.7898048162460327
}