{
  "sum_areas": 0.15855525605464085,
  "final_score": 0.6014918524421629,
  "final_size_score": 0.07059162922593355,
  "final_matched_text_score": 0.8333333333333334,
  "final_position_score": 0.5674896935231583,
  "final_text_color_score": 0.7187205042034931,
  "final_clip_score": 0.8173241019248962
}