{
  "sum_areas": 0.4742654277363415,
  "final_score": 0.5964221733023217,
  "final_size_score": 0.03660740707959796,
  "final_matched_text_score": 0.8923538923538924,
  "final_position_score": 0.43912465906561887,
  "final_text_color_score": 0.725104958480944,
  "final_clip_score": 0.8889199495315552
}