{
  "sum_areas": 0.15169323602515403,
  "final_score": 0.5407092873220911,
  "final_size_score": 0.0072793524123415864,
  "final_matched_text_score": 0.5555555555555556,
  "final_position_score": 0.5968560613363668,
  "final_text_color_score": 0.6567185907230924,
  "final_clip_score": 0.8871368765830994
}