{
  "sum_areas": 0.40498292884964,
  "final_score": 0.6261464556821267,
  "final_size_score": 0.3961807261627071,
  "final_matched_text_score": 0.5581395348837209,
  "final_position_score": 0.68828125,
  "final_text_color_score": 0.6336375665852443,
  "final_clip_score": 0.8544932007789612
}