{
  "sum_areas": 0.11556485765574434,
  "final_score": 0.47198889964882507,
  "final_size_score": 0.02803434940712242,
  "final_matched_text_score": 0.5384615384615384,
  "final_position_score": 0.1796874999999999,
  "final_text_color_score": 0.8048085404139165,
  "final_clip_score": 0.8089525699615479
}