{
  "sum_areas": 0.11801436204614814,
  "final_score": 0.537404749231851,
  "final_size_score": 0.12830393508379587,
  "final_matched_text_score": 0.728430244435852,
  "final_position_score": 0.42206708645366736,
  "final_text_color_score": 0.6506694988092917,
  "final_clip_score": 0.757552981376648
}