{
  "sum_areas": 0.042257400473154294,
  "final_score": 0.5889070771234449,
  "final_size_score": 0.10829375250321659,
  "final_matched_text_score": 0.5357142857142857,
  "final_position_score": 0.8278023816370512,
  "final_text_color_score": 0.6661055004115666,
  "final_clip_score": 0.8066194653511047
}