{
  "sum_areas": 0.2243044061402707,
  "final_score": 0.6400573716428869,
  "final_size_score": 0.12199351890803144,
  "final_matched_text_score": 0.75,
  "final_position_score": 0.7390625,
  "final_text_color_score": 0.7604813614430912,
  "final_clip_score": 0.8287494778633118
}