{
  "sum_areas": 0.25386075773672334,
  "final_score": 0.8450503346066738,
  "final_size_score": 0.8810212329926719,
  "final_matched_text_score": 0.9167253388141844,
  "final_position_score": 0.7164632411323071,
  "final_text_color_score": 0.8240161461736123,
  "final_clip_score": 0.8870257139205933
}