{
  "sum_areas": 0.18723194651896108,
  "final_score": 0.8646820686090664,
  "final_size_score": 0.9835858645315275,
  "final_matched_text_score": 0.9193079779454656,
  "final_position_score": 0.8003115988818356,
  "final_text_color_score": 0.7595980524929306,
  "final_clip_score": 0.860606849193573
}