{
  "sum_areas": 0.4069770438393803,
  "final_score": 0.8621577920913328,
  "final_size_score": 0.9536163006891477,
  "final_matched_text_score": 0.9784600416164452,
  "final_position_score": 0.8238951099821131,
  "final_text_color_score": 0.7102509245355354,
  "final_clip_score": 0.8445665836334229
}