{
  "sum_areas": 0.40873209770183816,
  "final_score": 0.8159180974446443,
  "final_size_score": 0.6655250690927239,
  "final_matched_text_score": 0.9947661496562136,
  "final_position_score": 0.8426221544213884,
  "final_text_color_score": 0.7464193406535417,
  "final_clip_score": 0.830257773399353
}