{
  "sum_areas": 0.14036410424332105,
  "final_score": 0.7724584810471776,
  "final_size_score": 0.6673404016142929,
  "final_matched_text_score": 0.9706930106729347,
  "final_position_score": 0.6972855466424692,
  "final_text_color_score": 0.7123394808139428,
  "final_clip_score": 0.8146339654922485
}