{
  "sum_areas": 0.06779124390698689,
  "final_score": 0.8085308520779624,
  "final_size_score": 0.5561759822911865,
  "final_matched_text_score": 0.9683823529411764,
  "final_position_score": 0.7499272632366679,
  "final_text_color_score": 0.8823974469587754,
  "final_clip_score": 0.8857712149620056
}