{
  "sum_areas": 0.253139599286828,
  "final_score": 0.7356249439888677,
  "final_size_score": 0.5237372048429602,
  "final_matched_text_score": 0.98259316814354,
  "final_position_score": 0.5465844894129671,
  "final_text_color_score": 0.7783849135255532,
  "final_clip_score": 0.8468249440193176
}