{
  "sum_areas": 0.13619595683628677,
  "final_score": 0.9045919946613075,
  "final_size_score": 0.9997989903366057,
  "final_matched_text_score": 0.9945161942662055,
  "final_position_score": 0.7664945495047357,
  "final_text_color_score": 0.8738295547660064,
  "final_clip_score": 0.8883206844329834
}