{
  "sum_areas": 0.06425860364951184,
  "final_score": 0.9185144947089192,
  "final_size_score": 1.0,
  "final_matched_text_score": 0.9500767963257059,
  "final_position_score": 0.859735576923077,
  "final_text_color_score": 0.8492848443296267,
  "final_clip_score": 0.9334752559661865
}