{
  "sum_areas": 0.053733794153794805,
  "final_score": 0.9217478072550946,
  "final_size_score": 0.9181533622376775,
  "final_matched_text_score": 1.0,
  "final_position_score": 0.8784066889475363,
  "final_text_color_score": 0.8916568317127261,
  "final_clip_score": 0.920522153377533
}