{
  "sum_areas": 0.16397278134398166,
  "final_score": 0.9028145412411327,
  "final_size_score": 0.9845126860663721,
  "final_matched_text_score": 0.9919637874607456,
  "final_position_score": 0.7796960121435192,
  "final_text_color_score": 0.8296894256093359,
  "final_clip_score": 0.9282107949256897
}