{
  "sum_areas": 0.12973464478288305,
  "final_score": 0.8550245036606985,
  "final_size_score": 0.910088257747165,
  "final_matched_text_score": 0.9720141236571258,
  "final_position_score": 0.8338157911719152,
  "final_text_color_score": 0.6882716474774696,
  "final_clip_score": 0.8709326982498169
}