{
  "sum_areas": 0.093349656253093,
  "final_score": 0.9130250019855393,
  "final_size_score": 0.938321943482671,
  "final_matched_text_score": 0.990798100331569,
  "final_position_score": 0.8267412018853739,
  "final_text_color_score": 0.9207840546028384,
  "final_clip_score": 0.8884797096252441
}