{
  "sum_areas": 0.21482923307827345,
  "final_score": 0.8781259386905396,
  "final_size_score": 0.9541916637730784,
  "final_matched_text_score": 0.9837547892720306,
  "final_position_score": 0.7262667073969872,
  "final_text_color_score": 0.8282504725629084,
  "final_clip_score": 0.8981660604476929
}