{
  "sum_areas": 0.2391854688314521,
  "final_score": 0.8781937685340417,
  "final_size_score": 0.9340165263832583,
  "final_matched_text_score": 0.9775355335635666,
  "final_position_score": 0.7861896517531335,
  "final_text_color_score": 0.8243349977343191,
  "final_clip_score": 0.8688921332359314
}