{
  "sum_areas": 0.11889674768289056,
  "final_score": 0.7495573341352961,
  "final_size_score": 0.33807540632297084,
  "final_matched_text_score": 0.9523809523809523,
  "final_position_score": 0.7789106442013981,
  "final_text_color_score": 0.7823816123512368,
  "final_clip_score": 0.8960380554199219
}