{
  "sum_areas": 0.29769379548354824,
  "final_score": 0.9057374250020178,
  "final_size_score": 0.9797243643739382,
  "final_matched_text_score": 0.9378076782293433,
  "final_position_score": 0.7433446714778763,
  "final_text_color_score": 0.9229619330885083,
  "final_clip_score": 0.9448484778404236
}