{
  "sum_areas": 0.36764081672812565,
  "final_score": 0.8664698657099879,
  "final_size_score": 0.6971936060765934,
  "final_matched_text_score": 0.9525461545641223,
  "final_position_score": 0.7683153506550735,
  "final_text_color_score": 0.9574905377879022,
  "final_clip_score": 0.9568036794662476
}