{
  "sum_areas": 0.24927916137901865,
  "final_score": 0.8378813680968995,
  "final_size_score": 0.8152230919630257,
  "final_matched_text_score": 0.9725360874395819,
  "final_position_score": 0.8428214008742245,
  "final_text_color_score": 0.671012096045983,
  "final_clip_score": 0.8878141641616821
}