{
  "sum_areas": 0.2669613462489704,
  "final_score": 0.899255962610585,
  "final_size_score": 0.9816775180856531,
  "final_matched_text_score": 0.962157391708427,
  "final_position_score": 0.8951627393482156,
  "final_text_color_score": 0.758082320503952,
  "final_clip_score": 0.8991998434066772
}