{
  "sum_areas": 0.503130919296288,
  "final_score": 0.7599685349831766,
  "final_size_score": 0.41964322104769036,
  "final_matched_text_score": 0.9090465082279077,
  "final_position_score": 0.8274125882895005,
  "final_text_color_score": 0.797491611432511,
  "final_clip_score": 0.8462487459182739
}