{
  "sum_areas": 0.17037818691205817,
  "final_score": 0.7717848451347717,
  "final_size_score": 0.32812839137144584,
  "final_matched_text_score": 1.0,
  "final_position_score": 0.7812134845881372,
  "final_text_color_score": 0.8268295521106684,
  "final_clip_score": 0.9227527976036072
}