{
  "sum_areas": 0.4223608545204014,
  "final_score": 0.9262339742188921,
  "final_size_score": 0.998779579180743,
  "final_matched_text_score": 0.9863074971990936,
  "final_position_score": 0.9148401176806172,
  "final_text_color_score": 0.8120280707489116,
  "final_clip_score": 0.9192146062850952
}