{
  "sum_areas": 0.1465361511480463,
  "final_score": 0.9204014353875547,
  "final_size_score": 0.9942187514546219,
  "final_matched_text_score": 0.9659649670649254,
  "final_position_score": 0.8793924638830627,
  "final_text_color_score": 0.8561951804406197,
  "final_clip_score": 0.9062358140945435
}