{
  "sum_areas": 0.07084635416666665,
  "final_score": 0.9247285099863881,
  "final_size_score": 1.0000000000000002,
  "final_matched_text_score": 0.9069679853320151,
  "final_position_score": 0.8110491071428572,
  "final_text_color_score": 0.9587736079010983,
  "final_clip_score": 0.9468518495559692
}