{
  "sum_areas": 0.42110270483575857,
  "final_score": 0.9468594303155827,
  "final_size_score": 0.9415007551983484,
  "final_matched_text_score": 0.9597999306876119,
  "final_position_score": 0.9578578376174309,
  "final_text_color_score": 0.9313623781889628,
  "final_clip_score": 0.9437762498855591
}