{
  "sum_areas": 0.10272172944520874,
  "final_score": 0.9056719358203766,
  "final_size_score": 0.8246753299019476,
  "final_matched_text_score": 0.9696241487067941,
  "final_position_score": 0.930924764462829,
  "final_text_color_score": 0.8463944010457237,
  "final_clip_score": 0.9567410349845886
}