{
  "sum_areas": 0.00802517361111111,
  "final_score": 0.8632471082547657,
  "final_size_score": 0.5945105462412116,
  "final_matched_text_score": 1.0,
  "final_position_score": 0.915625,
  "final_text_color_score": 0.8840997060692993,
  "final_clip_score": 0.9220002889633179
}