{
  "sum_areas": 0.7484744109819821,
  "final_score": 0.9252502451968312,
  "final_size_score": 0.8847011771863749,
  "final_matched_text_score": 0.9702257165419347,
  "final_position_score": 0.8636250237893358,
  "final_text_color_score": 0.9953044272180368,
  "final_clip_score": 0.9123948812484741
}