{
  "sum_areas": 0.5920704694427127,
  "final_score": 0.90331837802604,
  "final_size_score": 0.9960139440092528,
  "final_matched_text_score": 0.9547872677968483,
  "final_position_score": 0.863969281440496,
  "final_text_color_score": 0.7542018395029263,
  "final_clip_score": 0.9476195573806763
}