{
  "sum_areas": 0.3004305875728862,
  "final_score": 0.7116680006544157,
  "final_size_score": 0.13564686377689747,
  "final_matched_text_score": 0.9491973859114533,
  "final_position_score": 0.7175718476112265,
  "final_text_color_score": 0.8618904739656652,
  "final_clip_score": 0.8940334320068359
}