{
  "sum_areas": 0.08019052918491716,
  "final_score": 0.8902673331769766,
  "final_size_score": 0.9999098520077737,
  "final_matched_text_score": 0.9920895304753573,
  "final_position_score": 0.7380313648897059,
  "final_text_color_score": 0.8241176126572488,
  "final_clip_score": 0.8971883058547974
}