{
  "sum_areas": 0.14426586600550195,
  "final_score": 0.8932563345690756,
  "final_size_score": 0.9913738805487475,
  "final_matched_text_score": 0.9883785774857401,
  "final_position_score": 0.8076976102941176,
  "final_text_color_score": 0.8426326785447874,
  "final_clip_score": 0.8361989259719849
}