{
  "sum_areas": 0.14170475661711385,
  "final_score": 0.9052741464443965,
  "final_size_score": 0.9836399056102013,
  "final_matched_text_score": 0.9300913714504098,
  "final_position_score": 0.8799945219336678,
  "final_text_color_score": 0.7876283106843682,
  "final_clip_score": 0.945016622543335
}