{
  "sum_areas": 0.17140753116950544,
  "final_score": 0.9514500368490186,
  "final_size_score": 1.0,
  "final_matched_text_score": 1.0,
  "final_position_score": 0.9516514137098279,
  "final_text_color_score": 0.8573583115699632,
  "final_clip_score": 0.9482404589653015
}