{
  "sum_areas": 0.16263454861111112,
  "final_score": 0.8997611053868925,
  "final_size_score": 0.971544661204665,
  "final_matched_text_score": 0.9908280676509844,
  "final_position_score": 0.7936804177689595,
  "final_text_color_score": 0.891254134116921,
  "final_clip_score": 0.8514982461929321
}