{
  "sum_areas": 0.46544082608343856,
  "final_score": 0.8885971050480986,
  "final_size_score": 0.9971758058057818,
  "final_matched_text_score": 0.8903487924850684,
  "final_position_score": 0.9143725575977294,
  "final_text_color_score": 0.7087112693610689,
  "final_clip_score": 0.9323770999908447
}