{
  "sum_areas": 0.2874249704041673,
  "final_score": 0.9425912302851286,
  "final_size_score": 0.9866713321146383,
  "final_matched_text_score": 0.942090994605226,
  "final_position_score": 0.9160653943041668,
  "final_text_color_score": 0.955692362343598,
  "final_clip_score": 0.9124360680580139
}