{
  "sum_areas": 0.19719470375926534,
  "final_score": 0.9284801632066233,
  "final_size_score": 0.9889202269230608,
  "final_matched_text_score": 0.9948453608247423,
  "final_position_score": 0.9640848400197555,
  "final_text_color_score": 0.7517120770701837,
  "final_clip_score": 0.9428383111953735
}