{
  "sum_areas": 0.2522289311769298,
  "final_score": 0.755720006936811,
  "final_size_score": 0.36975466861425127,
  "final_matched_text_score": 0.9925016749590869,
  "final_position_score": 0.8206869938562223,
  "final_text_color_score": 0.8246393246463094,
  "final_clip_score": 0.7710173726081848
}