{
  "sum_areas": 0.6537954186798629,
  "final_score": 0.6043929220980455,
  "final_size_score": 0.49695368527272643,
  "final_matched_text_score": 0.5857883383238353,
  "final_position_score": 0.5037927461438995,
  "final_text_color_score": 0.5632435376110333,
  "final_clip_score": 0.8721863031387329
}