{
  "sum_areas": 0.20594240883241866,
  "final_score": 0.5399607597931029,
  "final_size_score": 0.09532882036379209,
  "final_matched_text_score": 0.7650873138161274,
  "final_position_score": 0.5243195519416608,
  "final_text_color_score": 0.5005204548773202,
  "final_clip_score": 0.8145476579666138
}