{
  "sum_areas": 0.08820047342542198,
  "final_score": 0.4690043499826172,
  "final_size_score": 0.0301522393613311,
  "final_matched_text_score": 0.5909090909090909,
  "final_position_score": 0.680859375,
  "final_text_color_score": 0.1981769523498782,
  "final_clip_score": 0.8449240922927856
}