{
  "sum_areas": 0.006298828124999999,
  "final_score": 0.6881527432291746,
  "final_size_score": 0.27803617571059436,
  "final_matched_text_score": 1.0,
  "final_position_score": 0.5263888888888889,
  "final_text_color_score": 0.81135690248862,
  "final_clip_score": 0.8249817490577698
}