{
  "sum_areas": 0.1317947048611111,
  "final_score": 0.6248137658638169,
  "final_size_score": 0.06340254565213811,
  "final_matched_text_score": 0.8333333333333334,
  "final_position_score": 0.66015625,
  "final_text_color_score": 0.7240718610086612,
  "final_clip_score": 0.8431048393249512
}