{
  "sum_areas": 0.06429776906798695,
  "final_score": 0.42817369929882915,
  "final_size_score": 0.02993550657552998,
  "final_matched_text_score": 0.5185185185185185,
  "final_position_score": 0.6097656249999999,
  "final_text_color_score": 0.32555228163035244,
  "final_clip_score": 0.6570965647697449
}