{
  "sum_areas": 0.21054076653291032,
  "final_score": 0.5846220920144422,
  "final_size_score": 0.12861299207942284,
  "final_matched_text_score": 0.7951680672268908,
  "final_position_score": 0.7526146554739751,
  "final_text_color_score": 0.5180597050277924,
  "final_clip_score": 0.7286550402641296
}