{
  "sum_areas": 0.10478264029314381,
  "final_score": 0.4689014242915862,
  "final_size_score": 0.029010219278089354,
  "final_matched_text_score": 0.7380952380952381,
  "final_position_score": 0.16754266352630057,
  "final_text_color_score": 0.6428100455946187,
  "final_clip_score": 0.7670489549636841
}