{
  "sum_areas": 0.36513030010391256,
  "final_score": 0.6938988605817522,
  "final_size_score": 0.04074451136139674,
  "final_matched_text_score": 0.8627450980392157,
  "final_position_score": 0.68359375,
  "final_text_color_score": 1.0,
  "final_clip_score": 0.8824109435081482
}