{
  "sum_areas": 0.1252534399703557,
  "final_score": 0.4807462884664695,
  "final_size_score": 0.029706173308593643,
  "final_matched_text_score": 0.8039215686274511,
  "final_position_score": 0.3356793135155908,
  "final_text_color_score": 0.5259451016405384,
  "final_clip_score": 0.7084792852401733
}