{
  "sum_areas": 0.0809763920748593,
  "final_score": 0.5659415356270521,
  "final_size_score": 0.2102109502001595,
  "final_matched_text_score": 0.5557271557271557,
  "final_position_score": 0.49455286483245403,
  "final_text_color_score": 0.6715929895906096,
  "final_clip_score": 0.8976237177848816
}