{
  "sum_areas": 0.19143906646573594,
  "final_score": 0.6292415124408381,
  "final_size_score": 0.08302186872550085,
  "final_matched_text_score": 0.7199186121225103,
  "final_position_score": 0.657604519176537,
  "final_text_color_score": 0.891062611866074,
  "final_clip_score": 0.7945999503135681
}