{
  "sum_areas": 0.18327093161012972,
  "final_score": 0.630249627887626,
  "final_size_score": 0.15294594487229138,
  "final_matched_text_score": 0.8559322033898304,
  "final_position_score": 0.5937214669401887,
  "final_text_color_score": 0.7922525882235507,
  "final_clip_score": 0.7563959360122681
}