{
  "sum_areas": 0.05839162355737456,
  "final_score": 0.524669226817989,
  "final_size_score": 0.02615506492068288,
  "final_matched_text_score": 0.8333333333333333,
  "final_position_score": 0.13672410225163967,
  "final_text_color_score": 0.728285338372497,
  "final_clip_score": 0.898848295211792
}