{
  "sum_areas": 0.2758680667176216,
  "final_score": 0.5842403987696309,
  "final_size_score": 0.01968664825046225,
  "final_matched_text_score": 0.6666666666666666,
  "final_position_score": 0.57734375,
  "final_text_color_score": 0.8002947100246222,
  "final_clip_score": 0.8572102189064026
}