{
  "sum_areas": 0.04416278484579197,
  "final_score": 0.5841685566184431,
  "final_size_score": 0.07004995080030783,
  "final_matched_text_score": 0.8300653594771242,
  "final_position_score": 0.4936774356385663,
  "final_text_color_score": 0.6548529455967798,
  "final_clip_score": 0.8721970915794373
}