{
  "sum_areas": 0.024241536458333338,
  "final_score": 0.6286686245557973,
  "final_size_score": 0.8752965399937335,
  "final_matched_text_score": 0.7678571428571428,
  "final_position_score": 0.6208984375,
  "final_text_color_score": 0.007299904501016474,
  "final_clip_score": 0.8719910979270935
}