{
  "sum_areas": 0.16751478527921007,
  "final_score": 0.6132756369066623,
  "final_size_score": 0.26206085703409016,
  "final_matched_text_score": 0.7840783295797229,
  "final_position_score": 0.6417884340031231,
  "final_text_color_score": 0.5046255502788322,
  "final_clip_score": 0.8738250136375427
}