{
  "sum_areas": 0.18037786434489503,
  "final_score": 0.5756379158987388,
  "final_size_score": 0.17297595675577304,
  "final_matched_text_score": 0.7421721587832278,
  "final_position_score": 0.42004310956104424,
  "final_text_color_score": 0.6263962792937037,
  "final_clip_score": 0.9166020750999451
}