{
  "sum_areas": 0.15785476331767398,
  "final_score": 0.745478901648865,
  "final_size_score": 0.19701225991966614,
  "final_matched_text_score": 0.9742574257425742,
  "final_position_score": 0.8386130580332747,
  "final_text_color_score": 0.8295036468730285,
  "final_clip_score": 0.8880081176757812
}