{
  "sum_areas": 0.36818906467338613,
  "final_score": 0.872919062452613,
  "final_size_score": 0.9675736756793377,
  "final_matched_text_score": 0.9195173191299945,
  "final_position_score": 0.850295891712793,
  "final_text_color_score": 0.7255362412736241,
  "final_clip_score": 0.9016721844673157
}