{
  "sum_areas": 0.1721472918052388,
  "final_score": 0.9138898497952774,
  "final_size_score": 0.9945665016287056,
  "final_matched_text_score": 0.9951635191156148,
  "final_position_score": 0.7236673356199261,
  "final_text_color_score": 0.93867102322356,
  "final_clip_score": 0.9173808693885803
}