{
  "sum_areas": 0.2055653211805556,
  "final_score": 0.9137057803677058,
  "final_size_score": 0.9826813548765102,
  "final_matched_text_score": 0.9823797999561024,
  "final_position_score": 0.7033664279513889,
  "final_text_color_score": 0.9883760959901049,
  "final_clip_score": 0.9117252230644226
}