{
  "sum_areas": 0.237796300476955,
  "final_score": 0.8928980138607279,
  "final_size_score": 0.9527891938101546,
  "final_matched_text_score": 0.9845121095121094,
  "final_position_score": 0.8430669024418481,
  "final_text_color_score": 0.7636069223240118,
  "final_clip_score": 0.9205149412155151
}