{
  "sum_areas": 0.09900021908315121,
  "final_score": 0.8806340572891096,
  "final_size_score": 0.803523974722292,
  "final_matched_text_score": 0.9993006993006993,
  "final_position_score": 0.8988828240690576,
  "final_text_color_score": 0.7397069165807327,
  "final_clip_score": 0.9617558717727661
}