{
  "sum_areas": 0.5450306948538881,
  "final_score": 0.9217096262994553,
  "final_size_score": 0.9994292800189583,
  "final_matched_text_score": 1.0,
  "final_position_score": 0.8442555581583382,
  "final_text_color_score": 0.8553581644595057,
  "final_clip_score": 0.9095051288604736
}