{
  "sum_areas": 0.019912109375,
  "final_score": 0.937442254247447,
  "final_size_score": 1.0,
  "final_matched_text_score": 1.0,
  "final_position_score": 0.8121527777777777,
  "final_text_color_score": 0.9960362528207245,
  "final_clip_score": 0.8790222406387329
}