{
  "sum_areas": 0.07928059895833334,
  "final_score": 0.9305450791720768,
  "final_size_score": 1.0,
  "final_matched_text_score": 0.9249304971830458,
  "final_position_score": 0.8956349206349207,
  "final_text_color_score": 0.9437057792051372,
  "final_clip_score": 0.8884541988372803
}