{
  "sum_areas": 0.20396138953798335,
  "final_score": 0.9164617009476377,
  "final_size_score": 0.8719824431839635,
  "final_matched_text_score": 0.9555945785083593,
  "final_position_score": 0.9028362195915642,
  "final_text_color_score": 0.9009584691732959,
  "final_clip_score": 0.9509367942810059
}