{
  "sum_areas": 0.3529310419124662,
  "final_score": 0.7388242153963681,
  "final_size_score": 0.3256403117272345,
  "final_matched_text_score": 0.9493858935979456,
  "final_position_score": 0.8056620242130017,
  "final_text_color_score": 0.8193836440478153,
  "final_clip_score": 0.7940492033958435
}