{
  "sum_areas": 0.02917727371425602,
  "final_score": 0.8894455031776322,
  "final_size_score": 0.9326013357854721,
  "final_matched_text_score": 1.0,
  "final_position_score": 0.811339233131415,
  "final_text_color_score": 0.752477885444021,
  "final_clip_score": 0.9508090615272522
}