{
  "sum_areas": 0.19898419344723625,
  "final_score": 0.8023208730029214,
  "final_size_score": 0.5435671861933993,
  "final_matched_text_score": 0.9842665924369497,
  "final_position_score": 0.7617979878824156,
  "final_text_color_score": 0.7827171225039177,
  "final_clip_score": 0.9392554759979248
}