{
  "sum_areas": 0.2903472222222221,
  "final_score": 0.8949690549857601,
  "final_size_score": 0.9982398050705575,
  "final_matched_text_score": 0.9440181939177656,
  "final_position_score": 0.8662743055555556,
  "final_text_color_score": 0.8106691019385708,
  "final_clip_score": 0.8556438684463501
}