{
  "sum_areas": 0.3564666806547489,
  "final_score": 0.8452576213460543,
  "final_size_score": 0.6027023600426287,
  "final_matched_text_score": 0.9791257566043368,
  "final_position_score": 0.8555059866872988,
  "final_text_color_score": 0.8745974140786856,
  "final_clip_score": 0.9143565893173218
}