{
  "sum_areas": 0.18237625644651967,
  "final_score": 0.9125972883351487,
  "final_size_score": 0.9962943127550191,
  "final_matched_text_score": 0.9935653073421211,
  "final_position_score": 0.9070292833807457,
  "final_text_color_score": 0.7452179357656064,
  "final_clip_score": 0.920879602432251
}