{
  "sum_areas": 0.4328800242146309,
  "final_score": 0.9407042837595679,
  "final_size_score": 0.9084926889998249,
  "final_matched_text_score": 0.9676814430060791,
  "final_position_score": 0.9504327224814022,
  "final_text_color_score": 0.9352129136910259,
  "final_clip_score": 0.9417016506195068
}