{
  "sum_areas": 0.09567196929988736,
  "final_score": 0.750655326250553,
  "final_size_score": 0.3361678101457344,
  "final_matched_text_score": 0.8925925925925926,
  "final_position_score": 0.7472086766930065,
  "final_text_color_score": 0.8975443062388506,
  "final_clip_score": 0.8797632455825806
}