{
  "sum_areas": 0.5260298085875801,
  "final_score": 0.7350767430321727,
  "final_size_score": 0.026254335516222575,
  "final_matched_text_score": 1.0,
  "final_position_score": 0.8848949825031398,
  "final_text_color_score": 0.8905449840708223,
  "final_clip_score": 0.8736894130706787
}