{
  "sum_areas": 0.3592070084690953,
  "final_score": 0.9194732101554364,
  "final_size_score": 0.9993762771367104,
  "final_matched_text_score": 0.9906997475068149,
  "final_position_score": 0.8770073137990154,
  "final_text_color_score": 0.8407974127473912,
  "final_clip_score": 0.8894852995872498
}