{
  "sum_areas": 0.2687069455417821,
  "final_score": 0.8016634490513415,
  "final_size_score": 0.5714655023680354,
  "final_matched_text_score": 0.9856074256074255,
  "final_position_score": 0.7707434553936381,
  "final_text_color_score": 0.760337826494847,
  "final_clip_score": 0.9201630353927612
}