{
  "sum_areas": 0.52158470807076,
  "final_score": 0.947586629316654,
  "final_size_score": 0.9974225559978666,
  "final_matched_text_score": 0.9676789192730697,
  "final_position_score": 0.9258377135831687,
  "final_text_color_score": 0.9478761303136989,
  "final_clip_score": 0.8991178274154663
}