{
  "sum_areas": 0.22533397883402495,
  "final_score": 0.8421491839588214,
  "final_size_score": 0.5967902783683683,
  "final_matched_text_score": 0.9866424144299971,
  "final_position_score": 0.8564627041003248,
  "final_text_color_score": 0.8442851737933967,
  "final_clip_score": 0.9265653491020203
}