{
  "sum_areas": 0.20171176280299621,
  "final_score": 0.9497086325431202,
  "final_size_score": 0.9727643206220933,
  "final_matched_text_score": 0.9854651894750094,
  "final_position_score": 0.9525219144340932,
  "final_text_color_score": 0.8995195004066946,
  "final_clip_score": 0.93827223777771
}