{
  "sum_areas": 0.073642578125,
  "final_score": 0.9475123928347338,
  "final_size_score": 1.0,
  "final_matched_text_score": 0.9253968541145695,
  "final_position_score": 0.9430617559523808,
  "final_text_color_score": 0.9437057792051372,
  "final_clip_score": 0.9253975749015808
}