{
  "sum_areas": 0.3171642776002917,
  "final_score": 0.8838539544027242,
  "final_size_score": 0.9426966904833732,
  "final_matched_text_score": 0.9537237136399641,
  "final_position_score": 0.8084335417240746,
  "final_text_color_score": 0.783395208681163,
  "final_clip_score": 0.9310206174850464
}