{
  "sum_areas": 0.20197360134079523,
  "final_score": 0.9030163745991397,
  "final_size_score": 0.9702874654467593,
  "final_matched_text_score": 0.9825918344817808,
  "final_position_score": 0.9031127735276263,
  "final_text_color_score": 0.7950811344546934,
  "final_clip_score": 0.8640086650848389
}