{
  "sum_areas": 0.24632703993055555,
  "final_score": 0.8812989102664798,
  "final_size_score": 0.8868268616611237,
  "final_matched_text_score": 0.9430939142199118,
  "final_position_score": 0.8505693759137426,
  "final_text_color_score": 0.8571602480407341,
  "final_clip_score": 0.8688441514968872
}