{
  "sum_areas": 0.23722656250000004,
  "final_score": 0.9159307755074798,
  "final_size_score": 0.9559159851437143,
  "final_matched_text_score": 0.9621204428018941,
  "final_position_score": 0.7720128676470588,
  "final_text_color_score": 0.981183959595946,
  "final_clip_score": 0.9084206223487854
}