{
  "sum_areas": 0.21515202955892487,
  "final_score": 0.8746155025258908,
  "final_size_score": 0.984890214489031,
  "final_matched_text_score": 0.9669668231312067,
  "final_position_score": 0.7305134623521404,
  "final_text_color_score": 0.76637230778113,
  "final_clip_score": 0.924334704875946
}