{
  "sum_areas": 0.2991397232320312,
  "final_score": 0.9217450053244929,
  "final_size_score": 1.0,
  "final_matched_text_score": 0.9938855048084718,
  "final_position_score": 0.8864040795113974,
  "final_text_color_score": 0.804234192226301,
  "final_clip_score": 0.924201250076294
}