{
  "sum_areas": 0.4739655027156131,
  "final_score": 0.7462590093841751,
  "final_size_score": 0.3622466938613034,
  "final_matched_text_score": 0.951893036327574,
  "final_position_score": 0.7744469903317628,
  "final_text_color_score": 0.8003214846262482,
  "final_clip_score": 0.8423868417739868
}