{
  "sum_areas": 0.3742965498388274,
  "final_score": 0.9407500196813665,
  "final_size_score": 0.8629614432313463,
  "final_matched_text_score": 0.9863787449101217,
  "final_position_score": 0.9362368877787617,
  "final_text_color_score": 0.9782878830212702,
  "final_clip_score": 0.939885139465332
}