{
  "sum_areas": 0.19130851671706978,
  "final_score": 0.9360006803673464,
  "final_size_score": 0.9972532530019018,
  "final_matched_text_score": 0.9841969310997991,
  "final_position_score": 0.9240457875180456,
  "final_text_color_score": 0.8569009572479306,
  "final_clip_score": 0.9176064729690552
}