{
  "sum_areas": 0.17112336363440306,
  "final_score": 0.9161738804700367,
  "final_size_score": 0.9999999999999999,
  "final_matched_text_score": 0.9912548836375021,
  "final_position_score": 0.8114198579240472,
  "final_text_color_score": 0.9155808636008295,
  "final_clip_score": 0.8626137971878052
}