{
  "sum_areas": 0.11524262359704013,
  "final_score": 0.8840020587305362,
  "final_size_score": 0.8257921511985129,
  "final_matched_text_score": 0.9993006993006993,
  "final_position_score": 0.8573374561504497,
  "final_text_color_score": 0.8119506692425513,
  "final_clip_score": 0.9256293177604675
}