{
  "sum_areas": 0.10458407116210983,
  "final_score": 0.8400141227472698,
  "final_size_score": 0.6457562351794467,
  "final_matched_text_score": 0.8884138837338211,
  "final_position_score": 0.833407203169375,
  "final_text_color_score": 0.9028240306750075,
  "final_clip_score": 0.9296692609786987
}