{
  "sum_areas": 0.09538180729625018,
  "final_score": 0.8560323879208886,
  "final_size_score": 0.811692723987002,
  "final_matched_text_score": 0.9297604109082585,
  "final_position_score": 0.8433908900430355,
  "final_text_color_score": 0.7632909323587129,
  "final_clip_score": 0.9320269823074341
}