{
  "sum_areas": 0.07745878838296318,
  "final_score": 0.9307886758013478,
  "final_size_score": 0.9568643435132597,
  "final_matched_text_score": 0.9845255750673648,
  "final_position_score": 0.9263435770817061,
  "final_text_color_score": 0.8563759943368393,
  "final_clip_score": 0.9298338890075684
}