{
  "sum_areas": 0.17643449815523413,
  "final_score": 0.8233256406880405,
  "final_size_score": 0.7624349257592978,
  "final_matched_text_score": 0.9863804279912528,
  "final_position_score": 0.9049217025485813,
  "final_text_color_score": 0.6299524164243646,
  "final_clip_score": 0.8329387307167053
}