{
  "sum_areas": 0.18016683273591352,
  "final_score": 0.710341833889798,
  "final_size_score": 0.5627591063980171,
  "final_matched_text_score": 0.8838202266545366,
  "final_position_score": 0.6368730068733716,
  "final_text_color_score": 0.6344130022754444,
  "final_clip_score": 0.8338438272476196
}