{
  "sum_areas": 0.08168569379610163,
  "final_score": 0.8443128993456886,
  "final_size_score": 0.9789014554687843,
  "final_matched_text_score": 0.9409113454922968,
  "final_position_score": 0.8034423930085879,
  "final_text_color_score": 0.5951644663329929,
  "final_clip_score": 0.9031448364257812
}