{
  "sum_areas": 0.1795457664106145,
  "final_score": 0.8953180578732362,
  "final_size_score": 0.8448197719360503,
  "final_matched_text_score": 0.9965277777777778,
  "final_position_score": 0.8974954027001862,
  "final_text_color_score": 0.9096685901565126,
  "final_clip_score": 0.8280787467956543
}