{
  "sum_areas": 0.3544920376411777,
  "final_score": 0.8312691217907253,
  "final_size_score": 0.5650655434049412,
  "final_matched_text_score": 0.9599478874227755,
  "final_position_score": 0.7309690594893391,
  "final_text_color_score": 0.9410900783419233,
  "final_clip_score": 0.9592730402946472
}