{
  "sum_areas": 0.3515783982082621,
  "final_score": 0.8590789106911285,
  "final_size_score": 0.9888107607480247,
  "final_matched_text_score": 0.928183977656576,
  "final_position_score": 0.8005729008932773,
  "final_text_color_score": 0.7115402787588994,
  "final_clip_score": 0.8662866353988647
}