{
  "sum_areas": 0.5058740080487621,
  "final_score": 0.9153450987295516,
  "final_size_score": 0.9724541423237529,
  "final_matched_text_score": 0.9132421998511123,
  "final_position_score": 0.7666083231954326,
  "final_text_color_score": 0.973778719360224,
  "final_clip_score": 0.9506421089172363
}