{
  "sum_areas": 0.19606715312372186,
  "final_score": 0.9010427698295764,
  "final_size_score": 0.8711627944096142,
  "final_matched_text_score": 0.9534692464252214,
  "final_position_score": 0.9157466872294624,
  "final_text_color_score": 0.9480030555013086,
  "final_clip_score": 0.8168320655822754
}