{
  "sum_areas": 0.34464121611537357,
  "final_score": 0.940218769699002,
  "final_size_score": 1.0,
  "final_matched_text_score": 0.9703864482409785,
  "final_position_score": 0.8626523057040734,
  "final_text_color_score": 0.9724335563877267,
  "final_clip_score": 0.8956215381622314
}