{
  "sum_areas": 0.1601840797172248,
  "final_score": 0.8332546035736629,
  "final_size_score": 0.6734011764889314,
  "final_matched_text_score": 0.972675490599366,
  "final_position_score": 0.7843509566739684,
  "final_text_color_score": 0.7976493906690065,
  "final_clip_score": 0.9381960034370422
}