{
  "sum_areas": 0.10384939443037343,
  "final_score": 0.8698562509571577,
  "final_size_score": 0.8126982862656843,
  "final_matched_text_score": 0.9986225895316804,
  "final_position_score": 0.8663918380580238,
  "final_text_color_score": 0.726317314505229,
  "final_clip_score": 0.9452512264251709
}