{
  "sum_areas": 0.10616441186192561,
  "final_score": 0.9078584239447589,
  "final_size_score": 0.9710519704269165,
  "final_matched_text_score": 0.9288317874692751,
  "final_position_score": 0.8895843610234148,
  "final_text_color_score": 0.8136457934067269,
  "final_clip_score": 0.9361782073974609
}