{
  "sum_areas": 0.09620871515751603,
  "final_score": 0.8896804629121772,
  "final_size_score": 0.9791312693854052,
  "final_matched_text_score": 0.9676176407154533,
  "final_position_score": 0.8589978651520426,
  "final_text_color_score": 0.7163628814558122,
  "final_clip_score": 0.9262926578521729
}