{
  "sum_areas": 0.2944906876610614,
  "final_score": 0.8963937885749731,
  "final_size_score": 0.9917218182481373,
  "final_matched_text_score": 0.9896079877514401,
  "final_position_score": 0.8268708728477375,
  "final_text_color_score": 0.8120168268403557,
  "final_clip_score": 0.8617514371871948
}