{
  "sum_areas": 0.3238761248016203,
  "final_score": 0.8293507266651725,
  "final_size_score": 0.5841148297574789,
  "final_matched_text_score": 0.9866868686868688,
  "final_position_score": 0.9002630820065919,
  "final_text_color_score": 0.758735050766158,
  "final_clip_score": 0.9169538021087646
}