{
  "sum_areas": 0.6980797711676285,
  "final_score": 0.8599439752905038,
  "final_size_score": 1.0000000000000002,
  "final_matched_text_score": 0.9388269563655528,
  "final_position_score": 0.8188755395973041,
  "final_text_color_score": 0.5981326501506115,
  "final_clip_score": 0.9438847303390503
}