{
  "sum_areas": 0.3463662746902205,
  "final_score": 0.7865956344675785,
  "final_size_score": 0.3313314384266719,
  "final_matched_text_score": 0.9695054169893785,
  "final_position_score": 0.7354548547472955,
  "final_text_color_score": 0.970744279633653,
  "final_clip_score": 0.9259421825408936
}