{
  "sum_areas": 0.36105379347419597,
  "final_score": 0.897757858315877,
  "final_size_score": 0.9550629330624255,
  "final_matched_text_score": 0.944427315426575,
  "final_position_score": 0.8915473249973862,
  "final_text_color_score": 0.7492934041510424,
  "final_clip_score": 0.9484583139419556
}