{
  "sum_areas": 0.08877645706903801,
  "final_score": 0.9257346421870292,
  "final_size_score": 0.923465822817066,
  "final_matched_text_score": 0.9776685175494699,
  "final_position_score": 0.8816294395631081,
  "final_text_color_score": 0.9113174224148033,
  "final_clip_score": 0.9345920085906982
}