{
  "sum_areas": 0.2912755489449066,
  "final_score": 0.7230675659407875,
  "final_size_score": 0.15512484354712494,
  "final_matched_text_score": 1.0,
  "final_position_score": 0.7515398591648552,
  "final_text_color_score": 0.7953054383361039,
  "final_clip_score": 0.9133676886558533
}