{
  "sum_areas": 0.325949056931432,
  "final_score": 0.8783085979776161,
  "final_size_score": 0.9442410941818737,
  "final_matched_text_score": 0.9399635299344863,
  "final_position_score": 0.8145398195669147,
  "final_text_color_score": 0.7657405051090714,
  "final_clip_score": 0.9270580410957336
}