{
  "sum_areas": 0.21527024050272123,
  "final_score": 0.9069704017657237,
  "final_size_score": 0.9721368787405975,
  "final_matched_text_score": 0.981754987646126,
  "final_position_score": 0.9036229173461797,
  "final_text_color_score": 0.7950811344546934,
  "final_clip_score": 0.8822560906410217
}