{
  "sum_areas": 0.08149087537438351,
  "final_score": 0.846064564555907,
  "final_size_score": 0.9788510156480409,
  "final_matched_text_score": 0.9364187346548585,
  "final_position_score": 0.8068958307034261,
  "final_text_color_score": 0.5951644663329929,
  "final_clip_score": 0.9129927754402161
}