{
  "sum_areas": 0.17112336363440306,
  "final_score": 0.9153220373685926,
  "final_size_score": 0.9999999999999999,
  "final_matched_text_score": 0.9912548836375021,
  "final_position_score": 0.8114198579240472,
  "final_text_color_score": 0.9111812195505178,
  "final_clip_score": 0.862754225730896
}