{
  "sum_areas": 0.3564002968677401,
  "final_score": 0.9343699125209768,
  "final_size_score": 0.9993713652154467,
  "final_matched_text_score": 0.9906997475068149,
  "final_position_score": 0.8771768190609073,
  "final_text_color_score": 0.8702674719243143,
  "final_clip_score": 0.9343341588973999
}