{
  "sum_areas": 0.12274244027930208,
  "final_score": 0.8753926857939792,
  "final_size_score": 0.9868611813443057,
  "final_matched_text_score": 0.9880919565576934,
  "final_position_score": 0.874358591286008,
  "final_text_color_score": 0.6013294780259073,
  "final_clip_score": 0.9263222217559814
}