{
  "sum_areas": 0.33164279891000625,
  "final_score": 0.8622969785371364,
  "final_size_score": 0.9881381569981077,
  "final_matched_text_score": 0.9268615505158779,
  "final_position_score": 0.7768925215594337,
  "final_text_color_score": 0.7115402787588994,
  "final_clip_score": 0.908052384853363
}