{
  "sum_areas": 0.12433662177480341,
  "final_score": 0.8614117334247136,
  "final_size_score": 0.7541498793582027,
  "final_matched_text_score": 0.9986225895316804,
  "final_position_score": 0.8505881735300126,
  "final_text_color_score": 0.8119506692425513,
  "final_clip_score": 0.8917473554611206
}