{
  "sum_areas": 0.07954183123014825,
  "final_score": 0.8448761765346902,
  "final_size_score": 0.9212597203661065,
  "final_matched_text_score": 0.9757137340454876,
  "final_position_score": 0.8561633208993977,
  "final_text_color_score": 0.5518959866730667,
  "final_clip_score": 0.9193481206893921
}