{
  "sum_areas": 0.1587204117994215,
  "final_score": 0.934513973413499,
  "final_size_score": 0.9949842657736988,
  "final_matched_text_score": 0.9899390774085507,
  "final_position_score": 0.8711848971941378,
  "final_text_color_score": 0.8976944724743405,
  "final_clip_score": 0.9187671542167664
}