{
  "sum_areas": 0.3064109225298403,
  "final_score": 0.8356998181619745,
  "final_size_score": 0.6147396598729754,
  "final_matched_text_score": 0.9695439523171472,
  "final_position_score": 0.8746930358344565,
  "final_text_color_score": 0.9042406344089805,
  "final_clip_score": 0.8152818083763123
}