{
  "sum_areas": 0.2009031132248025,
  "final_score": 0.9131330302775504,
  "final_size_score": 0.8739541597118665,
  "final_matched_text_score": 0.9534692464252214,
  "final_position_score": 0.9038041494421826,
  "final_text_color_score": 0.9161350597977395,
  "final_clip_score": 0.9183025360107422
}