{
  "sum_areas": 0.38527903454525464,
  "final_score": 0.8375244929092154,
  "final_size_score": 0.9980002259977624,
  "final_matched_text_score": 0.9845132563081807,
  "final_position_score": 0.5593815590737834,
  "final_text_color_score": 0.8201517734280384,
  "final_clip_score": 0.8255756497383118
}