{
  "sum_areas": 0.5506682103010043,
  "final_score": 0.9305876420770267,
  "final_size_score": 0.996126237340786,
  "final_matched_text_score": 0.9475351185545511,
  "final_position_score": 0.9163852958491849,
  "final_text_color_score": 0.8434636559420942,
  "final_clip_score": 0.9494279026985168
}