{
  "sum_areas": 0.17444011197091644,
  "final_score": 0.8903205019854319,
  "final_size_score": 0.9797864768137401,
  "final_matched_text_score": 0.9704789505702198,
  "final_position_score": 0.7900016457372669,
  "final_text_color_score": 0.8328437967149899,
  "final_clip_score": 0.8784916400909424
}