{
  "sum_areas": 0.1683516374104867,
  "final_score": 0.958406435246658,
  "final_size_score": 1.0,
  "final_matched_text_score": 0.9889826343381388,
  "final_position_score": 0.949445103617594,
  "final_text_color_score": 0.9200073504174499,
  "final_clip_score": 0.9335970878601074
}