{
  "sum_areas": 0.32822318493211444,
  "final_score": 0.9135622081548743,
  "final_size_score": 0.9999999999999998,
  "final_matched_text_score": 0.9992647058823529,
  "final_position_score": 0.8428083134362645,
  "final_text_color_score": 0.8823731270656483,
  "final_clip_score": 0.8433648943901062
}