{
  "sum_areas": 0.21083118487017735,
  "final_score": 0.9079147257541706,
  "final_size_score": 0.9946668600230381,
  "final_matched_text_score": 0.9584391570843948,
  "final_position_score": 0.8805510721812397,
  "final_text_color_score": 0.8038062012711211,
  "final_clip_score": 0.9021103382110596
}