{
  "sum_areas": 0.12349941756074312,
  "final_score": 0.6024370232008635,
  "final_size_score": 0.15831757617963255,
  "final_matched_text_score": 1.0,
  "final_position_score": 0.44254178779069775,
  "final_text_color_score": 0.5922234647415063,
  "final_clip_score": 0.8191022872924805
}