{
  "sum_areas": 0.14429027397210625,
  "final_score": 0.8690885752805834,
  "final_size_score": 0.9913753397325834,
  "final_matched_text_score": 0.9875006143601913,
  "final_position_score": 0.6645268612185654,
  "final_text_color_score": 0.8469613638869872,
  "final_clip_score": 0.8550786972045898
}