{
  "sum_areas": 0.09431935234196369,
  "final_score": 0.8932223192104755,
  "final_size_score": 0.8545633543202704,
  "final_matched_text_score": 0.9666706167881407,
  "final_position_score": 0.8769292124629295,
  "final_text_color_score": 0.8316104646355772,
  "final_clip_score": 0.936337947845459
}