{
  "sum_areas": 0.4059857793795972,
  "final_score": 0.7830894273105987,
  "final_size_score": 0.37302229297721773,
  "final_matched_text_score": 0.9597801850617417,
  "final_position_score": 0.8208355873700598,
  "final_text_color_score": 0.8680572710837018,
  "final_clip_score": 0.8937518000602722
}