{
  "sum_areas": 0.2765155831930548,
  "final_score": 0.8795972214410324,
  "final_size_score": 0.9639081409822838,
  "final_matched_text_score": 0.9701876247027971,
  "final_position_score": 0.7819580078125,
  "final_text_color_score": 0.800691071748505,
  "final_clip_score": 0.8812412619590759
}