{
  "sum_areas": 0.06376953125000001,
  "final_score": 0.9792879467741873,
  "final_size_score": 0.9999999999999998,
  "final_matched_text_score": 0.9915966386554622,
  "final_position_score": 0.9834325396825397,
  "final_text_color_score": 0.9587736079010983,
  "final_clip_score": 0.9626369476318359
}