{
  "sum_areas": 0.00497829861111111,
  "final_score": 0.9467894208709293,
  "final_size_score": 0.9675239755884919,
  "final_matched_text_score": 1.0,
  "final_position_score": 0.9725694444444445,
  "final_text_color_score": 0.8840997060692993,
  "final_clip_score": 0.9097539782524109
}