{
  "sum_areas": 0.4960551524750443,
  "final_score": 0.9338278265976672,
  "final_size_score": 0.9983675477410162,
  "final_matched_text_score": 0.9710559779595909,
  "final_position_score": 0.8794548112098444,
  "final_text_color_score": 0.9073956341821319,
  "final_clip_score": 0.912865161895752
}