{
  "sum_areas": 0.4261570769159681,
  "final_score": 0.8529929566270248,
  "final_size_score": 0.8358082704261323,
  "final_matched_text_score": 0.876357440071665,
  "final_position_score": 0.9051168183285203,
  "final_text_color_score": 0.725829784864532,
  "final_clip_score": 0.9218524694442749
}