{
  "sum_areas": 0.10529831541678024,
  "final_score": 0.7424555512810683,
  "final_size_score": 0.2797067326088943,
  "final_matched_text_score": 0.9121233034276514,
  "final_position_score": 0.7415541842893646,
  "final_text_color_score": 0.8886268792038208,
  "final_clip_score": 0.8902666568756104
}