{
  "sum_areas": 0.0861616215914883,
  "final_score": 0.9530105794935649,
  "final_size_score": 0.9999999999999999,
  "final_matched_text_score": 0.9914489537478142,
  "final_position_score": 0.9348809091488277,
  "final_text_color_score": 0.8843221375451202,
  "final_clip_score": 0.954400897026062
}