{
  "sum_areas": 0.3409850974772055,
  "final_score": 0.8970449091721501,
  "final_size_score": 0.9982477034295691,
  "final_matched_text_score": 0.9616607223512267,
  "final_position_score": 0.8456423047961075,
  "final_text_color_score": 0.7619907503462555,
  "final_clip_score": 0.9176830649375916
}