{
  "sum_areas": 0.12224544581222684,
  "final_score": 0.9032553051899868,
  "final_size_score": 0.8408843011055193,
  "final_matched_text_score": 0.999647639182523,
  "final_position_score": 0.8953907228196747,
  "final_text_color_score": 0.8428182192646418,
  "final_clip_score": 0.9375356435775757
}