{
  "sum_areas": 0.19553083701204954,
  "final_score": 0.823492442573588,
  "final_size_score": 0.7326077594861471,
  "final_matched_text_score": 0.9838930659983292,
  "final_position_score": 0.6846694485839279,
  "final_text_color_score": 0.8063413248240114,
  "final_clip_score": 0.9099506139755249
}