{
  "sum_areas": 0.639429448735726,
  "final_score": 0.9099512987796303,
  "final_size_score": 1.0,
  "final_matched_text_score": 0.9624388502923639,
  "final_position_score": 0.8639118617945423,
  "final_text_color_score": 0.7958980236706807,
  "final_clip_score": 0.927507758140564
}