{
  "sum_areas": 0.42028649557922143,
  "final_score": 0.8422477844793065,
  "final_size_score": 0.5636807915435822,
  "final_matched_text_score": 0.8755775909172103,
  "final_position_score": 0.8475434657595307,
  "final_text_color_score": 0.9532680792726449,
  "final_clip_score": 0.9711689949035645
}