{
  "sum_areas": 0.0879354230167592,
  "final_score": 0.8824666478852685,
  "final_size_score": 0.9864883683855115,
  "final_matched_text_score": 0.9854803271571003,
  "final_position_score": 0.746006129311842,
  "final_text_color_score": 0.8358656229192082,
  "final_clip_score": 0.8584927916526794
}