{
  "sum_areas": 0.4696868349647,
  "final_score": 0.9020694495358506,
  "final_size_score": 0.9984535605971139,
  "final_matched_text_score": 1.0,
  "final_position_score": 0.7888736433804786,
  "final_text_color_score": 0.9059449103779903,
  "final_clip_score": 0.8170751333236694
}