{
  "sum_areas": 0.14391574148574482,
  "final_score": 0.9169454191440141,
  "final_size_score": 0.9838912465738222,
  "final_matched_text_score": 0.9505129179331306,
  "final_position_score": 0.8657225618804436,
  "final_text_color_score": 0.829716197846773,
  "final_clip_score": 0.9548841714859009
}