{
  "sum_areas": 0.19756293735474473,
  "final_score": 0.882198484616441,
  "final_size_score": 0.9840727380046185,
  "final_matched_text_score": 0.9998806112702961,
  "final_position_score": 0.6987722289895272,
  "final_text_color_score": 0.844478974410659,
  "final_clip_score": 0.8837878704071045
}