{
  "sum_areas": 0.29339370399689835,
  "final_score": 0.7944245733049945,
  "final_size_score": 0.38623459929092696,
  "final_matched_text_score": 0.9735469448584202,
  "final_position_score": 0.9048351502581761,
  "final_text_color_score": 0.9005191845266594,
  "final_clip_score": 0.8069869875907898
}