{
  "sum_areas": 0.0716483599576205,
  "final_score": 0.9384772740338967,
  "final_size_score": 0.9998991042473846,
  "final_matched_text_score": 0.9920895304753573,
  "final_position_score": 0.8490707655821845,
  "final_text_color_score": 0.921937850716303,
  "final_clip_score": 0.9293891191482544
}