{
  "sum_areas": 0.20193691154766502,
  "final_score": 0.8977739832440579,
  "final_size_score": 0.9261628223980097,
  "final_matched_text_score": 0.9771208959186912,
  "final_position_score": 0.8992887943533716,
  "final_text_color_score": 0.8003362285853123,
  "final_clip_score": 0.8859611749649048
}