{
  "sum_areas": 0.6002223633221616,
  "final_score": 0.9261155394012559,
  "final_size_score": 0.9999593926566079,
  "final_matched_text_score": 0.9827312138728324,
  "final_position_score": 0.8758062071783872,
  "final_text_color_score": 0.8656037299972121,
  "final_clip_score": 0.906477153301239
}