{
  "sum_areas": 0.08064019097222222,
  "final_score": 0.9237863439217538,
  "final_size_score": 1.0,
  "final_matched_text_score": 0.8999292375775453,
  "final_position_score": 0.8833767361111111,
  "final_text_color_score": 0.8926135679759287,
  "final_clip_score": 0.9430121779441833
}