{
  "sum_areas": 0.24061993366636894,
  "final_score": 0.9228721062344655,
  "final_size_score": 0.988286908274974,
  "final_matched_text_score": 0.9756003943031928,
  "final_position_score": 0.9390830510783477,
  "final_text_color_score": 0.8109320800579266,
  "final_clip_score": 0.9004580974578857
}