{
  "sum_areas": 0.7377076362279844,
  "final_score": 0.93856153865013,
  "final_size_score": 0.9989088541761608,
  "final_matched_text_score": 0.9960424340944228,
  "final_position_score": 0.8205701192027244,
  "final_text_color_score": 0.9453264182999245,
  "final_clip_score": 0.931959867477417
}