{
  "sum_areas": 0.39006382224703806,
  "final_score": 0.8646117598948697,
  "final_size_score": 0.9966046789631287,
  "final_matched_text_score": 0.9472909311293249,
  "final_position_score": 0.9007873919428844,
  "final_text_color_score": 0.5497964669946744,
  "final_clip_score": 0.9285793304443359
}