{
  "sum_areas": 0.3323037714849121,
  "final_score": 0.8982983083259445,
  "final_size_score": 0.9958219975727286,
  "final_matched_text_score": 0.9842574558207701,
  "final_position_score": 0.783844830585185,
  "final_text_color_score": 0.8421394250475838,
  "final_clip_score": 0.8854278326034546
}