{
  "sum_areas": 0.3645414214960234,
  "final_score": 0.8820399353963536,
  "final_size_score": 0.986204355494583,
  "final_matched_text_score": 0.9401823433095425,
  "final_position_score": 0.8965421032670681,
  "final_text_color_score": 0.6911741685201934,
  "final_clip_score": 0.8960967063903809
}