{
  "sum_areas": 0.1031003353924814,
  "final_score": 0.7595114474646667,
  "final_size_score": 0.3002545056876582,
  "final_matched_text_score": 0.8568027210884354,
  "final_position_score": 0.7681288236169073,
  "final_text_color_score": 0.9719233414713481,
  "final_clip_score": 0.9004478454589844
}