{
  "sum_areas": 0.08038264236323173,
  "final_score": 0.9006609609509415,
  "final_size_score": 0.9637402731981436,
  "final_matched_text_score": 0.9863018105094736,
  "final_position_score": 0.81514182300089,
  "final_text_color_score": 0.8131586158654143,
  "final_clip_score": 0.9249622821807861
}