{
  "sum_areas": 0.2824229105605724,
  "final_score": 0.8863660339254906,
  "final_size_score": 0.9006844329710928,
  "final_matched_text_score": 0.9452618058498853,
  "final_position_score": 0.933970960771846,
  "final_text_color_score": 0.7921116776151951,
  "final_clip_score": 0.8598012924194336
}