{
  "sum_areas": 0.1573004531437047,
  "final_score": 0.8789175559099344,
  "final_size_score": 0.9591509372211477,
  "final_matched_text_score": 0.964092332728983,
  "final_position_score": 0.8300267952761139,
  "final_text_color_score": 0.7461339722770706,
  "final_clip_score": 0.8951837420463562
}