{
  "sum_areas": 0.2127188123946662,
  "final_score": 0.7119661164234595,
  "final_size_score": 0.3159538052851809,
  "final_matched_text_score": 0.9310764790764791,
  "final_position_score": 0.7187988236200614,
  "final_text_color_score": 0.6879290959770062,
  "final_clip_score": 0.9060723781585693
}