{
  "sum_areas": 0.551303403441618,
  "final_score": 0.8312963233050739,
  "final_size_score": 0.5729836018448821,
  "final_matched_text_score": 0.903942427524433,
  "final_position_score": 0.90850783808772,
  "final_text_color_score": 0.8233129163046616,
  "final_clip_score": 0.9477348327636719
}