{
  "sum_areas": 0.4557900068359773,
  "final_score": 0.9219404292286504,
  "final_size_score": 0.9058359384863883,
  "final_matched_text_score": 0.9714695754844551,
  "final_position_score": 0.9615698328488994,
  "final_text_color_score": 0.8599477834009622,
  "final_clip_score": 0.9108790159225464
}