{
  "sum_areas": 0.4027968683904398,
  "final_score": 0.8396131824751605,
  "final_size_score": 0.5662551330259514,
  "final_matched_text_score": 0.994734227303666,
  "final_position_score": 0.8704910831675584,
  "final_text_color_score": 0.8143793340824836,
  "final_clip_score": 0.9522061347961426
}