{
  "sum_areas": 0.10843463450842973,
  "final_score": 0.8613656055862656,
  "final_size_score": 0.8151435914906349,
  "final_matched_text_score": 0.9986225895316804,
  "final_position_score": 0.8605130324909886,
  "final_text_color_score": 0.6873055750152526,
  "final_clip_score": 0.945243239402771
}