{
  "sum_areas": 0.34314228372897954,
  "final_score": 0.8629804610888141,
  "final_size_score": 0.9999999999999999,
  "final_matched_text_score": 0.8782786276782251,
  "final_position_score": 0.6892435122820919,
  "final_text_color_score": 0.8453476709387701,
  "final_clip_score": 0.9020324945449829
}