{
  "sum_areas": 0.1802206494872671,
  "final_score": 0.8836943126854142,
  "final_size_score": 0.9963789658862352,
  "final_matched_text_score": 0.9612312967060197,
  "final_position_score": 0.5741008721878502,
  "final_text_color_score": 0.9883760959901049,
  "final_clip_score": 0.8983843326568604
}