{
  "sum_areas": 0.02761011623257648,
  "final_score": 0.9268700933145674,
  "final_size_score": 0.929524775980195,
  "final_matched_text_score": 1.0,
  "final_position_score": 0.8699602191108742,
  "final_text_color_score": 0.8835159150356923,
  "final_clip_score": 0.9513495564460754
}