{
  "sum_areas": 0.09894972052100746,
  "final_score": 0.857856966487023,
  "final_size_score": 0.9777325297049401,
  "final_matched_text_score": 0.944594757850371,
  "final_position_score": 0.6781031480371684,
  "final_text_color_score": 0.7478576307522427,
  "final_clip_score": 0.9409967660903931
}