{
  "sum_areas": 0.22590061629964842,
  "final_score": 0.8935183032786181,
  "final_size_score": 0.9958594091288101,
  "final_matched_text_score": 0.9952574525745258,
  "final_position_score": 0.7995768229166665,
  "final_text_color_score": 0.7751068552487346,
  "final_clip_score": 0.901790976524353
}