{
  "sum_areas": 0.20275704181015294,
  "final_score": 0.8696772784873389,
  "final_size_score": 0.9515699531931853,
  "final_matched_text_score": 0.9961197507763254,
  "final_position_score": 0.8426743120006136,
  "final_text_color_score": 0.6597255434282403,
  "final_clip_score": 0.8982968330383301
}