{
  "sum_areas": 0.24890993193453625,
  "final_score": 0.908433504610727,
  "final_size_score": 0.9918608308110028,
  "final_matched_text_score": 0.987650318497146,
  "final_position_score": 0.9280354727096924,
  "final_text_color_score": 0.7273632249112203,
  "final_clip_score": 0.9072576761245728
}