{
  "sum_areas": 0.40043651873180713,
  "final_score": 0.8481626207121251,
  "final_size_score": 0.9783595700390807,
  "final_matched_text_score": 0.9240064650756648,
  "final_position_score": 0.7802647845486164,
  "final_text_color_score": 0.6742679324339453,
  "final_clip_score": 0.8839143514633179
}