{
  "sum_areas": 0.21689552462343514,
  "final_score": 0.8494996219895636,
  "final_size_score": 0.8906841090439822,
  "final_matched_text_score": 0.8582365324866299,
  "final_position_score": 0.741225138823135,
  "final_text_color_score": 0.9539816154064493,
  "final_clip_score": 0.8033707141876221
}