{
  "sum_areas": 0.08099576168554354,
  "final_score": 0.8067992710100541,
  "final_size_score": 0.8919234732007189,
  "final_matched_text_score": 0.9693888417787984,
  "final_position_score": 0.6802919633481206,
  "final_text_color_score": 0.6143847839751353,
  "final_clip_score": 0.8780072927474976
}