{
  "sum_areas": 0.2539171813478344,
  "final_score": 0.8273849028022522,
  "final_size_score": 0.8810476715804213,
  "final_matched_text_score": 0.917042127161175,
  "final_position_score": 0.7162648284338945,
  "final_text_color_score": 0.7250626961314246,
  "final_clip_score": 0.8975071907043457
}