{
  "sum_areas": 0.3291212755129018,
  "final_score": 0.7426148219060628,
  "final_size_score": 0.6291954174068513,
  "final_matched_text_score": 0.9534313950173379,
  "final_position_score": 0.5420251163282572,
  "final_text_color_score": 0.7312653080285381,
  "final_clip_score": 0.8571568727493286
}