{
  "sum_areas": 0.21917655531865712,
  "final_score": 0.4872355595128359,
  "final_size_score": 0.04064983542567303,
  "final_matched_text_score": 0.582051282051282,
  "final_position_score": 0.1896484375,
  "final_text_color_score": 0.810623775290624,
  "final_clip_score": 0.8132044672966003
}