{
  "sum_areas": 0.13695114335497335,
  "final_score": 0.8816380353438664,
  "final_size_score": 0.954079535540502,
  "final_matched_text_score": 0.9458019682890303,
  "final_position_score": 0.8123067095521731,
  "final_text_color_score": 0.8239461943709516,
  "final_clip_score": 0.8720557689666748
}