{
  "sum_areas": 0.3782516114595347,
  "final_score": 0.8055517938533987,
  "final_size_score": 0.6385722201925544,
  "final_matched_text_score": 0.995895794577766,
  "final_position_score": 0.7630860726643598,
  "final_text_color_score": 0.8663414375040046,
  "final_clip_score": 0.7638634443283081
}