{
  "sum_areas": 0.34004862063523167,
  "final_score": 0.8237236511450352,
  "final_size_score": 0.7679772230015034,
  "final_matched_text_score": 0.9072462738847548,
  "final_position_score": 0.7514265966313379,
  "final_text_color_score": 0.7613932086515192,
  "final_clip_score": 0.9305749535560608
}