{
  "sum_areas": 0.06883572048611111,
  "final_score": 0.9171133208557971,
  "final_size_score": 1.0,
  "final_matched_text_score": 0.9123629048832811,
  "final_position_score": 0.7744047619047618,
  "final_text_color_score": 0.9587736079010983,
  "final_clip_score": 0.9400253295898438
}