{
  "sum_areas": 0.4022021779721284,
  "final_score": 0.8915187116640111,
  "final_size_score": 0.9847336029615968,
  "final_matched_text_score": 0.9256370514731682,
  "final_position_score": 0.8886021982866597,
  "final_text_color_score": 0.7796330356538674,
  "final_clip_score": 0.8789876699447632
}