{
  "sum_areas": 0.34275432542507184,
  "final_score": 0.9026636769645586,
  "final_size_score": 0.9895605992489094,
  "final_matched_text_score": 0.9317078115588822,
  "final_position_score": 0.8297864875057933,
  "final_text_color_score": 0.8512484527872846,
  "final_clip_score": 0.9110150337219238
}