{
  "sum_areas": 0.06495008680555556,
  "final_score": 0.9444248936846112,
  "final_size_score": 1.0,
  "final_matched_text_score": 0.987012987012987,
  "final_position_score": 0.8782738095238095,
  "final_text_color_score": 0.9437057792051372,
  "final_clip_score": 0.9131318926811218
}