{
  "sum_areas": 0.2651680978933666,
  "final_score": 0.8655072226936696,
  "final_size_score": 0.9887116480948399,
  "final_matched_text_score": 0.9727985899063308,
  "final_position_score": 0.8031594918365315,
  "final_text_color_score": 0.6668596802538759,
  "final_clip_score": 0.89600670337677
}