{
  "sum_areas": 0.08347450883782893,
  "final_score": 0.9172785089010708,
  "final_size_score": 0.9999999999999999,
  "final_matched_text_score": 0.9814168071634635,
  "final_position_score": 0.804619247170796,
  "final_text_color_score": 0.8574541635872319,
  "final_clip_score": 0.9429023265838623
}