{
  "sum_areas": 0.41509015247282466,
  "final_score": 0.7876914190610323,
  "final_size_score": 0.46110888921979953,
  "final_matched_text_score": 0.897420645243999,
  "final_position_score": 0.8435850527086375,
  "final_text_color_score": 0.8342593496396837,
  "final_clip_score": 0.902083158493042
}