{
  "sum_areas": 0.32688377594952567,
  "final_score": 0.9007853463017086,
  "final_size_score": 0.9754010650370607,
  "final_matched_text_score": 0.9957128475954867,
  "final_position_score": 0.8533322985854757,
  "final_text_color_score": 0.7300965462152024,
  "final_clip_score": 0.9493839740753174
}