{
  "sum_areas": 0.4543171669002457,
  "final_score": 0.8839534461568338,
  "final_size_score": 0.9999689460289587,
  "final_matched_text_score": 0.8811320817963998,
  "final_position_score": 0.888586325315619,
  "final_text_color_score": 0.7146932199283481,
  "final_clip_score": 0.9353866577148438
}