{
  "sum_areas": 0.3946044570244543,
  "final_score": 0.913458426087923,
  "final_size_score": 0.9969788061536194,
  "final_matched_text_score": 0.9933035678586185,
  "final_position_score": 0.8345213288560227,
  "final_text_color_score": 0.8179196552553751,
  "final_clip_score": 0.924568772315979
}