{
  "sum_areas": 0.4777451984090299,
  "final_score": 0.9161775385723122,
  "final_size_score": 0.9979367750390211,
  "final_matched_text_score": 0.9062273945643974,
  "final_position_score": 0.9586908720156415,
  "final_text_color_score": 0.7852426102726517,
  "final_clip_score": 0.9327900409698486
}