{
  "sum_areas": 0.23098029606697917,
  "final_score": 0.8479423529875331,
  "final_size_score": 0.6810567998485666,
  "final_matched_text_score": 0.975558554505923,
  "final_position_score": 0.8354287679723398,
  "final_text_color_score": 0.8670156321700085,
  "final_clip_score": 0.8806520104408264
}