{
  "sum_areas": 0.10049930912503309,
  "final_score": 0.8872221101448995,
  "final_size_score": 0.806454693903614,
  "final_matched_text_score": 0.980496641922941,
  "final_position_score": 0.9203286694859018,
  "final_text_color_score": 0.7891784601077806,
  "final_clip_score": 0.9396520853042603
}