{
  "sum_areas": 0.17031947634881178,
  "final_score": 0.966963779483174,
  "final_size_score": 1.0,
  "final_matched_text_score": 1.0,
  "final_position_score": 0.9567678789795548,
  "final_text_color_score": 0.9146483895376943,
  "final_clip_score": 0.9634026288986206
}