{
  "sum_areas": 0.02852756076388889,
  "final_score": 0.9370109160059509,
  "final_size_score": 1.0,
  "final_matched_text_score": 1.0,
  "final_position_score": 0.8479166666666667,
  "final_text_color_score": 0.9442519303728226,
  "final_clip_score": 0.8928859829902649
}