{
  "sum_areas": 0.25189674678348073,
  "final_score": 0.8298823908606066,
  "final_size_score": 0.8954247433688326,
  "final_matched_text_score": 0.9824074074074075,
  "final_position_score": 0.7856443010364215,
  "final_text_color_score": 0.5868974260896143,
  "final_clip_score": 0.8990380764007568
}