{
  "sum_areas": 0.1085362026101452,
  "final_score": 0.9106042966900472,
  "final_size_score": 0.9786402772716619,
  "final_matched_text_score": 0.9410397669706181,
  "final_position_score": 0.872209210850309,
  "final_text_color_score": 0.8204052328895066,
  "final_clip_score": 0.9407269954681396
}