{
  "sum_areas": 0.31694963023088024,
  "final_score": 0.88527280417587,
  "final_size_score": 0.9631505048960152,
  "final_matched_text_score": 0.9583348009144468,
  "final_position_score": 0.7357808785543161,
  "final_text_color_score": 0.8574675636492758,
  "final_clip_score": 0.9116302728652954
}