{
  "sum_areas": 0.01979532461905672,
  "final_score": 0.9257809985480432,
  "final_size_score": 0.901353937607714,
  "final_matched_text_score": 1.0,
  "final_position_score": 0.9731704231388713,
  "final_text_color_score": 0.774876285146097,
  "final_clip_score": 0.9795043468475342
}