{
  "sum_areas": 0.12091388378267974,
  "final_score": 0.922335747189118,
  "final_size_score": 1.0,
  "final_matched_text_score": 0.9888302068041073,
  "final_position_score": 0.8862487709017298,
  "final_text_color_score": 0.8166957646331855,
  "final_clip_score": 0.9199039936065674
}