{
  "sum_areas": 0.45876193917358266,
  "final_score": 0.9164638931725428,
  "final_size_score": 0.9809009981829954,
  "final_matched_text_score": 0.9520298186038736,
  "final_position_score": 0.9116090981853295,
  "final_text_color_score": 0.8435479334398011,
  "final_clip_score": 0.8942316174507141
}