{
  "sum_areas": 0.31438750276042654,
  "final_score": 0.928474828020422,
  "final_size_score": 0.9943876026333743,
  "final_matched_text_score": 0.9455886109933285,
  "final_position_score": 0.9073371269788808,
  "final_text_color_score": 0.8593230704239558,
  "final_clip_score": 0.9357377290725708
}