{
  "sum_areas": 0.005828993055555556,
  "final_score": 0.9169397476855565,
  "final_size_score": 0.747766195085629,
  "final_matched_text_score": 1.0,
  "final_position_score": 0.9684027777777777,
  "final_text_color_score": 0.9206446098865808,
  "final_clip_score": 0.9478851556777954
}