{
  "sum_areas": 0.35114994965991997,
  "final_score": 0.862974540924925,
  "final_size_score": 0.7459771411806535,
  "final_matched_text_score": 0.9619513804784832,
  "final_position_score": 0.8652273043815215,
  "final_text_color_score": 0.8535255958347904,
  "final_clip_score": 0.888191282749176
}