{
  "sum_areas": 0.3240198059239655,
  "final_score": 0.7126653186161778,
  "final_size_score": 0.22603584978112456,
  "final_matched_text_score": 0.9296768745995677,
  "final_position_score": 0.8213976545258282,
  "final_text_color_score": 0.7374756960812587,
  "final_clip_score": 0.8487405180931091
}