{
  "sum_areas": 0.3384951240533131,
  "final_score": 0.8152490391419942,
  "final_size_score": 0.5819536691457351,
  "final_matched_text_score": 0.984382739639749,
  "final_position_score": 0.8391887128881846,
  "final_text_color_score": 0.7283866141821758,
  "final_clip_score": 0.942333459854126
}