{
  "sum_areas": 0.5987837569455006,
  "final_score": 0.8520954941112415,
  "final_size_score": 0.561331370185281,
  "final_matched_text_score": 0.9992647058823529,
  "final_position_score": 0.9551241148501177,
  "final_text_color_score": 0.8718991129438146,
  "final_clip_score": 0.8728581666946411
}