{
  "sum_areas": 0.2006455605908023,
  "final_score": 0.9198547845201978,
  "final_size_score": 0.96198464590106,
  "final_matched_text_score": 0.966847594398396,
  "final_position_score": 0.750645149182297,
  "final_text_color_score": 0.9744748540039405,
  "final_clip_score": 0.9453216791152954
}