{
  "sum_areas": 0.0637486355952107,
  "final_score": 0.9224663622564533,
  "final_size_score": 0.9998866012561041,
  "final_matched_text_score": 0.9947089947089948,
  "final_position_score": 0.8218215443941326,
  "final_text_color_score": 0.912476202943604,
  "final_clip_score": 0.8834384679794312
}