{
  "sum_areas": 0.1684511035787248,
  "final_score": 0.9033685018533459,
  "final_size_score": 0.9957164721455121,
  "final_matched_text_score": 0.994331983805668,
  "final_position_score": 0.7531577776437739,
  "final_text_color_score": 0.8826445878971175,
  "final_clip_score": 0.8909916877746582
}