{
  "sum_areas": 0.34542758357514275,
  "final_score": 0.8797999129500966,
  "final_size_score": 0.9596403684822659,
  "final_matched_text_score": 0.9552359055374907,
  "final_position_score": 0.8144430106856063,
  "final_text_color_score": 0.8021748488698878,
  "final_clip_score": 0.8675054311752319
}