{
  "sum_areas": 0.24864554673644568,
  "final_score": 0.7779309541259487,
  "final_size_score": 0.3796139224113997,
  "final_matched_text_score": 0.9642501846553511,
  "final_position_score": 0.8519336900429851,
  "final_text_color_score": 0.8446451615006595,
  "final_clip_score": 0.8492118120193481
}