{
  "sum_areas": 0.2398962942749617,
  "final_score": 0.7317437247748435,
  "final_size_score": 0.4222082986800333,
  "final_matched_text_score": 0.9424960492480827,
  "final_position_score": 0.7904699509336388,
  "final_text_color_score": 0.647392863411205,
  "final_clip_score": 0.8561514616012573
}