{
  "sum_areas": 0.4561627632097485,
  "final_score": 0.8019065806632641,
  "final_size_score": 0.47847479324196374,
  "final_matched_text_score": 0.9373587432547668,
  "final_position_score": 0.9002255783074823,
  "final_text_color_score": 0.8306944096211163,
  "final_clip_score": 0.8627793788909912
}