{
  "sum_areas": 0.2897984750813733,
  "final_score": 0.8393145456392305,
  "final_size_score": 0.5892969306758594,
  "final_matched_text_score": 0.9526691896550673,
  "final_position_score": 0.8793760835339723,
  "final_text_color_score": 0.8930746887027436,
  "final_clip_score": 0.8821558356285095
}