{
  "sum_areas": 0.24563074727001108,
  "final_score": 0.9138578161773858,
  "final_size_score": 0.997860707180011,
  "final_matched_text_score": 0.9632290159311026,
  "final_position_score": 0.9373356648310431,
  "final_text_color_score": 0.7607908298428128,
  "final_clip_score": 0.9100728631019592
}