{
  "sum_areas": 0.5971797256161371,
  "final_score": 0.896256742415535,
  "final_size_score": 0.9795350723702247,
  "final_matched_text_score": 0.950740167808082,
  "final_position_score": 0.9092703162007898,
  "final_text_color_score": 0.7729443105218814,
  "final_clip_score": 0.8687938451766968
}