{
  "sum_areas": 0.0989906373953552,
  "final_score": 0.9124748622480505,
  "final_size_score": 0.9689541292484672,
  "final_matched_text_score": 0.9150069026766483,
  "final_position_score": 0.8640383325380118,
  "final_text_color_score": 0.8577794663350782,
  "final_clip_score": 0.9565954804420471
}