{
  "sum_areas": 0.09183517948937198,
  "final_score": 0.7323307790718424,
  "final_size_score": 0.3592057810855451,
  "final_matched_text_score": 0.856953179594689,
  "final_position_score": 0.724374275128596,
  "final_text_color_score": 0.8393959443175327,
  "final_clip_score": 0.8817247152328491
}