{
  "sum_areas": 0.401241663464902,
  "final_score": 0.9223508083328547,
  "final_size_score": 0.9912099985475862,
  "final_matched_text_score": 0.9356058032848688,
  "final_position_score": 0.8810504429750688,
  "final_text_color_score": 0.902887654759276,
  "final_clip_score": 0.9010001420974731
}