{
  "sum_areas": 0.060505523765587724,
  "final_score": 0.7644446058371387,
  "final_size_score": 0.573451044545428,
  "final_matched_text_score": 0.9561596481179415,
  "final_position_score": 0.6750476440174915,
  "final_text_color_score": 0.6909709119872538,
  "final_clip_score": 0.9265937805175781
}