{
  "sum_areas": 0.14452966064240644,
  "final_score": 0.9405261140500557,
  "final_size_score": 1.0,
  "final_matched_text_score": 0.9893561650259914,
  "final_position_score": 0.901507667034246,
  "final_text_color_score": 0.9038854782718282,
  "final_clip_score": 0.9078812599182129
}