{
  "sum_areas": 0.5707207692456543,
  "final_score": 0.9556451936283831,
  "final_size_score": 0.991516887260067,
  "final_matched_text_score": 0.968768859357782,
  "final_position_score": 0.9586089700006223,
  "final_text_color_score": 0.9270817054724181,
  "final_clip_score": 0.9322495460510254
}