{
  "sum_areas": 0.19963625494499004,
  "final_score": 0.8794784302654384,
  "final_size_score": 0.7770927950156061,
  "final_matched_text_score": 0.9953776919149689,
  "final_position_score": 0.880298014241173,
  "final_text_color_score": 0.8107396255353874,
  "final_clip_score": 0.9338840246200562
}