{
  "sum_areas": 0.20525636248993726,
  "final_score": 0.9205734358891896,
  "final_size_score": 0.9801980421030771,
  "final_matched_text_score": 0.9498434194144649,
  "final_position_score": 0.9244308844915748,
  "final_text_color_score": 0.7967339619310931,
  "final_clip_score": 0.9516608715057373
}