{
  "sum_areas": 0.08628396081702037,
  "final_score": 0.9018658683764408,
  "final_size_score": 0.957486202003454,
  "final_matched_text_score": 0.9891966421151529,
  "final_position_score": 0.8062807447994338,
  "final_text_color_score": 0.8149754174043174,
  "final_clip_score": 0.941390335559845
}