{
  "sum_areas": 0.12592166478839695,
  "final_score": 0.9059224782880669,
  "final_size_score": 0.972889245089572,
  "final_matched_text_score": 0.97537799336774,
  "final_position_score": 0.8618228173336541,
  "final_text_color_score": 0.7779166485079504,
  "final_clip_score": 0.9416056871414185
}