{
  "sum_areas": 0.3543331263130306,
  "final_score": 0.6437887107642214,
  "final_size_score": 0.26408606441758625,
  "final_matched_text_score": 1.0,
  "final_position_score": 0.6372266245945766,
  "final_text_color_score": 0.6315920130709677,
  "final_clip_score": 0.6860388517379761
}