{
  "sum_areas": 0.20391313698729333,
  "final_score": 0.8943092111346147,
  "final_size_score": 0.9554936191756344,
  "final_matched_text_score": 0.9976896094890413,
  "final_position_score": 0.8430479407045228,
  "final_text_color_score": 0.7682825157365533,
  "final_clip_score": 0.9070323705673218
}