{
  "sum_areas": 0.10667600033315121,
  "final_score": 0.8867786617016524,
  "final_size_score": 0.8176612407070619,
  "final_matched_text_score": 0.9993006993006993,
  "final_position_score": 0.879067330316725,
  "final_text_color_score": 0.7887013165498643,
  "final_clip_score": 0.9491627216339111
}