{
  "sum_areas": 0.422755585912972,
  "final_score": 0.8338207442759376,
  "final_size_score": 0.7319315587789812,
  "final_matched_text_score": 0.892116818571746,
  "final_position_score": 0.8777840199878167,
  "final_text_color_score": 0.7579091867234856,
  "final_clip_score": 0.9093621373176575
}