{
  "sum_areas": 0.29138695290544075,
  "final_score": 0.8611540236624088,
  "final_size_score": 0.6209210622625703,
  "final_matched_text_score": 0.993528893038697,
  "final_position_score": 0.8540342288960809,
  "final_text_color_score": 0.9416644555571086,
  "final_clip_score": 0.8956214785575867
}