{
  "sum_areas": 0.044268663194444446,
  "final_score": 0.5218582918678747,
  "final_size_score": 0.40774057551840776,
  "final_matched_text_score": 0.7946950710108605,
  "final_position_score": 0.5248480902777779,
  "final_text_color_score": 0.007299904501016474,
  "final_clip_score": 0.874707818031311
}