{
  "sum_areas": 0.059782654046654664,
  "final_score": 0.5856054970408633,
  "final_size_score": 0.13740929863360557,
  "final_matched_text_score": 0.6754385964912281,
  "final_position_score": 0.6029277406907357,
  "final_text_color_score": 0.6660390450712725,
  "final_clip_score": 0.8462128043174744
}