{
  "sum_areas": 0.18957467422448707,
  "final_score": 0.4532356176250179,
  "final_size_score": 0.005549525848165351,
  "final_matched_text_score": 0.5,
  "final_position_score": 0.6878906250000001,
  "final_text_color_score": 0.3133183768444898,
  "final_clip_score": 0.7594195604324341
}