{
  "sum_areas": 0.27690197198335453,
  "final_score": 0.5879481576463371,
  "final_size_score": 0.07923101819312127,
  "final_matched_text_score": 0.8894927536231884,
  "final_position_score": 0.3957252992278659,
  "final_text_color_score": 0.6578679920593362,
  "final_clip_score": 0.9174237251281738
}