{
  "sum_areas": 0.12196500013857217,
  "final_score": 0.709737470091063,
  "final_size_score": 0.24500599944924484,
  "final_matched_text_score": 0.9855072463768116,
  "final_position_score": 0.872265625,
  "final_text_color_score": 0.5384543465955058,
  "final_clip_score": 0.9074541330337524
}