{
  "sum_areas": 0.12211697048611111,
  "final_score": 0.5964303740790982,
  "final_size_score": 0.06557493580231555,
  "final_matched_text_score": 0.9347826086956521,
  "final_position_score": 0.758984375,
  "final_text_color_score": 0.43305496413452266,
  "final_clip_score": 0.7897549867630005
}