{
  "sum_areas": 0.16591962237408533,
  "final_score": 0.6436961621124492,
  "final_size_score": 0.3668661792853306,
  "final_matched_text_score": 0.7058531752672552,
  "final_position_score": 0.7305036399924442,
  "final_text_color_score": 0.5693851754074748,
  "final_clip_score": 0.8458726406097412
}