{
  "sum_areas": 0.12228731772073226,
  "final_score": 0.5521800344955118,
  "final_size_score": 0.006574189859955808,
  "final_matched_text_score": 1.0,
  "final_position_score": 0.1663955877512806,
  "final_text_color_score": 0.7233437435410963,
  "final_clip_score": 0.8645866513252258
}