{
  "sum_areas": 0.07681587169990962,
  "final_score": 0.4172039095449268,
  "final_size_score": 0.00951746309057956,
  "final_matched_text_score": 0.7142857142857143,
  "final_position_score": 0.41286093897925813,
  "final_text_color_score": 0.21015841560675308,
  "final_clip_score": 0.7391970157623291
}