{
  "sum_areas": 0.2803240895707407,
  "final_score": 0.6397382067422361,
  "final_size_score": 0.03293657143644183,
  "final_matched_text_score": 0.5,
  "final_position_score": 0.905078125,
  "final_text_color_score": 0.9003660211889232,
  "final_clip_score": 0.8603103160858154
}