{
  "sum_areas": 0.09946805555555556,
  "final_score": 0.4484462109654387,
  "final_size_score": 0.04040721825823477,
  "final_matched_text_score": 0.8333333333333334,
  "final_position_score": 0.3596354166666667,
  "final_text_color_score": 0.354922157529957,
  "final_clip_score": 0.6539329290390015
}