{
  "sum_areas": 0.11890658225147589,
  "final_score": 0.5643093112942259,
  "final_size_score": 0.018667613859153602,
  "final_matched_text_score": 0.8484848484848485,
  "final_position_score": 0.619140625,
  "final_text_color_score": 0.43460570968956586,
  "final_clip_score": 0.900647759437561
}