{
  "sum_areas": 0.09932768122284619,
  "final_score": 0.5343579580446663,
  "final_size_score": 0.14309134062003126,
  "final_matched_text_score": 0.8257575757575758,
  "final_position_score": 0.5684895833333333,
  "final_text_color_score": 0.32395424499542347,
  "final_clip_score": 0.8104970455169678
}