{
  "sum_areas": 0.1921942747990693,
  "final_score": 0.5871939627569761,
  "final_size_score": 0.059851830708373736,
  "final_matched_text_score": 0.5959109730848862,
  "final_position_score": 0.6464725879512127,
  "final_text_color_score": 0.7808593085531643,
  "final_clip_score": 0.8528751134872437
}