{
  "sum_areas": 0.30599502780556137,
  "final_score": 0.5415930778437174,
  "final_size_score": 0.25945887886442087,
  "final_matched_text_score": 0.6525692762980898,
  "final_position_score": 0.4342295557209015,
  "final_text_color_score": 0.48138927509115603,
  "final_clip_score": 0.8803184032440186
}