{
  "sum_areas": 0.1354965739373052,
  "final_score": 0.5729563844848391,
  "final_size_score": 0.019490153804632936,
  "final_matched_text_score": 0.8529411764705883,
  "final_position_score": 0.8492187499999999,
  "final_text_color_score": 0.3369631667263059,
  "final_clip_score": 0.8061686754226685
}