{
  "sum_areas": 0.049512459892685996,
  "final_score": 0.6036493015465738,
  "final_size_score": 0.3281091630264253,
  "final_matched_text_score": 0.875,
  "final_position_score": 0.5025701327789105,
  "final_text_color_score": 0.431010581792951,
  "final_clip_score": 0.8815566301345825
}