{
  "sum_areas": 0.15014746793285802,
  "final_score": 0.4903430602967239,
  "final_size_score": 0.02780819015355739,
  "final_matched_text_score": 0.5147058823529411,
  "final_position_score": 0.5296098673048958,
  "final_text_color_score": 0.5000000754898213,
  "final_clip_score": 0.8795912861824036
}