{
  "sum_areas": 0.08423530077791985,
  "final_score": 0.6174023166533938,
  "final_size_score": 0.19582737621068552,
  "final_matched_text_score": 0.7023809523809523,
  "final_position_score": 0.7015764389995129,
  "final_text_color_score": 0.6934463696232669,
  "final_clip_score": 0.7937804460525513
}