{
  "sum_areas": 0.12941722451386004,
  "final_score": 0.6887478751853057,
  "final_size_score": 0.2660604415321675,
  "final_matched_text_score": 0.9846153846153847,
  "final_position_score": 0.5416787790697675,
  "final_text_color_score": 0.834202229815654,
  "final_clip_score": 0.8171825408935547
}