{
  "sum_areas": 0.27457618457137056,
  "final_score": 0.7018152128316149,
  "final_size_score": 0.10016778783610823,
  "final_matched_text_score": 0.8627450980392157,
  "final_position_score": 0.821484375,
  "final_text_color_score": 0.8661097772894027,
  "final_clip_score": 0.8585690259933472
}