{
  "sum_areas": 0.30731571494783816,
  "final_score": 0.6426529498363938,
  "final_size_score": 0.23259437637000122,
  "final_matched_text_score": 0.8172846889952153,
  "final_position_score": 0.5680889423076922,
  "final_text_color_score": 0.7378616938825646,
  "final_clip_score": 0.8574350476264954
}