{
  "sum_areas": 0.2549219599148388,
  "final_score": 0.42428887167123364,
  "final_size_score": 0.07090856349444215,
  "final_matched_text_score": 0.6,
  "final_position_score": 0.41648857128604555,
  "final_text_color_score": 0.28633926058587345,
  "final_clip_score": 0.7477079629898071
}