{
  "sum_areas": 0.523616223924098,
  "final_score": 0.9074968697276233,
  "final_size_score": 0.9998032490719064,
  "final_matched_text_score": 0.9094034828999176,
  "final_position_score": 0.9199639061493328,
  "final_text_color_score": 0.7616370986166305,
  "final_clip_score": 0.9466766119003296
}