{
  "sum_areas": 0.23903075089307435,
  "final_score": 0.7358430191639981,
  "final_size_score": 0.42876474961872585,
  "final_matched_text_score": 0.9203062955305419,
  "final_position_score": 0.8618639877466652,
  "final_text_color_score": 0.6171282985312045,
  "final_clip_score": 0.8511517643928528
}