{
  "sum_areas": 0.079951171875,
  "final_score": 0.9445959641975871,
  "final_size_score": 0.9999999999999998,
  "final_matched_text_score": 0.9229189398719494,
  "final_position_score": 0.9549603174603174,
  "final_text_color_score": 0.9437057792051372,
  "final_clip_score": 0.901394784450531
}