{
  "sum_areas": 0.09784225112858064,
  "final_score": 0.8633231528671956,
  "final_size_score": 0.8011986710984617,
  "final_matched_text_score": 0.9993006993006993,
  "final_position_score": 0.8827665878387884,
  "final_text_color_score": 0.7296737730780094,
  "final_clip_score": 0.9036760330200195
}