{
  "sum_areas": 0.24894773755983887,
  "final_score": 0.8783803310930864,
  "final_size_score": 0.6604455770051296,
  "final_matched_text_score": 0.9871535529113717,
  "final_position_score": 0.8656779738400692,
  "final_text_color_score": 0.945157401974365,
  "final_clip_score": 0.9334671497344971
}