{
  "sum_areas": 0.2557596465548507,
  "final_score": 0.908945182104341,
  "final_size_score": 0.9993392613520738,
  "final_matched_text_score": 0.9936710268189689,
  "final_position_score": 0.8886392772182643,
  "final_text_color_score": 0.720219794915723,
  "final_clip_score": 0.9428565502166748
}