{
  "sum_areas": 0.22319057099028058,
  "final_score": 0.867486266135904,
  "final_size_score": 0.9875269466218439,
  "final_matched_text_score": 0.9885594962404133,
  "final_position_score": 0.7950656278816582,
  "final_text_color_score": 0.7447796142256132,
  "final_clip_score": 0.8214996457099915
}