{
  "sum_areas": 0.2071166842455163,
  "final_score": 0.8081683160035905,
  "final_size_score": 0.40971971850513955,
  "final_matched_text_score": 0.9603629281188817,
  "final_position_score": 0.8845492955426784,
  "final_text_color_score": 0.9033674547381548,
  "final_clip_score": 0.8828421831130981
}