{
  "sum_areas": 0.1524156324198301,
  "final_score": 0.8359024976821181,
  "final_size_score": 0.6046068972483051,
  "final_matched_text_score": 0.9592279371225297,
  "final_position_score": 0.8925357978811893,
  "final_text_color_score": 0.7732005190499537,
  "final_clip_score": 0.9499413371086121
}