{
  "sum_areas": 0.2980593736645735,
  "final_score": 0.9276700495156155,
  "final_size_score": 1.0,
  "final_matched_text_score": 0.9427102942913113,
  "final_position_score": 0.9091903052641437,
  "final_text_color_score": 0.8388358722924896,
  "final_clip_score": 0.9476137757301331
}