{
  "sum_areas": 0.137259363873378,
  "final_score": 0.8941961996876486,
  "final_size_score": 0.9909335541285921,
  "final_matched_text_score": 0.9883785774857401,
  "final_position_score": 0.8462480836528191,
  "final_text_color_score": 0.7912067109436142,
  "final_clip_score": 0.854214072227478
}