{
  "sum_areas": 0.24437743094415884,
  "final_score": 0.8434987673286858,
  "final_size_score": 0.6351273227332795,
  "final_matched_text_score": 0.9334391182393555,
  "final_position_score": 0.8729500079008562,
  "final_text_color_score": 0.8775519279081817,
  "final_clip_score": 0.8984254598617554
}