{
  "sum_areas": 0.02098717347673919,
  "final_score": 0.8673815594978649,
  "final_size_score": 0.8450894199470969,
  "final_matched_text_score": 1.0,
  "final_position_score": 0.8044601779893189,
  "final_text_color_score": 0.7676787962478551,
  "final_clip_score": 0.9196794033050537
}