{
  "sum_areas": 0.10682443886778241,
  "final_score": 0.8865804569649323,
  "final_size_score": 0.8069314333146862,
  "final_matched_text_score": 0.9996308600959765,
  "final_position_score": 0.8421830757200243,
  "final_text_color_score": 0.8667052359874009,
  "final_clip_score": 0.9174516797065735
}