{
  "sum_areas": 0.22333255491794038,
  "final_score": 0.8146894711189552,
  "final_size_score": 0.5647636027511835,
  "final_matched_text_score": 0.9671287347917783,
  "final_position_score": 0.8709930034828529,
  "final_text_color_score": 0.7741114950071936,
  "final_clip_score": 0.8964505195617676
}