{
  "sum_areas": 0.19822675940378426,
  "final_score": 0.7219459276983864,
  "final_size_score": 0.4059199137987733,
  "final_matched_text_score": 0.9189810277715084,
  "final_position_score": 0.8385228170199235,
  "final_text_color_score": 0.6522258609045346,
  "final_clip_score": 0.7940800189971924
}