{
  "sum_areas": 0.1482757995160339,
  "final_score": 0.8958245333576316,
  "final_size_score": 0.9999487746069426,
  "final_matched_text_score": 0.9762651545916922,
  "final_position_score": 0.7785212256429361,
  "final_text_color_score": 0.8420710418004076,
  "final_clip_score": 0.8823164701461792
}