{
  "sum_areas": 0.4859134794666935,
  "final_score": 0.9340011265753345,
  "final_size_score": 0.9983334762494607,
  "final_matched_text_score": 0.9711838974714119,
  "final_position_score": 0.9181066320651905,
  "final_text_color_score": 0.9073956341821319,
  "final_clip_score": 0.8749859929084778
}