{
  "sum_areas": 0.20504829907807293,
  "final_score": 0.8765875700723873,
  "final_size_score": 0.9654114084453675,
  "final_matched_text_score": 0.9822843098083374,
  "final_position_score": 0.7935624188838416,
  "final_text_color_score": 0.7894812912692817,
  "final_clip_score": 0.8521984219551086
}