{
  "sum_areas": 0.256729562480692,
  "final_score": 0.9070904524547063,
  "final_size_score": 0.9975307966574977,
  "final_matched_text_score": 0.9848378697881538,
  "final_position_score": 0.8913837529778613,
  "final_text_color_score": 0.8024208063281065,
  "final_clip_score": 0.8592790365219116
}