{
  "sum_areas": 0.5791954250658078,
  "final_score": 0.9151134778480835,
  "final_size_score": 0.9999999999999998,
  "final_matched_text_score": 0.962293879164651,
  "final_position_score": 0.8496815916070514,
  "final_text_color_score": 0.8224699826242937,
  "final_clip_score": 0.9411219358444214
}