{
  "sum_areas": 0.1856989571915587,
  "final_score": 0.9124151455378353,
  "final_size_score": 0.9893227261440983,
  "final_matched_text_score": 0.9547755861908073,
  "final_position_score": 0.8902206365687946,
  "final_text_color_score": 0.8098768397061921,
  "final_clip_score": 0.9178799390792847
}