{
  "sum_areas": 0.2733371283573709,
  "final_score": 0.8087693590633562,
  "final_size_score": 0.47033967915025215,
  "final_matched_text_score": 0.9882259553246413,
  "final_position_score": 0.9042275419606534,
  "final_text_color_score": 0.8282491965026938,
  "final_clip_score": 0.85280442237854
}