{
  "sum_areas": 0.15985085508957042,
  "final_score": 0.9550281735336107,
  "final_size_score": 1.0,
  "final_matched_text_score": 1.0,
  "final_position_score": 0.9053902704543756,
  "final_text_color_score": 0.910388686393671,
  "final_clip_score": 0.9593619108200073
}