{
  "sum_areas": 0.2219691651821953,
  "final_score": 0.9124162643063563,
  "final_size_score": 0.9968373239939199,
  "final_matched_text_score": 0.9952485380116959,
  "final_position_score": 0.8931134902122133,
  "final_text_color_score": 0.7516294125131091,
  "final_clip_score": 0.9252525568008423
}