{
  "sum_areas": 0.06785481770833333,
  "final_score": 0.9464766459940273,
  "final_size_score": 1.0,
  "final_matched_text_score": 1.0,
  "final_position_score": 0.8845238095238095,
  "final_text_color_score": 0.8926135679759287,
  "final_clip_score": 0.955245852470398
}