{
  "sum_areas": 0.31561404244400715,
  "final_score": 0.8780990204686239,
  "final_size_score": 0.9775404358084029,
  "final_matched_text_score": 0.9462455221190927,
  "final_position_score": 0.6994526847185301,
  "final_text_color_score": 0.8665683479150192,
  "final_clip_score": 0.900688111782074
}