{
  "sum_areas": 0.15513359231985074,
  "final_score": 0.8861378360939018,
  "final_size_score": 0.9424650638663594,
  "final_matched_text_score": 0.9616161933999589,
  "final_position_score": 0.7703503864201302,
  "final_text_color_score": 0.8264442709825848,
  "final_clip_score": 0.9298132658004761
}