{
  "sum_areas": 0.3407053125880639,
  "final_score": 0.822181824380245,
  "final_size_score": 0.6224284607121603,
  "final_matched_text_score": 0.9845715035264099,
  "final_position_score": 0.9047787682335442,
  "final_text_color_score": 0.7077856633434475,
  "final_clip_score": 0.8913447260856628
}