{
  "sum_areas": 0.08841471655250854,
  "final_score": 0.9097146142020182,
  "final_size_score": 1.0000000000000002,
  "final_matched_text_score": 0.9838745644599304,
  "final_position_score": 0.7737492707578181,
  "final_text_color_score": 0.8174541696264177,
  "final_clip_score": 0.9734950661659241
}