{
  "sum_areas": 0.305496343170023,
  "final_score": 0.9127847015595365,
  "final_size_score": 0.8783236888526617,
  "final_matched_text_score": 0.9979575163398693,
  "final_position_score": 0.9490825484260635,
  "final_text_color_score": 0.8801534488659772,
  "final_clip_score": 0.8584063053131104
}