{
  "sum_areas": 0.47815063866875257,
  "final_score": 0.9165418785288225,
  "final_size_score": 0.9979385245179433,
  "final_matched_text_score": 0.9191110169768338,
  "final_position_score": 0.9272300677976136,
  "final_text_color_score": 0.80543351031095,
  "final_clip_score": 0.9329962730407715
}