{
  "sum_areas": 0.10212335679457021,
  "final_score": 0.8652027320955189,
  "final_size_score": 0.9795173906811875,
  "final_matched_text_score": 0.9495926831414365,
  "final_position_score": 0.799287649762614,
  "final_text_color_score": 0.6697771941593544,
  "final_clip_score": 0.9278387427330017
}