{
  "sum_areas": 0.4709691474319358,
  "final_score": 0.9554585334609036,
  "final_size_score": 1.0,
  "final_matched_text_score": 0.9969403895693044,
  "final_position_score": 0.8792853211438898,
  "final_text_color_score": 0.9673589444872894,
  "final_clip_score": 0.9337080121040344
}