{
  "sum_areas": 0.22470650750535978,
  "final_score": 0.9285375595008221,
  "final_size_score": 0.975373485617334,
  "final_matched_text_score": 0.9767898195983085,
  "final_position_score": 0.8645194799643512,
  "final_text_color_score": 0.8935343926456192,
  "final_clip_score": 0.9324706196784973
}