{
  "sum_areas": 0.4105797954205028,
  "final_score": 0.9167172954916366,
  "final_size_score": 0.9205915551511346,
  "final_matched_text_score": 0.9578202334351826,
  "final_position_score": 0.9412040667624654,
  "final_text_color_score": 0.8675062742700445,
  "final_clip_score": 0.8964643478393555
}