{
  "sum_areas": 0.19014431423611108,
  "final_score": 0.9067821593296963,
  "final_size_score": 0.9393621210132564,
  "final_matched_text_score": 0.9784635965940162,
  "final_position_score": 0.7175653594771243,
  "final_text_color_score": 0.9674864658943454,
  "final_clip_score": 0.9310332536697388
}