{
  "sum_areas": 0.004963107638888889,
  "final_score": 0.9004349466628221,
  "final_size_score": 0.9674245736773063,
  "final_matched_text_score": 1.0,
  "final_position_score": 0.7546875,
  "final_text_color_score": 0.8840997060692993,
  "final_clip_score": 0.8959629535675049
}