{
  "sum_areas": 0.02852756076388889,
  "final_score": 0.9340024948364324,
  "final_size_score": 1.0,
  "final_matched_text_score": 1.0,
  "final_position_score": 0.8409722222222222,
  "final_text_color_score": 0.9839651214972933,
  "final_clip_score": 0.8450751304626465
}