{
  "sum_areas": 0.10895760458309538,
  "final_score": 0.9242081658596182,
  "final_size_score": 0.9830469954484867,
  "final_matched_text_score": 0.9926538987120791,
  "final_position_score": 0.8467568104509832,
  "final_text_color_score": 0.8487849579346796,
  "final_clip_score": 0.9497981667518616
}