{
  "sum_areas": 0.10718219942285659,
  "final_score": 0.7396013346666601,
  "final_size_score": 0.27990130158795823,
  "final_matched_text_score": 0.9547101449275363,
  "final_position_score": 0.7203578044458763,
  "final_text_color_score": 0.8075470525751764,
  "final_clip_score": 0.9354903697967529
}