{
  "sum_areas": 0.5357111773243325,
  "final_score": 0.8969577539186825,
  "final_size_score": 0.9998976519807389,
  "final_matched_text_score": 0.9871165442024449,
  "final_position_score": 0.7803783493934315,
  "final_text_color_score": 0.9279890899607056,
  "final_clip_score": 0.7894071340560913
}