{
  "sum_areas": 0.25639756944444436,
  "final_score": 0.8780544197660188,
  "final_size_score": 0.8863882587940548,
  "final_matched_text_score": 0.9459620851852579,
  "final_position_score": 0.8305747204184705,
  "final_text_color_score": 0.8520296993035269,
  "final_clip_score": 0.8753173351287842
}