{
  "sum_areas": 0.46211846795949824,
  "final_score": 0.9183746817237382,
  "final_size_score": 0.9501792869740032,
  "final_matched_text_score": 0.9560970203572492,
  "final_position_score": 0.9281143700373399,
  "final_text_color_score": 0.840508901980689,
  "final_clip_score": 0.9169738292694092
}