{
  "sum_areas": 0.06006437139249639,
  "final_score": 0.5417895519156563,
  "final_size_score": 0.36127051680289796,
  "final_matched_text_score": 0.7309941520467835,
  "final_position_score": 0.369140625,
  "final_text_color_score": 0.41834803919203933,
  "final_clip_score": 0.8291944265365601
}