{
  "sum_areas": 0.24492407242303352,
  "final_score": 0.4845316504297464,
  "final_size_score": 0.052939020433093426,
  "final_matched_text_score": 0.5476190476190477,
  "final_position_score": 0.7361964055448098,
  "final_text_color_score": 0.28833891439315057,
  "final_clip_score": 0.7975648641586304
}