{
  "sum_areas": 0.28341193197869224,
  "final_score": 0.576291390126459,
  "final_size_score": 0.13966946713700526,
  "final_matched_text_score": 0.7888257575757576,
  "final_position_score": 0.34328133098798275,
  "final_text_color_score": 0.7179578946073004,
  "final_clip_score": 0.8917225003242493
}