{
  "sum_areas": 0.027815755208333334,
  "final_score": 0.6539627933040725,
  "final_size_score": 0.06834406085430077,
  "final_matched_text_score": 1.0,
  "final_position_score": 0.9488281249999999,
  "final_text_color_score": 0.41038404255265837,
  "final_clip_score": 0.8422577381134033
}