{
  "sum_areas": 0.19007048974694593,
  "final_score": 0.5261551561662853,
  "final_size_score": 0.005954221252707033,
  "final_matched_text_score": 0.875,
  "final_position_score": 0.41992187500000006,
  "final_text_color_score": 0.5000000754898213,
  "final_clip_score": 0.8298996090888977
}