{
  "sum_areas": 0.05340329280744213,
  "final_score": 0.6758428280312909,
  "final_size_score": 0.22383760746356388,
  "final_matched_text_score": 0.7727272727272728,
  "final_position_score": 0.8009707053900065,
  "final_text_color_score": 0.777094528238941,
  "final_clip_score": 0.8045840263366699
}