{
  "sum_areas": 0.12483723958333331,
  "final_score": 0.5529611841206753,
  "final_size_score": 0.24147761842677104,
  "final_matched_text_score": 0.6123593441080707,
  "final_position_score": 0.5448302469135803,
  "final_text_color_score": 0.6217404748802351,
  "final_clip_score": 0.7443982362747192
}