{
  "sum_areas": 0.20958081106738968,
  "final_score": 0.5272737620347228,
  "final_size_score": 0.14963930484025792,
  "final_matched_text_score": 0.6700850376539726,
  "final_position_score": 0.2827393409098246,
  "final_text_color_score": 0.699655987937466,
  "final_clip_score": 0.8342491388320923
}