{
  "sum_areas": 0.40960793490783415,
  "final_score": 0.5011812113614295,
  "final_size_score": 0.05884022363107415,
  "final_matched_text_score": 0.8076923076923077,
  "final_position_score": 0.7883416538658474,
  "final_text_color_score": 1.509796425658294e-07,
  "final_clip_score": 0.8510317206382751
}