{
  "sum_areas": 0.1583704129386142,
  "final_score": 0.5618293124177342,
  "final_size_score": 0.061976614695670486,
  "final_matched_text_score": 0.834674922600619,
  "final_position_score": 0.3697030055003502,
  "final_text_color_score": 0.6827174991809466,
  "final_clip_score": 0.860074520111084
}