{
  "sum_areas": 0.0922676298284711,
  "final_score": 0.5204131512007117,
  "final_size_score": 0.051475316798245505,
  "final_matched_text_score": 0.5222222222222223,
  "final_position_score": 0.4385874084109941,
  "final_text_color_score": 0.7093188177388141,
  "final_clip_score": 0.8804619908332825
}