{
  "sum_areas": 0.2069726776967093,
  "final_score": 0.569570492264672,
  "final_size_score": 0.0266640939739077,
  "final_matched_text_score": 0.5294117647058824,
  "final_position_score": 0.7574555463334706,
  "final_text_color_score": 0.7150610551275435,
  "final_clip_score": 0.8192600011825562
}