{
  "sum_areas": 0.12032443576388888,
  "final_score": 0.5088082117717546,
  "final_size_score": 0.1241164747364529,
  "final_matched_text_score": 0.7592592592592592,
  "final_position_score": 0.5026961805555555,
  "final_text_color_score": 0.49264570804728186,
  "final_clip_score": 0.6653234362602234
}