{
  "sum_areas": 0.05955027926919341,
  "final_score": 0.5606322685270505,
  "final_size_score": 0.11080296725384119,
  "final_matched_text_score": 0.6785714285714286,
  "final_position_score": 0.5091308089348063,
  "final_text_color_score": 0.7515500206266412,
  "final_clip_score": 0.7531061172485352
}