{
  "sum_areas": 0.12999625280365773,
  "final_score": 0.486451329643408,
  "final_size_score": 0.04429388405504368,
  "final_matched_text_score": 0.6785502079619725,
  "final_position_score": 0.5462596330802852,
  "final_text_color_score": 0.33696316672630583,
  "final_clip_score": 0.8261897563934326
}