{
  "sum_areas": 0.11106868881777107,
  "final_score": 0.7684004022060008,
  "final_size_score": 0.16944110461978676,
  "final_matched_text_score": 1.0,
  "final_position_score": 0.844140625,
  "final_text_color_score": 1.0,
  "final_clip_score": 0.8284202814102173
}