{
  "sum_areas": 0.05121844549207792,
  "final_score": 0.4681782984330595,
  "final_size_score": 0.0235544064462053,
  "final_matched_text_score": 0.5555555555555556,
  "final_position_score": 0.15349333553646183,
  "final_text_color_score": 0.728285338372497,
  "final_clip_score": 0.8800028562545776
}