{
  "sum_areas": 0.17369165941709672,
  "final_score": 0.6215922104247459,
  "final_size_score": 0.01251326327372802,
  "final_matched_text_score": 0.5333333333333333,
  "final_position_score": 0.6706957429313853,
  "final_text_color_score": 0.9977457098654035,
  "final_clip_score": 0.8936730027198792
}