{
  "sum_areas": 0.09673999515590666,
  "final_score": 0.5323986258662482,
  "final_size_score": 0.18762200490840114,
  "final_matched_text_score": 0.6935068341717957,
  "final_position_score": 0.5371083113893665,
  "final_text_color_score": 0.3696315710934277,
  "final_clip_score": 0.8741244077682495
}