{
  "sum_areas": 0.07368528899317968,
  "final_score": 0.5168603310929466,
  "final_size_score": 0.036740671137905204,
  "final_matched_text_score": 0.6493506493506493,
  "final_position_score": 0.5294921875,
  "final_text_color_score": 0.5358231069640933,
  "final_clip_score": 0.832895040512085
}