{
  "sum_areas": 0.03953356319359747,
  "final_score": 0.5730688755035993,
  "final_size_score": 0.0900646215739802,
  "final_matched_text_score": 0.763157894736842,
  "final_position_score": 0.7318359375,
  "final_text_color_score": 0.4535774876949058,
  "final_clip_score": 0.8267084360122681
}