{
  "sum_areas": 0.06247916608218308,
  "final_score": 0.5732489980136698,
  "final_size_score": 0.020198630720383304,
  "final_matched_text_score": 0.5,
  "final_position_score": 0.6326171875,
  "final_text_color_score": 0.8262353132244613,
  "final_clip_score": 0.8871938586235046
}