{
  "sum_areas": 0.1861598618539796,
  "final_score": 0.5300443716702311,
  "final_size_score": 0.09326367963337773,
  "final_matched_text_score": 0.5900000000000001,
  "final_position_score": 0.8806342445853144,
  "final_text_color_score": 0.21440495782554808,
  "final_clip_score": 0.8719189763069153
}