{
  "sum_areas": 0.14249055729760546,
  "final_score": 0.5927998955164876,
  "final_size_score": 0.2115734361599897,
  "final_matched_text_score": 0.9163008486976881,
  "final_position_score": 0.5739750774684319,
  "final_text_color_score": 0.4325983588743398,
  "final_clip_score": 0.8295517563819885
}