{
  "sum_areas": 0.3825921136229314,
  "final_score": 0.8417080274910081,
  "final_size_score": 0.4931256752753796,
  "final_matched_text_score": 0.9951923076923078,
  "final_position_score": 0.8982641184721402,
  "final_text_color_score": 0.8881961413123015,
  "final_clip_score": 0.9337618947029114
}