{
  "sum_areas": 0.36608559587873957,
  "final_score": 0.8953079430325463,
  "final_size_score": 0.9862625464779979,
  "final_matched_text_score": 0.9378295494262228,
  "final_position_score": 0.8965280164005963,
  "final_text_color_score": 0.7498262438643849,
  "final_clip_score": 0.9060933589935303
}