{
  "sum_areas": 0.1970262508850777,
  "final_score": 0.8840009669634684,
  "final_size_score": 0.8726997371872525,
  "final_matched_text_score": 0.9504710100936518,
  "final_position_score": 0.9063466914496441,
  "final_text_color_score": 0.832787525023561,
  "final_clip_score": 0.8576998710632324
}