{
  "sum_areas": 0.2845799400911265,
  "final_score": 0.7160071362153799,
  "final_size_score": 0.32268629373156726,
  "final_matched_text_score": 0.9394523364817827,
  "final_position_score": 0.8162283641355395,
  "final_text_color_score": 0.6456755946679208,
  "final_clip_score": 0.8559930920600891
}