{
  "sum_areas": 0.40383949475996184,
  "final_score": 0.8301027238865104,
  "final_size_score": 0.551058759624098,
  "final_matched_text_score": 0.9943583421013561,
  "final_position_score": 0.8724001833874998,
  "final_text_color_score": 0.8067033686213552,
  "final_clip_score": 0.9259929656982422
}