{
  "sum_areas": 0.45744539610906937,
  "final_score": 0.9187822526361732,
  "final_size_score": 0.9052418159026635,
  "final_matched_text_score": 0.9692606495011433,
  "final_position_score": 0.9254038457115676,
  "final_text_color_score": 0.8750921837015392,
  "final_clip_score": 0.9189127683639526
}