{
  "sum_areas": 0.27984215975360766,
  "final_score": 0.9027413120937429,
  "final_size_score": 0.9841517359909217,
  "final_matched_text_score": 0.9835191634082763,
  "final_position_score": 0.8411143397355205,
  "final_text_color_score": 0.7773715419188649,
  "final_clip_score": 0.9275497794151306
}