{
  "sum_areas": 0.07946968567135491,
  "final_score": 0.8872965651229617,
  "final_size_score": 1.0,
  "final_matched_text_score": 0.9594025814073319,
  "final_position_score": 0.9190958605977505,
  "final_text_color_score": 0.6268953399924773,
  "final_clip_score": 0.9310890436172485
}