{
  "sum_areas": 0.7978876699115455,
  "final_score": 0.9151458066188708,
  "final_size_score": 0.9999700039504885,
  "final_matched_text_score": 0.9809607912398446,
  "final_position_score": 0.8029922106961154,
  "final_text_color_score": 0.8656037299972121,
  "final_clip_score": 0.9262022972106934
}