{
  "sum_areas": 0.08137222414923329,
  "final_score": 0.8280420130357264,
  "final_size_score": 0.9354235658070689,
  "final_matched_text_score": 0.9744503862150922,
  "final_position_score": 0.8299179877266596,
  "final_text_color_score": 0.4831276762873556,
  "final_clip_score": 0.917290449142456
}