{
  "sum_areas": 0.22571282052471492,
  "final_score": 0.8069703262638257,
  "final_size_score": 0.49908341326655015,
  "final_matched_text_score": 0.9692357271729868,
  "final_position_score": 0.8014786092892662,
  "final_text_color_score": 0.8873717321800768,
  "final_clip_score": 0.8776821494102478
}