{
  "sum_areas": 0.32824373224679015,
  "final_score": 0.7174824255967649,
  "final_size_score": 0.41660390651076523,
  "final_matched_text_score": 0.9666392915549167,
  "final_position_score": 0.7447706373493612,
  "final_text_color_score": 0.635661505726435,
  "final_clip_score": 0.8237367868423462
}