{
  "sum_areas": 0.1706212298969958,
  "final_score": 0.8118700647883185,
  "final_size_score": 0.6882313918793015,
  "final_matched_text_score": 0.9408256814233371,
  "final_position_score": 0.7820746906841339,
  "final_text_color_score": 0.8370662209731912,
  "final_clip_score": 0.8111523389816284
}