{
  "sum_areas": 0.06661729833881315,
  "final_score": 0.9046069839724233,
  "final_size_score": 0.8845921192353172,
  "final_matched_text_score": 1.0,
  "final_position_score": 0.8596544069178331,
  "final_text_color_score": 0.8484668194978456,
  "final_clip_score": 0.9303215742111206
}