{
  "sum_areas": 0.16496393807258633,
  "final_score": 0.8760794901301289,
  "final_size_score": 0.7123623724731167,
  "final_matched_text_score": 0.9870755283497665,
  "final_position_score": 0.8651264655345419,
  "final_text_color_score": 0.8952791616400205,
  "final_clip_score": 0.9205539226531982
}