{
  "sum_areas": 0.3474539242557035,
  "final_score": 0.9239647064928165,
  "final_size_score": 0.9480115154595867,
  "final_matched_text_score": 0.9609713544304737,
  "final_position_score": 0.9486852466109427,
  "final_text_color_score": 0.8550306581963549,
  "final_clip_score": 0.9071247577667236
}