{
  "sum_areas": 0.1408847825351731,
  "final_score": 0.843743049602432,
  "final_size_score": 0.673639815816441,
  "final_matched_text_score": 0.9880138380138381,
  "final_position_score": 0.8292035872113998,
  "final_text_color_score": 0.8051367402239605,
  "final_clip_score": 0.922721266746521
}