{
  "sum_areas": 0.31492018343498324,
  "final_score": 0.7546636897334941,
  "final_size_score": 0.419692016988736,
  "final_matched_text_score": 0.9699615365316102,
  "final_position_score": 0.8736260531539426,
  "final_text_color_score": 0.5813171160524766,
  "final_clip_score": 0.9287217259407043
}