{
  "sum_areas": 0.10371268906709466,
  "final_score": 0.9077609076305762,
  "final_size_score": 0.98134379553731,
  "final_matched_text_score": 0.910830337984428,
  "final_position_score": 0.7621622809828424,
  "final_text_color_score": 0.9202932569719695,
  "final_clip_score": 0.9641748666763306
}