{
  "sum_areas": 0.28903211805555556,
  "final_score": 0.9300777801693881,
  "final_size_score": 0.9910576186686287,
  "final_matched_text_score": 0.9836370632870906,
  "final_position_score": 0.840655637254902,
  "final_text_color_score": 0.9421047361162993,
  "final_clip_score": 0.8929338455200195
}