{
  "sum_areas": 0.18391517404649949,
  "final_score": 0.9182217082443995,
  "final_size_score": 0.9988377794213653,
  "final_matched_text_score": 0.995311044107722,
  "final_position_score": 0.7897560458904993,
  "final_text_color_score": 0.8822808478964658,
  "final_clip_score": 0.9249228239059448
}