{
  "sum_areas": 0.3743414685339428,
  "final_score": 0.8968475098001104,
  "final_size_score": 0.9444415250039552,
  "final_matched_text_score": 0.9542807798756172,
  "final_position_score": 0.930924847005327,
  "final_text_color_score": 0.7659731199702673,
  "final_clip_score": 0.8886172771453857
}