{
  "sum_areas": 0.12583578910994112,
  "final_score": 0.7901886838478601,
  "final_size_score": 0.4507554460827969,
  "final_matched_text_score": 0.9288766599111428,
  "final_position_score": 0.7940258205443131,
  "final_text_color_score": 0.8958642843193948,
  "final_clip_score": 0.8814212083816528
}