{
  "sum_areas": 0.10954003439231261,
  "final_score": 0.7758243619857849,
  "final_size_score": 0.2616185181381271,
  "final_matched_text_score": 0.8619047619047618,
  "final_position_score": 0.8583545631095111,
  "final_text_color_score": 0.9719233414713481,
  "final_clip_score": 0.9253206253051758
}