{
  "sum_areas": 0.6050002949440635,
  "final_score": 0.8945815519285404,
  "final_size_score": 0.9999999999999998,
  "final_matched_text_score": 0.9436534831920037,
  "final_position_score": 0.8521883586750716,
  "final_text_color_score": 0.7590646832442247,
  "final_clip_score": 0.9180012345314026
}