{
  "sum_areas": 0.16737270559052178,
  "final_score": 0.9323573378621699,
  "final_size_score": 0.995165328324077,
  "final_matched_text_score": 0.9899390774085507,
  "final_position_score": 0.8623810272369996,
  "final_text_color_score": 0.8976944724743405,
  "final_clip_score": 0.9166067838668823
}