{
  "sum_areas": 0.16332017363137094,
  "final_score": 0.7494025130523504,
  "final_size_score": 0.5563528796892232,
  "final_matched_text_score": 0.9736779157613571,
  "final_position_score": 0.7770732849667247,
  "final_text_color_score": 0.5708367628138069,
  "final_clip_score": 0.8690717220306396
}