{
  "sum_areas": 0.30596634591477256,
  "final_score": 0.8478856077587924,
  "final_size_score": 0.6221345602642301,
  "final_matched_text_score": 0.970037689471239,
  "final_position_score": 0.8773896145328428,
  "final_text_color_score": 0.9025726974672398,
  "final_clip_score": 0.8672934770584106
}