{
  "sum_areas": 0.17593354561537375,
  "final_score": 0.8906173549211259,
  "final_size_score": 0.9805513434376028,
  "final_matched_text_score": 0.9704789505702198,
  "final_position_score": 0.7893088784433804,
  "final_text_color_score": 0.8315440103308485,
  "final_clip_score": 0.8812035918235779
}