{
  "sum_areas": 0.20097914377028225,
  "final_score": 0.9174444690214122,
  "final_size_score": 0.8739875831169707,
  "final_matched_text_score": 0.9555945785083593,
  "final_position_score": 0.9041487044645298,
  "final_text_color_score": 0.9339833794612318,
  "final_clip_score": 0.9195080995559692
}