{
  "sum_areas": 0.29495732796904917,
  "final_score": 0.8981904639793936,
  "final_size_score": 0.9300192548888955,
  "final_matched_text_score": 0.9649714523267399,
  "final_position_score": 0.8966283661124929,
  "final_text_color_score": 0.7672481497327496,
  "final_clip_score": 0.9320850968360901
}