{
  "sum_areas": 0.4014554278581267,
  "final_score": 0.7494099541551731,
  "final_size_score": 0.4190145242980772,
  "final_matched_text_score": 0.9917908657964163,
  "final_position_score": 0.7412783357565553,
  "final_text_color_score": 0.8413985877257195,
  "final_clip_score": 0.7535674571990967
}