{
  "sum_areas": 0.024621846846049934,
  "final_score": 0.903672304116582,
  "final_size_score": 0.9209714389472838,
  "final_matched_text_score": 1.0,
  "final_position_score": 0.9086144527063204,
  "final_text_color_score": 0.7565108836938625,
  "final_clip_score": 0.9322647452354431
}