{
  "sum_areas": 0.3813532786934661,
  "final_score": 0.8634531553807658,
  "final_size_score": 0.6379519662228889,
  "final_matched_text_score": 0.9897432125468401,
  "final_position_score": 0.9019373227612187,
  "final_text_color_score": 0.884371792657275,
  "final_clip_score": 0.9032614827156067
}