{
  "sum_areas": 0.2078114278962845,
  "final_score": 0.959287368511178,
  "final_size_score": 1.0,
  "final_matched_text_score": 0.9995577178239717,
  "final_position_score": 0.9427786052691242,
  "final_text_color_score": 0.9192082226717176,
  "final_clip_score": 0.9348922967910767
}