{
  "sum_areas": 0.16257260735392579,
  "final_score": 0.9086121360694244,
  "final_size_score": 0.9405406163605706,
  "final_matched_text_score": 0.9907519629601698,
  "final_position_score": 0.8641462444960603,
  "final_text_color_score": 0.8385539873439192,
  "final_clip_score": 0.9090678691864014
}