{
  "sum_areas": 0.08648011131964108,
  "final_score": 0.9270780938618934,
  "final_size_score": 0.9429005816582677,
  "final_matched_text_score": 0.9863018105094736,
  "final_position_score": 0.8392813723381215,
  "final_text_color_score": 0.9461160325013578,
  "final_clip_score": 0.9207906723022461
}