{
  "sum_areas": 0.14263358692235684,
  "final_score": 0.9234545062703122,
  "final_size_score": 0.994197293155506,
  "final_matched_text_score": 0.9912548836375021,
  "final_position_score": 0.9001939233643645,
  "final_text_color_score": 0.8531856338652392,
  "final_clip_score": 0.878440797328949
}