{
  "sum_areas": 0.24666070493115036,
  "final_score": 0.8243303359009165,
  "final_size_score": 0.5021605626491915,
  "final_matched_text_score": 0.9818869691367907,
  "final_position_score": 0.8759882267651405,
  "final_text_color_score": 0.8413324841782518,
  "final_clip_score": 0.9202834367752075
}