{
  "sum_areas": 0.48320612600726276,
  "final_score": 0.7614653740151129,
  "final_size_score": 0.38375854708760715,
  "final_matched_text_score": 0.9377919278626117,
  "final_position_score": 0.7985270221043642,
  "final_text_color_score": 0.8081883893631443,
  "final_clip_score": 0.8790609836578369
}