{
  "sum_areas": 0.5259821545234671,
  "final_score": 0.9030301522238411,
  "final_size_score": 0.9998041340810978,
  "final_matched_text_score": 0.9081877800717201,
  "final_position_score": 0.9198953284508002,
  "final_text_color_score": 0.729880720320702,
  "final_clip_score": 0.9573827981948853
}