{
  "sum_areas": 0.3328428583727852,
  "final_score": 0.9007242807085017,
  "final_size_score": 0.9844389557224177,
  "final_matched_text_score": 0.971097859577402,
  "final_position_score": 0.8320318070518794,
  "final_text_color_score": 0.8289071427249289,
  "final_clip_score": 0.8871456384658813
}