{
  "sum_areas": 0.152304276063355,
  "final_score": 0.8332428007920776,
  "final_size_score": 0.601978866917049,
  "final_matched_text_score": 0.9594829230260421,
  "final_position_score": 0.8931570938318585,
  "final_text_color_score": 0.772703113311353,
  "final_clip_score": 0.9388920068740845
}