{
  "sum_areas": 0.602667820567356,
  "final_score": 0.7723818490628246,
  "final_size_score": 0.1645787570790076,
  "final_matched_text_score": 0.9564261628315329,
  "final_position_score": 0.9222880530459066,
  "final_text_color_score": 0.8888143910443518,
  "final_clip_score": 0.929801881313324
}