{
  "sum_areas": 0.3424736171279802,
  "final_score": 0.7027294371937401,
  "final_size_score": 0.16154064291154369,
  "final_matched_text_score": 0.9789189292396991,
  "final_position_score": 0.7396571054460265,
  "final_text_color_score": 0.7355428446255515,
  "final_clip_score": 0.8979876637458801
}