{
  "sum_areas": 0.3629148077553246,
  "final_score": 0.9143837963822851,
  "final_size_score": 0.9958493203427368,
  "final_matched_text_score": 0.9803973078782144,
  "final_position_score": 0.8912785985998715,
  "final_text_color_score": 0.8361555444125021,
  "final_clip_score": 0.8682382106781006
}