{
  "sum_areas": 0.6564078708393946,
  "final_score": 0.9083298552387333,
  "final_size_score": 0.9959100208376804,
  "final_matched_text_score": 0.9348682164287995,
  "final_position_score": 0.8689163941903751,
  "final_text_color_score": 0.7935323916049447,
  "final_clip_score": 0.9484222531318665
}