{
  "sum_areas": 0.24202884520166604,
  "final_score": 0.7335460606303293,
  "final_size_score": 0.42459573096955117,
  "final_matched_text_score": 0.9077264652517218,
  "final_position_score": 0.8591922418015333,
  "final_text_color_score": 0.6191879768308056,
  "final_clip_score": 0.8570278882980347
}