{
  "sum_areas": 0.4061199940094817,
  "final_score": 0.8451481461303244,
  "final_size_score": 0.5732205607540579,
  "final_matched_text_score": 0.9606368184418287,
  "final_position_score": 0.7611092126132487,
  "final_text_color_score": 0.9768589004620546,
  "final_clip_score": 0.9539152383804321
}