{
  "sum_areas": 0.07723502611783062,
  "final_score": 0.900638787031835,
  "final_size_score": 0.9964491994318864,
  "final_matched_text_score": 0.9743776889659709,
  "final_position_score": 0.9497838190830645,
  "final_text_color_score": 0.6650808244189749,
  "final_clip_score": 0.9175024032592773
}