{
  "sum_areas": 0.27661649206340766,
  "final_score": 0.9100723431183906,
  "final_size_score": 0.9839669269335207,
  "final_matched_text_score": 0.9841087343103472,
  "final_position_score": 0.8468872785574284,
  "final_text_color_score": 0.8010395829424504,
  "final_clip_score": 0.9343591928482056
}