{
  "sum_areas": 0.09787540490213957,
  "final_score": 0.8604160420444906,
  "final_size_score": 0.9702502214989284,
  "final_matched_text_score": 0.965498159300424,
  "final_position_score": 0.6512368538098152,
  "final_text_color_score": 0.777090481899907,
  "final_clip_score": 0.9380044937133789
}