{
  "sum_areas": 0.5479123034805892,
  "final_score": 0.8306220797962237,
  "final_size_score": 0.5703407422450084,
  "final_matched_text_score": 0.9059291314203142,
  "final_position_score": 0.906883660456141,
  "final_text_color_score": 0.8233129163046616,
  "final_clip_score": 0.9466439485549927
}