{
  "sum_areas": 0.5199327930025208,
  "final_score": 0.9503181817850339,
  "final_size_score": 1.0,
  "final_matched_text_score": 0.971010293681317,
  "final_position_score": 0.9153029698444153,
  "final_text_color_score": 0.9503728125594711,
  "final_clip_score": 0.9149048328399658
}