{
  "sum_areas": 0.17008394048455058,
  "final_score": 0.9188514060561854,
  "final_size_score": 0.9965937176024159,
  "final_matched_text_score": 0.9911439987029881,
  "final_position_score": 0.9036241984451255,
  "final_text_color_score": 0.7796701895355244,
  "final_clip_score": 0.923224925994873
}