{
  "sum_areas": 0.25553754116236377,
  "final_score": 0.9067066137915889,
  "final_size_score": 0.993207564428541,
  "final_matched_text_score": 0.9881278115569874,
  "final_position_score": 0.9228757732694723,
  "final_text_color_score": 0.7343640196556418,
  "final_clip_score": 0.8949579000473022
}