{
  "sum_areas": 0.10389355240811195,
  "final_score": 0.9335351233323274,
  "final_size_score": 0.946134180961012,
  "final_matched_text_score": 0.9848759060272151,
  "final_position_score": 0.9245218343209409,
  "final_text_color_score": 0.8843228340129002,
  "final_clip_score": 0.9278208613395691
}