{
  "sum_areas": 0.19678966932114292,
  "final_score": 0.8974243269679637,
  "final_size_score": 0.8725347819278377,
  "final_matched_text_score": 0.9555945785083593,
  "final_position_score": 0.9075918545059704,
  "final_text_color_score": 0.8745308606096259,
  "final_clip_score": 0.8768695592880249
}