{
  "sum_areas": 0.45591739049587926,
  "final_score": 0.9253747624479403,
  "final_size_score": 0.9058622479956041,
  "final_matched_text_score": 0.9714695754844551,
  "final_position_score": 0.9615758424642841,
  "final_text_color_score": 0.8750623605897916,
  "final_clip_score": 0.9129037857055664
}