{
  "sum_areas": 0.3218138458507244,
  "final_score": 0.947545254220588,
  "final_size_score": 0.9861570923714725,
  "final_matched_text_score": 0.9459949163497463,
  "final_position_score": 0.8573940324784505,
  "final_text_color_score": 0.9823015048513909,
  "final_clip_score": 0.9658787250518799
}