{
  "sum_areas": 0.10457831609765311,
  "final_score": 0.8429985833554486,
  "final_size_score": 0.6457367407395282,
  "final_matched_text_score": 0.9020080281382271,
  "final_position_score": 0.8333513995979465,
  "final_text_color_score": 0.9036346595259067,
  "final_clip_score": 0.9302620887756348
}