{
  "sum_areas": 0.20328031953101466,
  "final_score": 0.955950060301193,
  "final_size_score": 0.9999999999999998,
  "final_matched_text_score": 0.9878623912499392,
  "final_position_score": 0.9447933771383028,
  "final_text_color_score": 0.8995195004066946,
  "final_clip_score": 0.947575032711029
}