{
  "sum_areas": 0.5053393779745061,
  "final_score": 0.9540701332604016,
  "final_size_score": 1.0,
  "final_matched_text_score": 0.9943385799089512,
  "final_position_score": 0.8765220468258759,
  "final_text_color_score": 0.9302729775707209,
  "final_clip_score": 0.96921706199646
}