{
  "sum_areas": 0.09389800540654017,
  "final_score": 0.8524764801935666,
  "final_size_score": 0.8086877414847028,
  "final_matched_text_score": 0.9314936672782405,
  "final_position_score": 0.8455090496927259,
  "final_text_color_score": 0.7344437769047116,
  "final_clip_score": 0.9422481656074524
}