{
  "sum_areas": 0.29820419018718464,
  "final_score": 0.9233420130579693,
  "final_size_score": 1.0,
  "final_matched_text_score": 0.9950275876578718,
  "final_position_score": 0.8864236107613973,
  "final_text_color_score": 0.8054507866741965,
  "final_clip_score": 0.9298080801963806
}