{
  "sum_areas": 0.35550691754927416,
  "final_score": 0.8413218633472813,
  "final_size_score": 0.5573738236570805,
  "final_matched_text_score": 0.9576992671366472,
  "final_position_score": 0.7439034598214287,
  "final_text_color_score": 0.9785006407435943,
  "final_clip_score": 0.969132125377655
}