{
  "sum_areas": 0.13617254272604218,
  "final_score": 0.931305093814701,
  "final_size_score": 0.9939223006914134,
  "final_matched_text_score": 0.9914711798442676,
  "final_position_score": 0.8826466125310468,
  "final_text_color_score": 0.8980077186886616,
  "final_clip_score": 0.8904776573181152
}