{
  "sum_areas": 0.32230456359063453,
  "final_score": 0.8762897350869283,
  "final_size_score": 0.9559977492591643,
  "final_matched_text_score": 0.9641658310288614,
  "final_position_score": 0.8991617693932377,
  "final_text_color_score": 0.6174137863399255,
  "final_clip_score": 0.9447095394134521
}