{
  "sum_areas": 0.11461762359704011,
  "final_score": 0.8848994732374988,
  "final_size_score": 0.8302951244612774,
  "final_matched_text_score": 0.9993006993006993,
  "final_position_score": 0.8575278470980664,
  "final_text_color_score": 0.8119506692425513,
  "final_clip_score": 0.9254230260848999
}