{
  "sum_areas": 0.1190407227551925,
  "final_score": 0.5792768157230864,
  "final_size_score": 0.12761696163194738,
  "final_matched_text_score": 0.8695652173913043,
  "final_position_score": 0.5618889311043567,
  "final_text_color_score": 0.5556181390238649,
  "final_clip_score": 0.7816948294639587
}