{
  "sum_areas": 0.19111495816902177,
  "final_score": 0.5054669411222328,
  "final_size_score": 0.008912972024974982,
  "final_matched_text_score": 0.5217391304347826,
  "final_position_score": 0.529296875,
  "final_text_color_score": 0.6548529455967798,
  "final_clip_score": 0.8125327825546265
}