{
  "sum_areas": 0.2002820165439691,
  "final_score": 0.671757287045531,
  "final_size_score": 0.07993687632463188,
  "final_matched_text_score": 0.5283018867924528,
  "final_position_score": 0.9515625,
  "final_text_color_score": 0.8661097772894027,
  "final_clip_score": 0.932875394821167
}