{
  "sum_areas": 0.07391884858911515,
  "final_score": 0.5511648783595631,
  "final_size_score": 0.03593839731581889,
  "final_matched_text_score": 0.75,
  "final_position_score": 0.6485699177507542,
  "final_text_color_score": 0.5101751818414104,
  "final_clip_score": 0.8111408948898315
}