{
  "sum_areas": 0.30631322030191105,
  "final_score": 0.6648957688637851,
  "final_size_score": 0.22878693318067167,
  "final_matched_text_score": 0.7639424386961333,
  "final_position_score": 0.6902614519788025,
  "final_text_color_score": 0.7051600265935359,
  "final_clip_score": 0.9363279938697815
}