{
  "sum_areas": 0.17045035119899785,
  "final_score": 0.6335965540493753,
  "final_size_score": 0.23986482607019538,
  "final_matched_text_score": 0.7807692307692308,
  "final_position_score": 0.8675137198759246,
  "final_text_color_score": 0.5851016122601633,
  "final_clip_score": 0.6947333812713623
}