{
  "sum_areas": 0.23370394687076024,
  "final_score": 0.6320048864300954,
  "final_size_score": 0.13496704645149205,
  "final_matched_text_score": 0.8269230769230769,
  "final_position_score": 0.6716796875,
  "final_text_color_score": 0.7096651134100023,
  "final_clip_score": 0.8167895078659058
}