{
  "sum_areas": 0.1593634218017547,
  "final_score": 0.629221457536115,
  "final_size_score": 0.10205940011273838,
  "final_matched_text_score": 0.927536231884058,
  "final_position_score": 0.8513778031166856,
  "final_text_color_score": 0.43053686102809174,
  "final_clip_score": 0.8345969915390015
}