{
  "sum_areas": 0.05873386265142022,
  "final_score": 0.6784045433198373,
  "final_size_score": 0.11112260934379413,
  "final_matched_text_score": 0.6568627450980392,
  "final_position_score": 0.7803153717627402,
  "final_text_color_score": 0.959851209926626,
  "final_clip_score": 0.8838707804679871
}