{
  "sum_areas": 0.24962257217015366,
  "final_score": 0.5180161609300444,
  "final_size_score": 0.005185456340559479,
  "final_matched_text_score": 1.0,
  "final_position_score": 0.7743784822802762,
  "final_text_color_score": 1.509796425658294e-07,
  "final_clip_score": 0.8105167150497437
}