{
  "sum_areas": 0.04461688299207792,
  "final_score": 0.5137588309992113,
  "final_size_score": 0.08877942967638958,
  "final_matched_text_score": 0.6485507246376812,
  "final_position_score": 0.2024040491664831,
  "final_text_color_score": 0.7283316662028501,
  "final_clip_score": 0.9007282853126526
}