{
  "sum_areas": 0.12050922039119724,
  "final_score": 0.568942791163237,
  "final_size_score": 0.17499191785752094,
  "final_matched_text_score": 0.7210366694237661,
  "final_position_score": 0.6630034260384771,
  "final_text_color_score": 0.3991149459220189,
  "final_clip_score": 0.8865669965744019
}