{
  "sum_areas": 0.36794530100509654,
  "final_score": 0.5755422891316148,
  "final_size_score": 0.10740676009300601,
  "final_matched_text_score": 0.6860384546617337,
  "final_position_score": 0.516569223200778,
  "final_text_color_score": 0.6600921941268112,
  "final_clip_score": 0.9076048135757446
}