{
  "sum_areas": 0.23387179216018045,
  "final_score": 0.5472505080754481,
  "final_size_score": 0.10717634025299666,
  "final_matched_text_score": 0.6102940737423497,
  "final_position_score": 0.5197159651720248,
  "final_text_color_score": 0.7112405767982478,
  "final_clip_score": 0.7878255844116211
}