{
  "sum_areas": 0.2534187121539792,
  "final_score": 0.5618894989450735,
  "final_size_score": 0.004600618097494987,
  "final_matched_text_score": 0.6153846153846154,
  "final_position_score": 0.35783833141099575,
  "final_text_color_score": 0.9947440207937169,
  "final_clip_score": 0.8368799090385437
}