{
  "sum_areas": 0.276491274772722,
  "final_score": 0.6073516780876951,
  "final_size_score": 0.03344940512975046,
  "final_matched_text_score": 0.7068965517241379,
  "final_position_score": 0.7591428362029268,
  "final_text_color_score": 0.6477712443772043,
  "final_clip_score": 0.8894983530044556
}