{
  "sum_areas": 0.08342737435894873,
  "final_score": 0.5442542844524468,
  "final_size_score": 0.05612535745454666,
  "final_matched_text_score": 0.748741418764302,
  "final_position_score": 0.41227947750173544,
  "final_text_color_score": 0.7037959601676265,
  "final_clip_score": 0.8003292083740234
}