{
  "sum_areas": 0.12861838771006479,
  "final_score": 0.6083268315132789,
  "final_size_score": 0.2714422327780893,
  "final_matched_text_score": 0.7551678719516669,
  "final_position_score": 0.7264714618476724,
  "final_text_color_score": 0.5306274382103401,
  "final_clip_score": 0.7579251527786255
}