{
  "sum_areas": 0.0700482011717985,
  "final_score": 0.5937448526042867,
  "final_size_score": 0.24802047809033873,
  "final_matched_text_score": 0.9411764705882352,
  "final_position_score": 0.481640625,
  "final_text_color_score": 0.4441167909282477,
  "final_clip_score": 0.8537698984146118
}