{
  "sum_areas": 0.15654375960321767,
  "final_score": 0.5750484628084309,
  "final_size_score": 0.02016364569828543,
  "final_matched_text_score": 0.8823529411764706,
  "final_position_score": 0.578402928416486,
  "final_text_color_score": 0.5636396270017976,
  "final_clip_score": 0.830683171749115
}