{
  "sum_areas": 0.07507544098957507,
  "final_score": 0.47424028919228267,
  "final_size_score": 0.016966069958218567,
  "final_matched_text_score": 0.5,
  "final_position_score": 0.31771577026812636,
  "final_text_color_score": 0.7510954328568028,
  "final_clip_score": 0.7854241728782654
}