{
  "sum_areas": 0.125976640675032,
  "final_score": 0.506903623238798,
  "final_size_score": 0.06169799108763496,
  "final_matched_text_score": 0.8422459893048129,
  "final_position_score": 0.34480017211015057,
  "final_text_color_score": 0.4875674555317539,
  "final_clip_score": 0.7982065081596375
}