{
  "sum_areas": 0.235724158368205,
  "final_score": 0.7940813015948308,
  "final_size_score": 0.7846153059720357,
  "final_matched_text_score": 0.9631276079276002,
  "final_position_score": 0.6772980539675862,
  "final_text_color_score": 0.6983541527587569,
  "final_clip_score": 0.847011387348175
}