{
  "sum_areas": 0.13191069065913846,
  "final_score": 0.9215902946877015,
  "final_size_score": 0.951988970401093,
  "final_matched_text_score": 0.9820631014232327,
  "final_position_score": 0.9350020194869878,
  "final_text_color_score": 0.8064061988462489,
  "final_clip_score": 0.9324911832809448
}