{
  "sum_areas": 0.1392009855986199,
  "final_score": 0.9121970326954542,
  "final_size_score": 0.9822741952171787,
  "final_matched_text_score": 0.9709300854998391,
  "final_position_score": 0.8005535130606045,
  "final_text_color_score": 0.8975701297857075,
  "final_clip_score": 0.9096572399139404
}