{
  "sum_areas": 0.28930962356498563,
  "final_score": 0.8974112359255287,
  "final_size_score": 0.9956953127292193,
  "final_matched_text_score": 0.9463070555511728,
  "final_position_score": 0.8082078036740814,
  "final_text_color_score": 0.7878762262743966,
  "final_clip_score": 0.9489697813987732
}