{
  "sum_areas": 0.03613070808506265,
  "final_score": 0.9238907378043099,
  "final_size_score": 0.88226449528912,
  "final_matched_text_score": 0.9978632478632478,
  "final_position_score": 0.9341045673076922,
  "final_text_color_score": 0.8962811825241968,
  "final_clip_score": 0.9089401960372925
}