{
  "sum_areas": 0.1850082903193656,
  "final_score": 0.9244271560610202,
  "final_size_score": 0.9654588853361792,
  "final_matched_text_score": 0.989712869599758,
  "final_position_score": 0.8759880134461272,
  "final_text_color_score": 0.8460430743009663,
  "final_clip_score": 0.9449329376220703
}