{
  "sum_areas": 0.08015113386782392,
  "final_score": 0.9087049570276744,
  "final_size_score": 0.9061306899072834,
  "final_matched_text_score": 0.9941981110543985,
  "final_position_score": 0.8749688251856618,
  "final_text_color_score": 0.8579928269063716,
  "final_clip_score": 0.9102343320846558
}