{
  "sum_areas": 0.1332280570553042,
  "final_score": 0.8640189266455249,
  "final_size_score": 0.7118741410354971,
  "final_matched_text_score": 0.9938978216247746,
  "final_position_score": 0.8360612226750834,
  "final_text_color_score": 0.8447175273753015,
  "final_clip_score": 0.9335439205169678
}