{
  "sum_areas": 0.1282327080836346,
  "final_score": 0.9502122696917207,
  "final_size_score": 0.9519034865104781,
  "final_matched_text_score": 1.0,
  "final_position_score": 0.8992478386047571,
  "final_text_color_score": 0.9637655521748505,
  "final_clip_score": 0.9361444711685181
}