{
  "sum_areas": 0.20139850926837272,
  "final_score": 0.8951017773382299,
  "final_size_score": 0.9970601119295568,
  "final_matched_text_score": 0.9669108964526484,
  "final_position_score": 0.7322262733234067,
  "final_text_color_score": 0.8498227076619294,
  "final_clip_score": 0.9294888973236084
}