{
  "sum_areas": 0.519694690702164,
  "final_score": 0.8314353577180573,
  "final_size_score": 0.5612464670572332,
  "final_matched_text_score": 0.9049401070953963,
  "final_position_score": 0.8870049786568587,
  "final_text_color_score": 0.8503398872319091,
  "final_clip_score": 0.9536453485488892
}