{
  "sum_areas": 0.10862716500260096,
  "final_score": 0.7777381582737498,
  "final_size_score": 0.26082001308767233,
  "final_matched_text_score": 0.8619047619047618,
  "final_position_score": 0.8549248260318283,
  "final_text_color_score": 0.9719233414713481,
  "final_clip_score": 0.9391178488731384
}