{
  "sum_areas": 0.41767550697328193,
  "final_score": 0.8806904683410872,
  "final_size_score": 0.8087541493353135,
  "final_matched_text_score": 0.9526768844192226,
  "final_position_score": 0.9007632699945024,
  "final_text_color_score": 0.8511428960878067,
  "final_clip_score": 0.8901151418685913
}