{
  "sum_areas": 0.02435348303575359,
  "final_score": 0.8918165854750584,
  "final_size_score": 0.9046965608102072,
  "final_matched_text_score": 1.0,
  "final_position_score": 0.864453125,
  "final_text_color_score": 0.752477885444021,
  "final_clip_score": 0.9374553561210632
}