{
  "sum_areas": 0.2710931645795737,
  "final_score": 0.9218682482854794,
  "final_size_score": 0.9938298254111161,
  "final_matched_text_score": 0.9396950466224329,
  "final_position_score": 0.8675037255294111,
  "final_text_color_score": 0.8696292532470661,
  "final_clip_score": 0.9386833906173706
}