{
  "sum_areas": 0.3171642776002917,
  "final_score": 0.9025535092280915,
  "final_size_score": 0.9426966904833732,
  "final_matched_text_score": 0.9537237136399641,
  "final_position_score": 0.8084335417240746,
  "final_text_color_score": 0.8766708362969214,
  "final_clip_score": 0.9312427639961243
}