{
  "sum_areas": 0.2906001099461302,
  "final_score": 0.9333381710443949,
  "final_size_score": 1.0000000000000002,
  "final_matched_text_score": 0.9827445956155568,
  "final_position_score": 0.8297641636278618,
  "final_text_color_score": 0.900721343014535,
  "final_clip_score": 0.9534607529640198
}