{
  "sum_areas": 0.5569207955922217,
  "final_score": 0.7269387941150822,
  "final_size_score": 0.13505879878862087,
  "final_matched_text_score": 0.9653406030402836,
  "final_position_score": 0.8996160021199591,
  "final_text_color_score": 0.689504349402426,
  "final_clip_score": 0.9451742172241211
}