{
  "sum_areas": 0.03845940800258951,
  "final_score": 0.8971097706200869,
  "final_size_score": 0.921596174476022,
  "final_matched_text_score": 0.9722222222222222,
  "final_position_score": 0.8113884924858102,
  "final_text_color_score": 0.8543948937946153,
  "final_clip_score": 0.9259470701217651
}