{
  "sum_areas": 0.22523725038000894,
  "final_score": 0.9426605535180572,
  "final_size_score": 0.9961570124462417,
  "final_matched_text_score": 0.9843975955431065,
  "final_position_score": 0.9297207479836133,
  "final_text_color_score": 0.8783493243828275,
  "final_clip_score": 0.9246780872344971
}