{
  "sum_areas": 0.3118550347650127,
  "final_score": 0.885323790749048,
  "final_size_score": 0.9838736486577873,
  "final_matched_text_score": 0.9321901576508317,
  "final_position_score": 0.8207513787115773,
  "final_text_color_score": 0.760900308222419,
  "final_clip_score": 0.9289034605026245
}