{
  "sum_areas": 0.08858756365833427,
  "final_score": 0.9503536676914792,
  "final_size_score": 0.9999183969520884,
  "final_matched_text_score": 0.9904014636157493,
  "final_position_score": 0.8994794806104556,
  "final_text_color_score": 0.9247847826871216,
  "final_clip_score": 0.93718421459198
}