{
  "sum_areas": 0.17458390068990556,
  "final_score": 0.8714173158043312,
  "final_size_score": 0.8150971712099457,
  "final_matched_text_score": 0.9977889933093553,
  "final_position_score": 0.8550022737905706,
  "final_text_color_score": 0.7960576458883294,
  "final_clip_score": 0.8931404948234558
}