{
  "sum_areas": 0.8425217416817875,
  "final_score": 0.8999058081779477,
  "final_size_score": 0.8516820156345342,
  "final_matched_text_score": 0.9452346843598801,
  "final_position_score": 0.8416154690445045,
  "final_text_color_score": 0.9359961446741537,
  "final_clip_score": 0.9250007271766663
}