{
  "sum_areas": 0.2094381123833221,
  "final_score": 0.9210981922856298,
  "final_size_score": 0.9650114530766007,
  "final_matched_text_score": 0.965473177434058,
  "final_position_score": 0.7733603590305893,
  "final_text_color_score": 0.981183959595946,
  "final_clip_score": 0.9204620122909546
}