{
  "sum_areas": 0.18557125025896826,
  "final_score": 0.9309163337503468,
  "final_size_score": 0.9949595531185933,
  "final_matched_text_score": 0.9951635191156148,
  "final_position_score": 0.7489788720966668,
  "final_text_color_score": 0.9657557654517431,
  "final_clip_score": 0.9497239589691162
}