{
  "sum_areas": 0.2732420383287164,
  "final_score": 0.8752741340602503,
  "final_size_score": 0.887974632011812,
  "final_matched_text_score": 0.9912756855319448,
  "final_position_score": 0.9249123004014961,
  "final_text_color_score": 0.6265488321373398,
  "final_clip_score": 0.9456592202186584
}