{
  "sum_areas": 0.09791616019380353,
  "final_score": 0.8328526415311939,
  "final_size_score": 0.9943983470333263,
  "final_matched_text_score": 0.9726934878190236,
  "final_position_score": 0.7985612858593739,
  "final_text_color_score": 0.47441306879773076,
  "final_clip_score": 0.9241970181465149
}