{
  "sum_areas": 0.7129845299006179,
  "final_score": 0.9080969974814107,
  "final_size_score": 0.9962345683515884,
  "final_matched_text_score": 0.9387711714075893,
  "final_position_score": 0.8198744873715688,
  "final_text_color_score": 0.8348002883067025,
  "final_clip_score": 0.9508044719696045
}