{
  "sum_areas": 0.024875217013888888,
  "final_score": 0.925765157540718,
  "final_size_score": 0.9856052344601963,
  "final_matched_text_score": 1.0,
  "final_position_score": 0.784375,
  "final_text_color_score": 0.9960362528207245,
  "final_clip_score": 0.8628093004226685
}