{
  "sum_areas": 0.4756990338305228,
  "final_score": 0.8689441618083494,
  "final_size_score": 0.7756843689624069,
  "final_matched_text_score": 0.8905446409302226,
  "final_position_score": 0.9221707700371424,
  "final_text_color_score": 0.8274750274869144,
  "final_clip_score": 0.928846001625061
}