{
  "sum_areas": 0.16410947474551416,
  "final_score": 0.9181596188687721,
  "final_size_score": 1.0,
  "final_matched_text_score": 0.9912548836375021,
  "final_position_score": 0.8229007163704853,
  "final_text_color_score": 0.9477970529944726,
  "final_clip_score": 0.8288454413414001
}