{
  "sum_areas": 0.08054074938743876,
  "final_score": 0.9525224141074997,
  "final_size_score": 0.9965942459456107,
  "final_matched_text_score": 0.985368130507489,
  "final_position_score": 0.8880495462120618,
  "final_text_color_score": 0.9537590433648906,
  "final_clip_score": 0.9388411045074463
}