{
  "sum_areas": 0.004967447916666667,
  "final_score": 0.8863637205388601,
  "final_size_score": 0.9670161642638706,
  "final_matched_text_score": 1.0,
  "final_position_score": 0.8393663194444445,
  "final_text_color_score": 0.7051920212763292,
  "final_clip_score": 0.9202440977096558
}