{
  "sum_areas": 0.41938002339864056,
  "final_score": 0.7765145997419881,
  "final_size_score": 0.6212075795641004,
  "final_matched_text_score": 0.8663389448382222,
  "final_position_score": 0.7808746786643951,
  "final_text_color_score": 0.7139974434551122,
  "final_clip_score": 0.9001543521881104
}