{
  "sum_areas": 0.16879697474551414,
  "final_score": 0.9004419126502772,
  "final_size_score": 1.0,
  "final_matched_text_score": 0.9912548836375021,
  "final_position_score": 0.7823154648081052,
  "final_text_color_score": 0.822274058632072,
  "final_clip_score": 0.906365156173706
}