{
  "sum_areas": 0.2202950112336601,
  "final_score": 0.8921470545127845,
  "final_size_score": 0.8861843254485807,
  "final_matched_text_score": 0.9788803601702856,
  "final_position_score": 0.8296615286048049,
  "final_text_color_score": 0.951964225156962,
  "final_clip_score": 0.8140448331832886
}