{
  "sum_areas": 0.23551161060069223,
  "final_score": 0.7003776024462849,
  "final_size_score": 0.028982170129575408,
  "final_matched_text_score": 1.0,
  "final_position_score": 0.93046875,
  "final_text_color_score": 0.6960159099462393,
  "final_clip_score": 0.8464211821556091
}