{
  "sum_areas": 0.09263638668554353,
  "final_score": 0.8346740877080912,
  "final_size_score": 0.9055042956484192,
  "final_matched_text_score": 0.9693888417787984,
  "final_position_score": 0.7994756358076284,
  "final_text_color_score": 0.6168372466082523,
  "final_clip_score": 0.8821644186973572
}