{
  "sum_areas": 0.1721430613048002,
  "final_score": 0.8502385375976651,
  "final_size_score": 0.9939112466223261,
  "final_matched_text_score": 0.9790368065853157,
  "final_position_score": 0.8187368792741606,
  "final_text_color_score": 0.7145401756649097,
  "final_clip_score": 0.7449675798416138
}