{
  "sum_areas": 0.21970003551816586,
  "final_score": 0.7951704958520588,
  "final_size_score": 0.4853742496101175,
  "final_matched_text_score": 0.9692357271729868,
  "final_position_score": 0.7823197143889096,
  "final_text_color_score": 0.8873717321800768,
  "final_clip_score": 0.8515510559082031
}