{
  "sum_areas": 0.23745249200784438,
  "final_score": 0.6010542107654036,
  "final_size_score": 0.3349210476195494,
  "final_matched_text_score": 0.9645165130905561,
  "final_position_score": 0.6233016489457646,
  "final_text_color_score": 0.2734513626419119,
  "final_clip_score": 0.8090804815292358
}