{
  "sum_areas": 0.018202039930555556,
  "final_score": 0.9404799190380104,
  "final_size_score": 0.9778241430700447,
  "final_matched_text_score": 1.0,
  "final_position_score": 0.8392361111111111,
  "final_text_color_score": 0.9960362528207245,
  "final_clip_score": 0.8893030881881714
}