{
  "sum_areas": 0.3136362848892253,
  "final_score": 0.7854336162471368,
  "final_size_score": 0.42125486441496135,
  "final_matched_text_score": 0.9903577063581714,
  "final_position_score": 0.8149577948151512,
  "final_text_color_score": 0.8609902980639346,
  "final_clip_score": 0.8396074175834656
}