{
  "sum_areas": 0.5589478865630452,
  "final_score": 0.9265373644285632,
  "final_size_score": 0.997564374961408,
  "final_matched_text_score": 0.9909933416782732,
  "final_position_score": 0.8397662783751494,
  "final_text_color_score": 0.9343505438027891,
  "final_clip_score": 0.8700122833251953
}