{
  "sum_areas": 0.3186389326339707,
  "final_score": 0.9238532046890386,
  "final_size_score": 0.9897287499409299,
  "final_matched_text_score": 0.9684422976847582,
  "final_position_score": 0.9089866463635861,
  "final_text_color_score": 0.8143786131549547,
  "final_clip_score": 0.9377297163009644
}