{
  "sum_areas": 0.21058981776510705,
  "final_score": 0.9027329161636785,
  "final_size_score": 0.8768347535174753,
  "final_matched_text_score": 0.9555945785083593,
  "final_position_score": 0.8852327839250161,
  "final_text_color_score": 0.9387124353417841,
  "final_clip_score": 0.8572900295257568
}