{
  "sum_areas": 0.20641475883407503,
  "final_score": 0.8595820309955727,
  "final_size_score": 0.9559866045405949,
  "final_matched_text_score": 0.9761387883495691,
  "final_position_score": 0.7644745096070301,
  "final_text_color_score": 0.7126601927806567,
  "final_clip_score": 0.8886500597000122
}