{
  "sum_areas": 0.18186627138841258,
  "final_score": 0.9243251186131132,
  "final_size_score": 0.9937548173234686,
  "final_matched_text_score": 0.9823212632963048,
  "final_position_score": 0.8722714064923595,
  "final_text_color_score": 0.8814378268511069,
  "final_clip_score": 0.8918402791023254
}