{
  "sum_areas": 0.11833667749475808,
  "final_score": 0.9431327093780555,
  "final_size_score": 0.9936555184715165,
  "final_matched_text_score": 0.9812583403567917,
  "final_position_score": 0.8972116848543467,
  "final_text_color_score": 0.9105237891687733,
  "final_clip_score": 0.9330142140388489
}