{
  "sum_areas": 0.4557457485347664,
  "final_score": 0.9206017287569996,
  "final_size_score": 0.9971772380306769,
  "final_matched_text_score": 0.9213475656329476,
  "final_position_score": 0.8988670169054561,
  "final_text_color_score": 0.8596333942608391,
  "final_clip_score": 0.9259834289550781
}