{
  "sum_areas": 0.14287441640370724,
  "final_score": 0.9000565292769039,
  "final_size_score": 0.9824376550732432,
  "final_matched_text_score": 0.9931017890789022,
  "final_position_score": 0.9101381050902142,
  "final_text_color_score": 0.7290756982240081,
  "final_clip_score": 0.8855293989181519
}