{
  "sum_areas": 0.5018509104224597,
  "final_score": 0.9009556181565209,
  "final_size_score": 0.9963348910208613,
  "final_matched_text_score": 0.8957269338317696,
  "final_position_score": 0.9036626927617218,
  "final_text_color_score": 0.7661643596062401,
  "final_clip_score": 0.9428892135620117
}