{
  "sum_areas": 0.09737086211199737,
  "final_score": 0.911375899515472,
  "final_size_score": 0.8002362398239133,
  "final_matched_text_score": 0.9993006993006993,
  "final_position_score": 0.8813957277647776,
  "final_text_color_score": 0.9167260636667908,
  "final_clip_score": 0.9592207670211792
}