{
  "sum_areas": 0.20122823798579442,
  "final_score": 0.9157287499883,
  "final_size_score": 0.995351735725517,
  "final_matched_text_score": 0.9951635191156148,
  "final_position_score": 0.807586322837178,
  "final_text_color_score": 0.914934314559027,
  "final_clip_score": 0.8656078577041626
}