{
  "sum_areas": 0.15074017120415745,
  "final_score": 0.9145386009602569,
  "final_size_score": 0.9959197841778001,
  "final_matched_text_score": 0.9567518587230556,
  "final_position_score": 0.8475696337244457,
  "final_text_color_score": 0.8276201184500308,
  "final_clip_score": 0.9448316097259521
}