{
  "sum_areas": 0.29869757116091744,
  "final_score": 0.8181456583497859,
  "final_size_score": 0.5593596056033802,
  "final_matched_text_score": 0.9815122126031763,
  "final_position_score": 0.8428607121963451,
  "final_text_color_score": 0.7802524327747083,
  "final_clip_score": 0.9267433285713196
}