{
  "sum_areas": 0.23162184149018006,
  "final_score": 0.8657839179815163,
  "final_size_score": 0.7154286869134757,
  "final_matched_text_score": 0.9874916173084408,
  "final_position_score": 0.8712037906659414,
  "final_text_color_score": 0.8460940751894013,
  "final_clip_score": 0.9087014198303223
}