{
  "sum_areas": 0.20401538990940937,
  "final_score": 0.9030449776223552,
  "final_size_score": 0.978015077743895,
  "final_matched_text_score": 0.9845959345498242,
  "final_position_score": 0.9194930252785303,
  "final_text_color_score": 0.7283705630067203,
  "final_clip_score": 0.9047502875328064
}