{
  "sum_areas": 0.15342073254264535,
  "final_score": 0.8468371761839665,
  "final_size_score": 0.7941079488241229,
  "final_matched_text_score": 0.9895863671983074,
  "final_position_score": 0.7643489155055044,
  "final_text_color_score": 0.7872169277465421,
  "final_clip_score": 0.8989257216453552
}