{
  "sum_areas": 0.14588401721166863,
  "final_score": 0.9196250865550408,
  "final_size_score": 0.9983074879721027,
  "final_matched_text_score": 0.9837838998261673,
  "final_position_score": 0.9288079096984021,
  "final_text_color_score": 0.823563773179837,
  "final_clip_score": 0.8636623620986938
}