{
  "sum_areas": 0.2555240885416667,
  "final_score": 0.9048664712473059,
  "final_size_score": 0.995923411085774,
  "final_matched_text_score": 0.9612312967060197,
  "final_position_score": 0.6656901041666667,
  "final_text_color_score": 0.9883760959901049,
  "final_clip_score": 0.9131114482879639
}