{
  "sum_areas": 0.21249257427765597,
  "final_score": 0.7823426054159244,
  "final_size_score": 0.4292126111275971,
  "final_matched_text_score": 0.9731673576100099,
  "final_position_score": 0.8074237215796387,
  "final_text_color_score": 0.7538966867494057,
  "final_clip_score": 0.94801265001297
}