{
  "sum_areas": 0.11347504547204011,
  "final_score": 0.8759316506308246,
  "final_size_score": 0.8284429364380098,
  "final_matched_text_score": 0.9978354978354979,
  "final_position_score": 0.850281556062713,
  "final_text_color_score": 0.7727901592565004,
  "final_clip_score": 0.9303081035614014
}