{
  "sum_areas": 0.5543457819367152,
  "final_score": 0.7993554184241475,
  "final_size_score": 0.5045239345557218,
  "final_matched_text_score": 0.894993040319051,
  "final_position_score": 0.8377119540126009,
  "final_text_color_score": 0.8571952937227129,
  "final_clip_score": 0.9023528695106506
}