{
  "sum_areas": 0.29746904868541507,
  "final_score": 0.9210482867063547,
  "final_size_score": 0.9943769203461637,
  "final_matched_text_score": 0.8831777335261726,
  "final_position_score": 0.9199968626617621,
  "final_text_color_score": 0.8661270259912058,
  "final_clip_score": 0.9415628910064697
}