{
  "sum_areas": 0.10778168988801158,
  "final_score": 0.7620823692506464,
  "final_size_score": 0.2675682581786306,
  "final_matched_text_score": 0.8791666666666667,
  "final_position_score": 0.7836949006817409,
  "final_text_color_score": 0.9746281765603921,
  "final_clip_score": 0.905353844165802
}