{
  "sum_areas": 0.034827209035606786,
  "final_score": 0.8883125848445547,
  "final_size_score": 0.9433813145533901,
  "final_matched_text_score": 1.0,
  "final_position_score": 0.7978645833333334,
  "final_text_color_score": 0.752477885444021,
  "final_clip_score": 0.9478391408920288
}