{
  "sum_areas": 0.09185372941838127,
  "final_score": 0.8363149843549644,
  "final_size_score": 1.0,
  "final_matched_text_score": 0.9757137340454876,
  "final_position_score": 0.87409375,
  "final_text_color_score": 0.427435515198207,
  "final_clip_score": 0.9043319225311279
}