{
  "sum_areas": 0.5346937434026173,
  "final_score": 0.7005885183369188,
  "final_size_score": 0.061257006302610925,
  "final_matched_text_score": 0.9913043478260869,
  "final_position_score": 0.71267903757755,
  "final_text_color_score": 0.7993993850178662,
  "final_clip_score": 0.9383028149604797
}