{
  "sum_areas": 0.5081178309571829,
  "final_score": 0.9495313840374003,
  "final_size_score": 0.9990797373327233,
  "final_matched_text_score": 0.9698222933396916,
  "final_position_score": 0.9210398315195849,
  "final_text_color_score": 0.9562835570832883,
  "final_clip_score": 0.9014315009117126
}