{
  "sum_areas": 0.36085733381891977,
  "final_score": 0.9132410865314062,
  "final_size_score": 0.9973630348003658,
  "final_matched_text_score": 0.992468312570085,
  "final_position_score": 0.8479407852792317,
  "final_text_color_score": 0.8496687898526247,
  "final_clip_score": 0.8787645101547241
}