{
  "sum_areas": 0.22257559302026786,
  "final_score": 0.8025840162258678,
  "final_size_score": 0.5788348788889012,
  "final_matched_text_score": 0.9772004214529847,
  "final_position_score": 0.8842237605451957,
  "final_text_color_score": 0.7087330598464443,
  "final_clip_score": 0.863927960395813
}