{
  "sum_areas": 0.16926789488440305,
  "final_score": 0.9206268879074163,
  "final_size_score": 1.0,
  "final_matched_text_score": 0.9912548836375021,
  "final_position_score": 0.7876978286030595,
  "final_text_color_score": 0.9041952408615838,
  "final_clip_score": 0.9199864864349365
}