{
  "sum_areas": 0.33896653723919307,
  "final_score": 0.8535120769081385,
  "final_size_score": 0.7453925977432619,
  "final_matched_text_score": 0.9072664000818591,
  "final_position_score": 0.8605075166743551,
  "final_text_color_score": 0.8606867138598807,
  "final_clip_score": 0.8937071561813354
}