{
  "sum_areas": 0.16610005416379708,
  "final_score": 0.9354152773706996,
  "final_size_score": 0.9999999999999998,
  "final_matched_text_score": 0.9979371070974853,
  "final_position_score": 0.911329824108308,
  "final_text_color_score": 0.8687636902477717,
  "final_clip_score": 0.8990457653999329
}