{
  "sum_areas": 0.036511962650702626,
  "final_score": 0.8311036916539538,
  "final_size_score": 0.6119624638792653,
  "final_matched_text_score": 1.0,
  "final_position_score": 0.8648697916666667,
  "final_text_color_score": 0.752477885444021,
  "final_clip_score": 0.9262083172798157
}