{
  "sum_areas": 0.1775427446606516,
  "final_score": 0.8167021343511869,
  "final_size_score": 0.7564849662052177,
  "final_matched_text_score": 0.9863804279912528,
  "final_position_score": 0.905123483201402,
  "final_text_color_score": 0.6324671636016836,
  "final_clip_score": 0.8030546307563782
}