{
  "sum_areas": 0.5519570070697118,
  "final_score": 0.931732894430437,
  "final_size_score": 0.9961352824162791,
  "final_matched_text_score": 0.9470506359726316,
  "final_position_score": 0.9238887009599127,
  "final_text_color_score": 0.8434636559420942,
  "final_clip_score": 0.9481261968612671
}