{
  "sum_areas": 0.18543050409865405,
  "final_score": 0.8908028483174913,
  "final_size_score": 1.0,
  "final_matched_text_score": 0.9964613043741901,
  "final_position_score": 0.8225480562714778,
  "final_text_color_score": 0.7768137483963171,
  "final_clip_score": 0.8581911325454712
}