{
  "sum_areas": 0.35682480504082376,
  "final_score": 0.7962943025170325,
  "final_size_score": 0.5563938750020998,
  "final_matched_text_score": 0.957087022238688,
  "final_position_score": 0.7439034598214287,
  "final_text_color_score": 0.7564932472130096,
  "final_clip_score": 0.9675939083099365
}