{
  "sum_areas": 0.17691784460772955,
  "final_score": 0.887892666050305,
  "final_size_score": 0.9750959542345591,
  "final_matched_text_score": 0.9704789505702198,
  "final_position_score": 0.7883897607963216,
  "final_text_color_score": 0.824211566719516,
  "final_clip_score": 0.8812870979309082
}