{
  "sum_areas": 0.07496310407752,
  "final_score": 0.9364296957554115,
  "final_size_score": 0.9515324509482992,
  "final_matched_text_score": 0.9926981804939748,
  "final_position_score": 0.9364627088730741,
  "final_text_color_score": 0.8523321135212176,
  "final_clip_score": 0.9491230249404907
}