{
  "sum_areas": 0.10457831609765311,
  "final_score": 0.8276223664410719,
  "final_size_score": 0.6457367407395282,
  "final_matched_text_score": 0.9022387685264478,
  "final_position_score": 0.8333513995979465,
  "final_text_color_score": 0.8330595567490299,
  "final_clip_score": 0.9237253665924072
}