{
  "sum_areas": 0.2337648498081842,
  "final_score": 0.8395396691391096,
  "final_size_score": 0.611723353999278,
  "final_matched_text_score": 0.9852881301658566,
  "final_position_score": 0.855293430221225,
  "final_text_color_score": 0.8233631612095489,
  "final_clip_score": 0.9220302700996399
}