{
  "sum_areas": 0.42798867251377243,
  "final_score": 0.8779685352281681,
  "final_size_score": 0.8148235404611767,
  "final_matched_text_score": 0.9526768844192226,
  "final_position_score": 0.893303579706888,
  "final_text_color_score": 0.8355126538876892,
  "final_clip_score": 0.893526017665863
}