{
  "sum_areas": 0.401680336445325,
  "final_score": 0.8340616143273266,
  "final_size_score": 0.9980818802241874,
  "final_matched_text_score": 0.9822293255449754,
  "final_position_score": 0.5511731933442879,
  "final_text_color_score": 0.8094929301640209,
  "final_clip_score": 0.8293307423591614
}