{
  "sum_areas": 0.3458800277734576,
  "final_score": 0.8570534030267805,
  "final_size_score": 0.9886264181291348,
  "final_matched_text_score": 0.927770764664005,
  "final_position_score": 0.8001875819937282,
  "final_text_color_score": 0.7115402787588994,
  "final_clip_score": 0.8571419715881348
}