{
  "sum_areas": 0.3077747058489705,
  "final_score": 0.8489122602118532,
  "final_size_score": 0.6049890637478494,
  "final_matched_text_score": 0.9753876708360033,
  "final_position_score": 0.8832638147859866,
  "final_text_color_score": 0.9068050461993138,
  "final_clip_score": 0.8741157054901123
}