{
  "sum_areas": 0.11461762359704011,
  "final_score": 0.8675788876233803,
  "final_size_score": 0.8302951244612774,
  "final_matched_text_score": 0.9993006993006993,
  "final_position_score": 0.8575278470980664,
  "final_text_color_score": 0.7249344425650858,
  "final_clip_score": 0.9258363246917725
}