{
  "sum_areas": 0.20182471563014698,
  "final_score": 0.9185498500066505,
  "final_size_score": 0.9938939068811037,
  "final_matched_text_score": 0.9942307692307693,
  "final_position_score": 0.8358390528608601,
  "final_text_color_score": 0.8194095340076019,
  "final_clip_score": 0.9493759870529175
}