{
  "sum_areas": 0.13266927183239774,
  "final_score": 0.9172395022614636,
  "final_size_score": 0.983516534493215,
  "final_matched_text_score": 0.9927563157015632,
  "final_position_score": 0.8811129089361711,
  "final_text_color_score": 0.8268432730198747,
  "final_clip_score": 0.9019684791564941
}