{
  "sum_areas": 0.19121191355387784,
  "final_score": 0.9320266674785375,
  "final_size_score": 0.9972518653035958,
  "final_matched_text_score": 0.9841969310997991,
  "final_position_score": 0.9240457875180456,
  "final_text_color_score": 0.8318215828512823,
  "final_clip_score": 0.9228171706199646
}