{
  "sum_areas": 0.20946383389243609,
  "final_score": 0.9157968526860597,
  "final_size_score": 0.9712776980455046,
  "final_matched_text_score": 0.9819602711956056,
  "final_position_score": 0.9157549543875583,
  "final_text_color_score": 0.8239067832220396,
  "final_clip_score": 0.8860845565795898
}