{
  "sum_areas": 0.27697720268310366,
  "final_score": 0.8009405978193173,
  "final_size_score": 0.5661201313975512,
  "final_matched_text_score": 0.9844396755789162,
  "final_position_score": 0.7726300669550988,
  "final_text_color_score": 0.7618004524681806,
  "final_clip_score": 0.9197126626968384
}