{
  "sum_areas": 0.3589027956439163,
  "final_score": 0.935024085611202,
  "final_size_score": 0.9993757484573667,
  "final_matched_text_score": 0.9905360601996799,
  "final_position_score": 0.8773820909197487,
  "final_text_color_score": 0.8876773213640418,
  "final_clip_score": 0.9201492071151733
}