{
  "sum_areas": 0.08621853298611111,
  "final_score": 0.9420843894443793,
  "final_size_score": 0.9999999999999999,
  "final_matched_text_score": 0.8695128595782613,
  "final_position_score": 0.9711185515873015,
  "final_text_color_score": 0.9437057792051372,
  "final_clip_score": 0.9260847568511963
}