{
  "sum_areas": 0.08700218617195161,
  "final_score": 0.8440323180342976,
  "final_size_score": 0.9801907363027169,
  "final_matched_text_score": 0.9296648823500778,
  "final_position_score": 0.8034531976207058,
  "final_text_color_score": 0.5937921087673719,
  "final_clip_score": 0.9130606651306152
}