{
  "sum_areas": 0.2150727877277472,
  "final_score": 0.8743828064561573,
  "final_size_score": 0.9848846474106236,
  "final_matched_text_score": 0.9669668231312067,
  "final_position_score": 0.7305134623521404,
  "final_text_color_score": 0.7645254244219108,
  "final_clip_score": 0.9250236749649048
}