{
  "sum_areas": 0.18838818642304786,
  "final_score": 0.7052279543006853,
  "final_size_score": 0.5191482644241168,
  "final_matched_text_score": 0.9020527662308535,
  "final_position_score": 0.6465603847723769,
  "final_text_color_score": 0.6037638598450001,
  "final_clip_score": 0.8546144962310791
}