{
  "sum_areas": 0.31725441928283415,
  "final_score": 0.766622746568054,
  "final_size_score": 0.0061925559298690175,
  "final_matched_text_score": 1.0,
  "final_position_score": 0.959765625,
  "final_text_color_score": 1.0,
  "final_clip_score": 0.8671555519104004
}