{
  "sum_areas": 0.5149214637018565,
  "final_score": 0.6803976932869482,
  "final_size_score": 0.37835342142103423,
  "final_matched_text_score": 0.7186979686979686,
  "final_position_score": 0.7459205357555186,
  "final_text_color_score": 0.6571276932091451,
  "final_clip_score": 0.9018888473510742
}