{
  "sum_areas": 0.10426400755165571,
  "final_score": 0.5347788198102034,
  "final_size_score": 0.022227740692438935,
  "final_matched_text_score": 0.5,
  "final_position_score": 0.7269531250000001,
  "final_text_color_score": 0.651423552877621,
  "final_clip_score": 0.773289680480957
}