{
  "sum_areas": 0.030442708333333332,
  "final_score": 0.5659302663801123,
  "final_size_score": 0.054854576561163396,
  "final_matched_text_score": 0.7142857142857143,
  "final_position_score": 0.534375,
  "final_text_color_score": 0.81135690248862,
  "final_clip_score": 0.7147791385650635
}