{
  "sum_areas": 0.07261840342197484,
  "final_score": 0.6936615560727266,
  "final_size_score": 0.4254326824984254,
  "final_matched_text_score": 1.0,
  "final_position_score": 0.5150390625000001,
  "final_text_color_score": 0.6815824018660619,
  "final_clip_score": 0.8462536334991455
}