{
  "sum_areas": 0.10292643229166666,
  "final_score": 0.6028928127561629,
  "final_size_score": 0.22848076578428586,
  "final_matched_text_score": 0.8884444444444444,
  "final_position_score": 0.6123697916666668,
  "final_text_color_score": 0.42487722323948207,
  "final_clip_score": 0.8602918386459351
}