{
  "sum_areas": 0.07612804997800404,
  "final_score": 0.5574075162395049,
  "final_size_score": 0.025164727820998187,
  "final_matched_text_score": 0.8333333333333334,
  "final_position_score": 0.5820078792735043,
  "final_text_color_score": 0.5666418187634629,
  "final_clip_score": 0.7798898220062256
}