{
  "sum_areas": 0.11311869913466778,
  "final_score": 0.5459133414976336,
  "final_size_score": 0.03041435514347927,
  "final_matched_text_score": 0.6111111111111112,
  "final_position_score": 0.6266661272153009,
  "final_text_color_score": 0.5688934293335233,
  "final_clip_score": 0.8924816846847534
}