{
  "sum_areas": 0.30234322335405583,
  "final_score": 0.5703938589456987,
  "final_size_score": 0.10090780759767613,
  "final_matched_text_score": 0.6484291732223518,
  "final_position_score": 0.3335044458949035,
  "final_text_color_score": 0.8837615474035155,
  "final_clip_score": 0.8853663206100464
}