{
  "sum_areas": 0.0780897432276874,
  "final_score": 0.4701899980808988,
  "final_size_score": 0.04851470753670444,
  "final_matched_text_score": 0.5517241379310345,
  "final_position_score": 0.643359375,
  "final_text_color_score": 0.3369631667263059,
  "final_clip_score": 0.7703886032104492
}