{
  "sum_areas": 0.2875514030390108,
  "final_score": 0.6007618178191977,
  "final_size_score": 0.09623835863701999,
  "final_matched_text_score": 0.9074074074074074,
  "final_position_score": 0.6061012423081389,
  "final_text_color_score": 0.7047462848449845,
  "final_clip_score": 0.6893157958984375
}