{
  "sum_areas": 0.08586480034722221,
  "final_score": 0.6686423293932648,
  "final_size_score": 0.0922118458797215,
  "final_matched_text_score": 0.9142857142857143,
  "final_position_score": 0.7201388888888889,
  "final_text_color_score": 0.8564950988061647,
  "final_clip_score": 0.760080099105835
}