{
  "sum_areas": 0.0830845326127411,
  "final_score": 0.5339368247273593,
  "final_size_score": 0.08483568966496248,
  "final_matched_text_score": 0.6693324219640009,
  "final_position_score": 0.4385461475138747,
  "final_text_color_score": 0.714102771407715,
  "final_clip_score": 0.7628670930862427
}