{
  "sum_areas": 0.3667012518148286,
  "final_score": 0.5730659939083194,
  "final_size_score": 0.10905001213165898,
  "final_matched_text_score": 0.8203803416893815,
  "final_position_score": 0.4990757788157998,
  "final_text_color_score": 0.6902635613500995,
  "final_clip_score": 0.746560275554657
}