{
  "sum_areas": 0.10637543812276104,
  "final_score": 0.5332802626081896,
  "final_size_score": 0.011610439219964824,
  "final_matched_text_score": 0.6666666666666666,
  "final_position_score": 0.2718749999999999,
  "final_text_color_score": 0.8274264727983899,
  "final_clip_score": 0.8888227343559265
}