{
  "sum_areas": 0.138720757911115,
  "final_score": 0.5143616014769709,
  "final_size_score": 0.09237934977849074,
  "final_matched_text_score": 0.6851851851851851,
  "final_position_score": 0.6853297393641888,
  "final_text_color_score": 0.33451683669468474,
  "final_clip_score": 0.7743968963623047
}