{
  "sum_areas": 0.15160117463174957,
  "final_score": 0.644068249304313,
  "final_size_score": 0.32339593745430817,
  "final_matched_text_score": 0.8143602540834846,
  "final_position_score": 0.6092727678663015,
  "final_text_color_score": 0.7057601497425925,
  "final_clip_score": 0.7675521373748779
}