{
  "sum_areas": 0.17203704139474565,
  "final_score": 0.586475365707339,
  "final_size_score": 0.19687209218824744,
  "final_matched_text_score": 0.6951690821256039,
  "final_position_score": 0.7747036758143686,
  "final_text_color_score": 0.4466524766842324,
  "final_clip_score": 0.8189795017242432
}