{
  "sum_areas": 0.2048856676268622,
  "final_score": 0.6199829310336025,
  "final_size_score": 0.006304311299679392,
  "final_matched_text_score": 1.0,
  "final_position_score": 0.4743437451505276,
  "final_text_color_score": 0.7710904174014289,
  "final_clip_score": 0.8481761813163757
}