{
  "sum_areas": 0.167746407584215,
  "final_score": 0.9324354861404243,
  "final_size_score": 0.9765402981174368,
  "final_matched_text_score": 0.9951296954041546,
  "final_position_score": 0.8716336913660876,
  "final_text_color_score": 0.8838332718764539,
  "final_clip_score": 0.9350404739379883
}