{
  "sum_areas": 0.34377739855702644,
  "final_score": 0.9251465533157343,
  "final_size_score": 0.9969685408505745,
  "final_matched_text_score": 0.9526417054820208,
  "final_position_score": 0.9251932391167573,
  "final_text_color_score": 0.7791516035933074,
  "final_clip_score": 0.9717776775360107
}