{
  "sum_areas": 0.19509252141088074,
  "final_score": 0.8729909971242069,
  "final_size_score": 0.644669058249172,
  "final_matched_text_score": 0.9867094212502562,
  "final_position_score": 0.8721384500915751,
  "final_text_color_score": 0.9189850888631313,
  "final_clip_score": 0.9424529671669006
}