{
  "sum_areas": 0.042229525857508256,
  "final_score": 0.9259169799570451,
  "final_size_score": 0.8492836760574011,
  "final_matched_text_score": 0.9769230769230769,
  "final_position_score": 0.9494451943733341,
  "final_text_color_score": 0.9281544442450727,
  "final_clip_score": 0.9257785081863403
}