{
  "sum_areas": 0.08346499274994047,
  "final_score": 0.9103903699796947,
  "final_size_score": 0.9111854294873166,
  "final_matched_text_score": 0.9998274672187715,
  "final_position_score": 0.8523158713390523,
  "final_text_color_score": 0.8554394118093875,
  "final_clip_score": 0.9331836700439453
}