{
  "sum_areas": 0.1450485266816435,
  "final_score": 0.8280437648581916,
  "final_size_score": 0.7356826699985349,
  "final_matched_text_score": 0.9447274139078807,
  "final_position_score": 0.7182251981264612,
  "final_text_color_score": 0.8495623630588628,
  "final_clip_score": 0.8920211791992188
}