{
  "sum_areas": 0.104879734940129,
  "final_score": 0.9124191981520573,
  "final_size_score": 1.0000000000000002,
  "final_matched_text_score": 0.9839676290463693,
  "final_position_score": 0.8585188453812357,
  "final_text_color_score": 0.8328916604023531,
  "final_clip_score": 0.8867178559303284
}