{
  "sum_areas": 0.3193938164413616,
  "final_score": 0.923523846123533,
  "final_size_score": 0.9153389497932487,
  "final_matched_text_score": 0.9631199213846208,
  "final_position_score": 0.9214831870710717,
  "final_text_color_score": 0.9296663724839279,
  "final_clip_score": 0.8880107998847961
}