{
  "sum_areas": 0.09803256572278737,
  "final_score": 0.9154232171951183,
  "final_size_score": 0.9802628328826716,
  "final_matched_text_score": 0.9416574584726373,
  "final_position_score": 0.7647849204847866,
  "final_text_color_score": 0.9253312685561196,
  "final_clip_score": 0.9650796055793762
}