{
  "sum_areas": 0.06028736138827821,
  "final_score": 0.796716670446539,
  "final_size_score": 0.5455509605489572,
  "final_matched_text_score": 0.9980171844018505,
  "final_position_score": 0.7893948718313195,
  "final_text_color_score": 0.7628877700475833,
  "final_clip_score": 0.8877325654029846
}