{
  "sum_areas": 0.03512313764352105,
  "final_score": 0.9143093241334537,
  "final_size_score": 0.8766634949775916,
  "final_matched_text_score": 0.9951923076923077,
  "final_position_score": 0.9247947711417547,
  "final_text_color_score": 0.8945093366886838,
  "final_clip_score": 0.8803867101669312
}