{
  "sum_areas": 0.10589615342219509,
  "final_score": 0.8771472775838067,
  "final_size_score": 0.9312939669258119,
  "final_matched_text_score": 0.9687592017939252,
  "final_position_score": 0.7637550572413647,
  "final_text_color_score": 0.8545811599285132,
  "final_clip_score": 0.867347002029419
}