{
  "sum_areas": 0.22039611526205535,
  "final_score": 0.9166461962683731,
  "final_size_score": 0.9915166352658917,
  "final_matched_text_score": 0.9866707366707366,
  "final_position_score": 0.8681162243547571,
  "final_text_color_score": 0.8179988810603057,
  "final_clip_score": 0.9189285039901733
}