{
  "sum_areas": 0.26524649868584477,
  "final_score": 0.9310235246925278,
  "final_size_score": 0.9854788896627085,
  "final_matched_text_score": 0.9959944251469688,
  "final_position_score": 0.9252537349971252,
  "final_text_color_score": 0.8386327211015154,
  "final_clip_score": 0.9097578525543213
}