{
  "sum_areas": 0.3886409393350037,
  "final_score": 0.8578925759678347,
  "final_size_score": 0.8722876579730101,
  "final_matched_text_score": 0.9887406483885218,
  "final_position_score": 0.8155967089725042,
  "final_text_color_score": 0.7472865716088668,
  "final_clip_score": 0.8655512928962708
}