{
  "sum_areas": 0.1887486230621669,
  "final_score": 0.9562961295538508,
  "final_size_score": 0.9737516863977562,
  "final_matched_text_score": 0.9884057971014494,
  "final_position_score": 0.9663281050821247,
  "final_text_color_score": 0.8970642301397671,
  "final_clip_score": 0.9559308290481567
}