{
  "sum_areas": 0.19595457251780798,
  "final_score": 0.9306636042106352,
  "final_size_score": 0.9914946273248346,
  "final_matched_text_score": 0.9625790313174111,
  "final_position_score": 0.7814178351075098,
  "final_text_color_score": 0.9649608075081936,
  "final_clip_score": 0.952865719795227
}