{
  "sum_areas": 0.43619766361033724,
  "final_score": 0.839768924990342,
  "final_size_score": 0.6811461113284578,
  "final_matched_text_score": 0.9003282914701076,
  "final_position_score": 0.8846630124252536,
  "final_text_color_score": 0.8265469743229217,
  "final_clip_score": 0.9061602354049683
}