{
  "sum_areas": 0.3515352641575845,
  "final_score": 0.7583260443753338,
  "final_size_score": 0.46772391802262553,
  "final_matched_text_score": 0.945908178068545,
  "final_position_score": 0.7746370738509717,
  "final_text_color_score": 0.7626981553013785,
  "final_clip_score": 0.8406628966331482
}