{
  "sum_areas": 0.26314236111111106,
  "final_score": 0.9216281569777508,
  "final_size_score": 0.9847718875766974,
  "final_matched_text_score": 0.9436817706436751,
  "final_position_score": 0.9289237238455988,
  "final_text_color_score": 0.8749845489295027,
  "final_clip_score": 0.87577885389328
}