{
  "sum_areas": 0.1621920942972889,
  "final_score": 0.8544361685704018,
  "final_size_score": 0.9204466555898801,
  "final_matched_text_score": 0.9966817496229261,
  "final_position_score": 0.7392879287822378,
  "final_text_color_score": 0.7356134158508312,
  "final_clip_score": 0.880151093006134
}