{
  "sum_areas": 0.13587347496555735,
  "final_score": 0.7641380884815759,
  "final_size_score": 0.4714822246351655,
  "final_matched_text_score": 0.9362931247989829,
  "final_position_score": 0.843078478739594,
  "final_text_color_score": 0.6850110269614932,
  "final_clip_score": 0.884825587272644
}