{
  "sum_areas": 0.1766458681560616,
  "final_score": 0.92468454582882,
  "final_size_score": 0.9895415238188983,
  "final_matched_text_score": 0.9703084741844432,
  "final_position_score": 0.8975772931895422,
  "final_text_color_score": 0.902574117035994,
  "final_clip_score": 0.8634213209152222
}