{
  "sum_areas": 0.2433541097700196,
  "final_score": 0.8769145960818385,
  "final_size_score": 0.7524376642576841,
  "final_matched_text_score": 0.9713164743539902,
  "final_position_score": 0.9366647183631039,
  "final_text_color_score": 0.8429612604468959,
  "final_clip_score": 0.8811928629875183
}