{
  "sum_areas": 0.024754836380144068,
  "final_score": 0.8927198108971744,
  "final_size_score": 0.9211171991824064,
  "final_matched_text_score": 1.0,
  "final_position_score": 0.8427864583333335,
  "final_text_color_score": 0.774876285146097,
  "final_clip_score": 0.9248191118240356
}