{
  "sum_areas": 0.546130783246719,
  "final_score": 0.951374376241569,
  "final_size_score": 0.99750291177324,
  "final_matched_text_score": 0.9974770642201835,
  "final_position_score": 0.8794771300979864,
  "final_text_color_score": 0.9701770713162337,
  "final_clip_score": 0.9122377038002014
}