{
  "sum_areas": 0.6263916056213632,
  "final_score": 0.8849854059618686,
  "final_size_score": 0.995714031781999,
  "final_matched_text_score": 0.9610182929853179,
  "final_position_score": 0.8820639914969521,
  "final_text_color_score": 0.6680695763456718,
  "final_clip_score": 0.9180611371994019
}