{
  "sum_areas": 0.21802371099314966,
  "final_score": 0.868796511804236,
  "final_size_score": 0.7913013651114791,
  "final_matched_text_score": 0.9919331179806398,
  "final_position_score": 0.879526378219845,
  "final_text_color_score": 0.7851322630854981,
  "final_clip_score": 0.8960894346237183
}