{
  "sum_areas": 0.26233061399689844,
  "final_score": 0.8249881714955581,
  "final_size_score": 0.48087129137270085,
  "final_matched_text_score": 0.9999480708313859,
  "final_position_score": 0.8751126888712545,
  "final_text_color_score": 0.8350375205824424,
  "final_clip_score": 0.9339712858200073
}