{
  "sum_areas": 0.16099333729117601,
  "final_score": 0.8542258896242834,
  "final_size_score": 0.801741929789324,
  "final_matched_text_score": 0.990046544933763,
  "final_position_score": 0.8811116528710081,
  "final_text_color_score": 0.6945287303936543,
  "final_clip_score": 0.903700590133667
}