{
  "sum_areas": 0.25129083496945903,
  "final_score": 0.8747428771534633,
  "final_size_score": 0.9340072069645187,
  "final_matched_text_score": 0.9727108567534736,
  "final_position_score": 0.8935499358979808,
  "final_text_color_score": 0.6647872856188122,
  "final_clip_score": 0.9086591005325317
}