{
  "sum_areas": 0.3446656208586452,
  "final_score": 0.9159552664041704,
  "final_size_score": 0.9686783242923901,
  "final_matched_text_score": 0.9292925691261863,
  "final_position_score": 0.8118235308911885,
  "final_text_color_score": 0.9282042015648464,
  "final_clip_score": 0.9417777061462402
}