{
  "sum_areas": 0.0880800960735171,
  "final_score": 0.8759455460720944,
  "final_size_score": 0.9319776988695307,
  "final_matched_text_score": 0.9676185457493618,
  "final_position_score": 0.8282242471412907,
  "final_text_color_score": 0.7403205367303238,
  "final_clip_score": 0.9115867018699646
}