{
  "sum_areas": 0.21442216048311086,
  "final_score": 0.9189991124265714,
  "final_size_score": 0.9879022785251002,
  "final_matched_text_score": 0.9930946291560102,
  "final_position_score": 0.950970059259694,
  "final_text_color_score": 0.7377742502518665,
  "final_clip_score": 0.9252543449401855
}