{
  "sum_areas": 0.23037142253804274,
  "final_score": 0.8872570239737878,
  "final_size_score": 0.8639127694000395,
  "final_matched_text_score": 0.9915967082665789,
  "final_position_score": 0.9073234318628922,
  "final_text_color_score": 0.7380557774628409,
  "final_clip_score": 0.9353964328765869
}