{
  "sum_areas": 0.005135633680555556,
  "final_score": 0.9069674323472683,
  "final_size_score": 0.7874498204098881,
  "final_matched_text_score": 1.0,
  "final_position_score": 0.8505642361111112,
  "final_text_color_score": 0.9722112387411905,
  "final_clip_score": 0.9246118664741516
}