{
  "sum_areas": 0.09992960689730467,
  "final_score": 0.8684568320049572,
  "final_size_score": 0.805351285259539,
  "final_matched_text_score": 0.9986225895316804,
  "final_position_score": 0.8793870466900113,
  "final_text_color_score": 0.7296737730780094,
  "final_clip_score": 0.9292494654655457
}