{
  "sum_areas": 0.33202468609583713,
  "final_score": 0.8654285989858588,
  "final_size_score": 0.7046491460456835,
  "final_matched_text_score": 0.9708696655773099,
  "final_position_score": 0.8407816395266257,
  "final_text_color_score": 0.8828667699683344,
  "final_clip_score": 0.9279757738113403
}