{
  "sum_areas": 0.19375110586450525,
  "final_score": 0.8842678850297159,
  "final_size_score": 0.9473203278536699,
  "final_matched_text_score": 0.9980582276770358,
  "final_position_score": 0.8708752742320739,
  "final_text_color_score": 0.7277884323761564,
  "final_clip_score": 0.8772971630096436
}