{
  "sum_areas": 0.27182593330536914,
  "final_score": 0.7885316882954649,
  "final_size_score": 0.4650057122217396,
  "final_matched_text_score": 0.99978584944847,
  "final_position_score": 0.780962792458986,
  "final_text_color_score": 0.8456455710364834,
  "final_clip_score": 0.8512585163116455
}