{
  "sum_areas": 0.07892807883411056,
  "final_score": 0.8253059413781346,
  "final_size_score": 0.9684475360643431,
  "final_matched_text_score": 0.9755926051603011,
  "final_position_score": 0.791109375,
  "final_text_color_score": 0.4848045704916208,
  "final_clip_score": 0.906575620174408
}