{
  "sum_areas": 0.11120816416736523,
  "final_score": 0.7419628695926064,
  "final_size_score": 0.2638367506186006,
  "final_matched_text_score": 0.8925925925925926,
  "final_position_score": 0.7536874188158095,
  "final_text_color_score": 0.907693692083795,
  "final_clip_score": 0.8920038938522339
}