{
  "sum_areas": 0.21780624001040252,
  "final_score": 0.9368501740017511,
  "final_size_score": 0.9957300150079789,
  "final_matched_text_score": 0.9716418208027552,
  "final_position_score": 0.9203758469628229,
  "final_text_color_score": 0.8502097139914853,
  "final_clip_score": 0.9462934732437134
}