{
  "sum_areas": 0.04054296082591507,
  "final_score": 0.825008449460864,
  "final_size_score": 0.4772668043469323,
  "final_matched_text_score": 1.0,
  "final_position_score": 0.9391828067030141,
  "final_text_color_score": 0.8067325183420802,
  "final_clip_score": 0.9018601179122925
}