{
  "sum_areas": 0.4669191308659934,
  "final_score": 0.9174896003545563,
  "final_size_score": 0.942093059390259,
  "final_matched_text_score": 0.9467233778834382,
  "final_position_score": 0.9264398297553083,
  "final_text_color_score": 0.8446324781901264,
  "final_clip_score": 0.9275592565536499
}