{
  "sum_areas": 0.296287154801212,
  "final_score": 0.9254501266696616,
  "final_size_score": 0.9999999999999998,
  "final_matched_text_score": 0.942622996232048,
  "final_position_score": 0.9091922294686248,
  "final_text_color_score": 0.8182948427291175,
  "final_clip_score": 0.9571405649185181
}