{
  "sum_areas": 0.5266942220220436,
  "final_score": 0.9330596158577565,
  "final_size_score": 1.0,
  "final_matched_text_score": 0.9685532957958005,
  "final_position_score": 0.9484734966725106,
  "final_text_color_score": 0.8411851528635619,
  "final_clip_score": 0.9070861339569092
}