{
  "sum_areas": 0.438412740256674,
  "final_score": 0.776163362830573,
  "final_size_score": 0.3515034329311169,
  "final_matched_text_score": 0.9500483880290344,
  "final_position_score": 0.842323064878306,
  "final_text_color_score": 0.8717386073343356,
  "final_clip_score": 0.865203320980072
}