{
  "sum_areas": 0.14640438179524864,
  "final_score": 0.8836527422926859,
  "final_size_score": 0.9211752471458355,
  "final_matched_text_score": 0.9975006011323148,
  "final_position_score": 0.8836975277140525,
  "final_text_color_score": 0.70974011364658,
  "final_clip_score": 0.906150221824646
}