{
  "sum_areas": 0.3901059414066889,
  "final_score": 0.7783749265356361,
  "final_size_score": 0.618327489971392,
  "final_matched_text_score": 0.8663389448382222,
  "final_position_score": 0.772064158862961,
  "final_text_color_score": 0.7545347650950828,
  "final_clip_score": 0.8806092739105225
}