{
  "sum_areas": 0.1591242735082199,
  "final_score": 0.9165386796475306,
  "final_size_score": 0.9324856657889657,
  "final_matched_text_score": 0.9853060390775104,
  "final_position_score": 0.86414308178057,
  "final_text_color_score": 0.9006173724243468,
  "final_clip_score": 0.9001412391662598
}