{
  "sum_areas": 0.2060465609789606,
  "final_score": 0.877772145658501,
  "final_size_score": 0.7004253696483825,
  "final_matched_text_score": 0.9899926623141597,
  "final_position_score": 0.871344400760039,
  "final_text_color_score": 0.9010794614558487,
  "final_clip_score": 0.9260188341140747
}