{
  "sum_areas": 0.202140623722195,
  "final_score": 0.8935453873955199,
  "final_size_score": 0.9970795285157965,
  "final_matched_text_score": 0.9651516806163104,
  "final_position_score": 0.7321125200386043,
  "final_text_color_score": 0.8498227076619294,
  "final_clip_score": 0.9235605001449585
}