{
  "sum_areas": 0.13299982671822552,
  "final_score": 0.8385295847688398,
  "final_size_score": 0.7087986815619247,
  "final_matched_text_score": 0.993770692908624,
  "final_position_score": 0.8340032053803231,
  "final_text_color_score": 0.7172580813437901,
  "final_clip_score": 0.9388172626495361
}