{
  "sum_areas": 0.2317423633085409,
  "final_score": 0.7912515111650759,
  "final_size_score": 0.7809145682287775,
  "final_matched_text_score": 0.9631276079276002,
  "final_position_score": 0.6680984972654688,
  "final_text_color_score": 0.6983541527587569,
  "final_clip_score": 0.8457627296447754
}