{
  "sum_areas": 0.05687629219232646,
  "final_score": 0.9066699616683359,
  "final_size_score": 0.9022914298015794,
  "final_matched_text_score": 0.9609940232777604,
  "final_position_score": 0.887097899790393,
  "final_text_color_score": 0.8473614063386453,
  "final_clip_score": 0.9356050491333008
}