{
  "sum_areas": 0.03637327450062876,
  "final_score": 0.9203912123762088,
  "final_size_score": 0.8745356765350805,
  "final_matched_text_score": 0.9978632478632478,
  "final_position_score": 0.9341045673076922,
  "final_text_color_score": 0.8978991858709768,
  "final_clip_score": 0.8975533843040466
}