{
  "sum_areas": 0.20615198619638583,
  "final_score": 0.896476727702861,
  "final_size_score": 0.945561801165945,
  "final_matched_text_score": 0.9543604047625496,
  "final_position_score": 0.9012518761887062,
  "final_text_color_score": 0.8009387176596164,
  "final_clip_score": 0.8802708387374878
}