{
  "sum_areas": 0.47042230135061025,
  "final_score": 0.8376165227283018,
  "final_size_score": 0.8697006497456058,
  "final_matched_text_score": 0.8784853307359038,
  "final_position_score": 0.8627768468902389,
  "final_text_color_score": 0.6771577186656947,
  "final_clip_score": 0.8999620676040649
}