{
  "sum_areas": 0.12695855034722223,
  "final_score": 0.8396585885289248,
  "final_size_score": 0.7051493525917697,
  "final_matched_text_score": 0.9880704328515032,
  "final_position_score": 0.8059654706790124,
  "final_text_color_score": 0.7549885907200318,
  "final_clip_score": 0.9441190958023071
}