{
  "sum_areas": 0.4946975352950541,
  "final_score": 0.8881319090488102,
  "final_size_score": 0.9673785117336892,
  "final_matched_text_score": 0.9300448396526808,
  "final_position_score": 0.8518705905472661,
  "final_text_color_score": 0.8906778729980671,
  "final_clip_score": 0.8006877303123474
}