{
  "sum_areas": 0.13756153174109703,
  "final_score": 0.8649571681511695,
  "final_size_score": 0.9540777092683473,
  "final_matched_text_score": 0.9426069121195164,
  "final_position_score": 0.8123067095521731,
  "final_text_color_score": 0.7320838870283348,
  "final_clip_score": 0.8837106227874756
}