{
  "sum_areas": 0.07577974268633735,
  "final_score": 0.7317134528183766,
  "final_size_score": 0.22220221631864495,
  "final_matched_text_score": 1.0,
  "final_position_score": 0.9079284623119465,
  "final_text_color_score": 0.7361895285002322,
  "final_clip_score": 0.7922470569610596
}