{
  "sum_areas": 0.1822401871616735,
  "final_score": 0.9070072381225102,
  "final_size_score": 0.902465521269426,
  "final_matched_text_score": 0.9997176736307171,
  "final_position_score": 0.9108354095315513,
  "final_text_color_score": 0.8361958860847257,
  "final_clip_score": 0.8858217000961304
}