{
  "sum_areas": 0.38688888136511373,
  "final_score": 0.9313381103588324,
  "final_size_score": 0.9044333743175975,
  "final_matched_text_score": 0.9936519413225722,
  "final_position_score": 0.9590177294234155,
  "final_text_color_score": 0.9539648480010232,
  "final_clip_score": 0.8456226587295532
}