{
  "sum_areas": 0.2925724489576154,
  "final_score": 0.8299350105696024,
  "final_size_score": 0.5202814555536109,
  "final_matched_text_score": 0.9993173154372873,
  "final_position_score": 0.9148860844561808,
  "final_text_color_score": 0.8659260525034715,
  "final_clip_score": 0.8492641448974609
}