{
  "sum_areas": 0.2170615713191277,
  "final_score": 0.9084175115707439,
  "final_size_score": 0.9956907985878747,
  "final_matched_text_score": 0.9830177701277605,
  "final_position_score": 0.8024338942307693,
  "final_text_color_score": 0.8479645384192775,
  "final_clip_score": 0.9129805564880371
}