{
  "sum_areas": 0.13062894652375642,
  "final_score": 0.8752586249629681,
  "final_size_score": 0.8621247794905104,
  "final_matched_text_score": 0.9783682022703033,
  "final_position_score": 0.7965172470973326,
  "final_text_color_score": 0.8380095261675707,
  "final_clip_score": 0.9012733697891235
}