{
  "sum_areas": 0.24289775292301463,
  "final_score": 0.8880903838303923,
  "final_size_score": 0.9805363864504061,
  "final_matched_text_score": 0.9889400921658985,
  "final_position_score": 0.8268506630067999,
  "final_text_color_score": 0.7378225042553891,
  "final_clip_score": 0.906302273273468
}