{
  "sum_areas": 0.026646111848824917,
  "final_score": 0.885266871254679,
  "final_size_score": 0.9125162007676093,
  "final_matched_text_score": 1.0,
  "final_position_score": 0.7411718749999998,
  "final_text_color_score": 0.823023589828143,
  "final_clip_score": 0.9496226906776428
}