{
  "sum_areas": 0.004207899305555556,
  "final_score": 0.9611000630518216,
  "final_size_score": 0.9610624033006705,
  "final_matched_text_score": 1.0,
  "final_position_score": 0.9788194444444445,
  "final_text_color_score": 0.90567845124431,
  "final_clip_score": 0.9599400162696838
}