{
  "sum_areas": 0.3728268590328986,
  "final_score": 0.7540260971135441,
  "final_size_score": 0.46124541624904397,
  "final_matched_text_score": 0.9770614139169325,
  "final_position_score": 0.8981222222321492,
  "final_text_color_score": 0.6191201581833273,
  "final_clip_score": 0.8145812749862671
}