{
  "sum_areas": 0.3777816928330897,
  "final_score": 0.8378387865985097,
  "final_size_score": 0.632743716096109,
  "final_matched_text_score": 0.9883675096478771,
  "final_position_score": 0.8423747142222933,
  "final_text_color_score": 0.7839782090144288,
  "final_clip_score": 0.9417297840118408
}