{
  "sum_areas": 0.19924636773960105,
  "final_score": 0.9151123526094406,
  "final_size_score": 0.9843446567355719,
  "final_matched_text_score": 0.967590679996695,
  "final_position_score": 0.9382064895534498,
  "final_text_color_score": 0.7645123201461912,
  "final_clip_score": 0.9209076166152954
}