{
  "sum_areas": 0.1991200907508454,
  "final_score": 0.7755783256383002,
  "final_size_score": 0.36282572242386385,
  "final_matched_text_score": 0.9872066986724325,
  "final_position_score": 0.7938676581325301,
  "final_text_color_score": 0.8034229731036048,
  "final_clip_score": 0.9305685758590698
}