{
  "sum_areas": 0.25947591248504,
  "final_score": 0.7474059595080569,
  "final_size_score": 0.5663528834277475,
  "final_matched_text_score": 0.9871670551169511,
  "final_position_score": 0.6553837057368475,
  "final_text_color_score": 0.5710776775163982,
  "final_clip_score": 0.9570484757423401
}