{
  "sum_areas": 0.2942700456079637,
  "final_score": 0.9181310130963966,
  "final_size_score": 0.9998656569599245,
  "final_matched_text_score": 0.9975925227228067,
  "final_position_score": 0.8616717952261173,
  "final_text_color_score": 0.8450856479385512,
  "final_clip_score": 0.8864394426345825
}