{
  "sum_areas": 0.23286393792142787,
  "final_score": 0.7415620159330134,
  "final_size_score": 0.2879084901772556,
  "final_matched_text_score": 0.9647244471918951,
  "final_position_score": 0.8761421411482997,
  "final_text_color_score": 0.792357998240817,
  "final_clip_score": 0.7866770029067993
}