{
  "sum_areas": 0.21844882412962463,
  "final_score": 0.7364221373757909,
  "final_size_score": 0.45395854171509925,
  "final_matched_text_score": 0.9538409319213693,
  "final_position_score": 0.7394007210722979,
  "final_text_color_score": 0.6630647699717019,
  "final_clip_score": 0.8718457221984863
}