{
  "sum_areas": 0.4140847523051253,
  "final_score": 0.941019987821035,
  "final_size_score": 0.9832349975430071,
  "final_matched_text_score": 0.9614875717597845,
  "final_position_score": 0.8995580226145165,
  "final_text_color_score": 0.9527595117539072,
  "final_clip_score": 0.90805983543396
}