{
  "sum_areas": 0.21228952732300252,
  "final_score": 0.9332267404636405,
  "final_size_score": 0.9975247196570196,
  "final_matched_text_score": 0.9799952504275301,
  "final_position_score": 0.9730040890979688,
  "final_text_color_score": 0.788354906712192,
  "final_clip_score": 0.9272547364234924
}