{
  "sum_areas": 0.24503682699548193,
  "final_score": 0.859196400585601,
  "final_size_score": 0.8820197536721026,
  "final_matched_text_score": 0.8911109902828216,
  "final_position_score": 0.8243665983377957,
  "final_text_color_score": 0.8457104578116459,
  "final_clip_score": 0.8527742028236389
}