{
  "sum_areas": 0.6142861714330649,
  "final_score": 0.9271390027954424,
  "final_size_score": 0.9999377075061315,
  "final_matched_text_score": 0.9499501909347501,
  "final_position_score": 0.8472924997644051,
  "final_text_color_score": 0.9398284451939223,
  "final_clip_score": 0.8986861705780029
}