{
  "sum_areas": 0.2671977038156237,
  "final_score": 0.8273815926045774,
  "final_size_score": 0.5161083915661984,
  "final_matched_text_score": 0.9603629281188817,
  "final_position_score": 0.8609669552563098,
  "final_text_color_score": 0.9149457003114168,
  "final_clip_score": 0.8845239877700806
}