{
  "sum_areas": 0.10192122602759568,
  "final_score": 0.8895493410709288,
  "final_size_score": 0.8091548708233419,
  "final_matched_text_score": 0.9993006993006993,
  "final_position_score": 0.8517439884166457,
  "final_text_color_score": 0.8584339971710123,
  "final_clip_score": 0.9291131496429443
}