{
  "sum_areas": 0.25324800155166916,
  "final_score": 0.7849140690522841,
  "final_size_score": 0.5410212484573043,
  "final_matched_text_score": 0.9723575927898879,
  "final_position_score": 0.8439145078646668,
  "final_text_color_score": 0.657801073565028,
  "final_clip_score": 0.9094759225845337
}