{
  "sum_areas": 0.43495269500283895,
  "final_score": 0.8761450402746928,
  "final_size_score": 0.958988752814668,
  "final_matched_text_score": 0.868788081384862,
  "final_position_score": 0.8796153210389701,
  "final_text_color_score": 0.7567588064041283,
  "final_clip_score": 0.916574239730835
}