{
  "sum_areas": 0.4258968732374507,
  "final_score": 0.8517064562419856,
  "final_size_score": 0.6209581263164122,
  "final_matched_text_score": 0.97230891504329,
  "final_position_score": 0.8416650762412754,
  "final_text_color_score": 0.8796678091587247,
  "final_clip_score": 0.9439323544502258
}