{
  "sum_areas": 0.44426377260313504,
  "final_score": 0.906605936357509,
  "final_size_score": 0.9266675556996786,
  "final_matched_text_score": 0.9600560399353989,
  "final_position_score": 0.8468291431333959,
  "final_text_color_score": 0.8901757812530194,
  "final_clip_score": 0.9093011617660522
}