{
  "sum_areas": 0.2500537315448634,
  "final_score": 0.7466259158096437,
  "final_size_score": 0.23054835803041174,
  "final_matched_text_score": 0.9347235644683618,
  "final_position_score": 0.844078976487232,
  "final_text_color_score": 0.8232728392838616,
  "final_clip_score": 0.9005058407783508
}