{
  "sum_areas": 0.2638473290600867,
  "final_score": 0.8779869354025328,
  "final_size_score": 0.6875864357209427,
  "final_matched_text_score": 0.9851076814238229,
  "final_position_score": 0.9120917024274261,
  "final_text_color_score": 0.8913428958315855,
  "final_clip_score": 0.9138059616088867
}