{
  "sum_areas": 0.1971624871688069,
  "final_score": 0.8364112510267759,
  "final_size_score": 0.7457979072122335,
  "final_matched_text_score": 1.0,
  "final_position_score": 0.7851212179798548,
  "final_text_color_score": 0.7381123468073313,
  "final_clip_score": 0.9130247831344604
}