{
  "sum_areas": 0.15862339966060635,
  "final_score": 0.8485218035876682,
  "final_size_score": 0.7008339971734572,
  "final_matched_text_score": 0.9654122227985261,
  "final_position_score": 0.8837764018854329,
  "final_text_color_score": 0.7631700972146521,
  "final_clip_score": 0.929416298866272
}