{
  "sum_areas": 0.2827963807638516,
  "final_score": 0.9223075134487708,
  "final_size_score": 1.0,
  "final_matched_text_score": 0.9470569072286453,
  "final_position_score": 0.8502316611696775,
  "final_text_color_score": 0.8650552827963367,
  "final_clip_score": 0.9491937160491943
}