{
  "sum_areas": 0.2284537760416666,
  "final_score": 0.8814891953225834,
  "final_size_score": 0.861011764817638,
  "final_matched_text_score": 0.9395606567981866,
  "final_position_score": 0.8180555555555554,
  "final_text_color_score": 0.9424457526992887,
  "final_clip_score": 0.8463722467422485
}