{
  "sum_areas": 0.21997877283705528,
  "final_score": 0.9170850861141706,
  "final_size_score": 0.9946670254028356,
  "final_matched_text_score": 0.9698179580951033,
  "final_position_score": 0.9290505181392469,
  "final_text_color_score": 0.8213825098243225,
  "final_clip_score": 0.8705074191093445
}