{
  "sum_areas": 0.36734757072782165,
  "final_score": 0.8245389251369982,
  "final_size_score": 0.5985115616200369,
  "final_matched_text_score": 0.9770904024791993,
  "final_position_score": 0.7794118094173574,
  "final_text_color_score": 0.8680559084351828,
  "final_clip_score": 0.8996249437332153
}