{
  "sum_areas": 0.6841343243466022,
  "final_score": 0.7833167219248502,
  "final_size_score": 0.14364911442862127,
  "final_matched_text_score": 0.9616026711185309,
  "final_position_score": 0.8585530758009788,
  "final_text_color_score": 0.9926602756999785,
  "final_clip_score": 0.9601184725761414
}