{
  "sum_areas": 0.30980841123025477,
  "final_score": 0.8982513178423102,
  "final_size_score": 0.9436510251793592,
  "final_matched_text_score": 0.944394901478789,
  "final_position_score": 0.8274833686664583,
  "final_text_color_score": 0.9464000682018243,
  "final_clip_score": 0.8293272256851196
}