{
  "sum_areas": 0.4278240350909161,
  "final_score": 0.9048273889816372,
  "final_size_score": 0.9293852307615984,
  "final_matched_text_score": 0.9223092534889937,
  "final_position_score": 0.8874278434764511,
  "final_text_color_score": 0.8809094307187407,
  "final_clip_score": 0.9041051864624023
}