{
  "sum_areas": 0.0833789861451936,
  "final_score": 0.9189471062490462,
  "final_size_score": 0.9565038136183583,
  "final_matched_text_score": 0.9954809836757855,
  "final_position_score": 0.9155913658560337,
  "final_text_color_score": 0.8612242808910745,
  "final_clip_score": 0.8659350872039795
}