{
  "sum_areas": 0.34199765765818674,
  "final_score": 0.8919469495187293,
  "final_size_score": 0.9852949757232405,
  "final_matched_text_score": 0.9423639134054874,
  "final_position_score": 0.8426089028157262,
  "final_text_color_score": 0.7602813267582008,
  "final_clip_score": 0.9291856288909912
}