{
  "sum_areas": 0.1733901871928318,
  "final_score": 0.8798606156681306,
  "final_size_score": 0.967942761311301,
  "final_matched_text_score": 0.9678036457519645,
  "final_position_score": 0.854114337803492,
  "final_text_color_score": 0.7158147494933355,
  "final_clip_score": 0.8936275839805603
}