{
  "sum_areas": 0.6048711716801746,
  "final_score": 0.9084843534674957,
  "final_size_score": 1.0000000000000002,
  "final_matched_text_score": 0.9528575505162866,
  "final_position_score": 0.8617426439950208,
  "final_text_color_score": 0.784967049167418,
  "final_clip_score": 0.9428545236587524
}