{
  "sum_areas": 0.21158615349046853,
  "final_score": 0.8146532285071109,
  "final_size_score": 0.41608273727352435,
  "final_matched_text_score": 0.9782506859399049,
  "final_position_score": 0.8972270799717184,
  "final_text_color_score": 0.9039556598544045,
  "final_clip_score": 0.8777499794960022
}