{
  "sum_areas": 0.07300889756944445,
  "final_score": 0.9526316441633018,
  "final_size_score": 0.9999999999999998,
  "final_matched_text_score": 0.9912536443148687,
  "final_position_score": 0.8865079365079364,
  "final_text_color_score": 0.941812376668966,
  "final_clip_score": 0.9435842633247375
}