{
  "sum_areas": 0.09608803773659065,
  "final_score": 0.9243784352693354,
  "final_size_score": 0.9999247667517012,
  "final_matched_text_score": 0.9881429844665139,
  "final_position_score": 0.9008216753876876,
  "final_text_color_score": 0.8196357167360127,
  "final_clip_score": 0.9133670330047607
}