{
  "sum_areas": 0.02186197916666667,
  "final_score": 0.9283653048614551,
  "final_size_score": 0.9836212030970816,
  "final_matched_text_score": 1.0,
  "final_position_score": 0.8013888888888889,
  "final_text_color_score": 0.9960362528207245,
  "final_clip_score": 0.8607801795005798
}