{
  "sum_areas": 0.02322367943274934,
  "final_score": 0.924410248307848,
  "final_size_score": 0.9162135727743582,
  "final_matched_text_score": 1.0,
  "final_position_score": 0.9425367409087851,
  "final_text_color_score": 0.823023589828143,
  "final_clip_score": 0.9402773380279541
}