{
  "sum_areas": 0.30467191646093134,
  "final_score": 0.8793485892915731,
  "final_size_score": 0.6889939228120399,
  "final_matched_text_score": 0.9933530138913987,
  "final_position_score": 0.919549303043157,
  "final_text_color_score": 0.8842709592213405,
  "final_clip_score": 0.9105757474899292
}