{
  "sum_areas": 0.5140044540461354,
  "final_score": 0.9563570608869782,
  "final_size_score": 1.0,
  "final_matched_text_score": 0.9642721197709083,
  "final_position_score": 0.918998585757589,
  "final_text_color_score": 0.9691242876652434,
  "final_clip_score": 0.9293903112411499
}