{
  "sum_areas": 0.16490591571773638,
  "final_score": 0.8930369953936506,
  "final_size_score": 0.9999999999999998,
  "final_matched_text_score": 0.9912548836375021,
  "final_position_score": 0.7390681312782762,
  "final_text_color_score": 0.8626521746836998,
  "final_clip_score": 0.8722097873687744
}