{
  "sum_areas": 0.20200819613103288,
  "final_score": 0.9695977021712068,
  "final_size_score": 1.0000000000000002,
  "final_matched_text_score": 0.9997781721384206,
  "final_position_score": 0.9625923791846837,
  "final_text_color_score": 0.9459387541152963,
  "final_clip_score": 0.9396792054176331
}