{
  "sum_areas": 0.2968239260835913,
  "final_score": 0.7812460782527342,
  "final_size_score": 0.5393998693795162,
  "final_matched_text_score": 0.9980761367567964,
  "final_position_score": 0.8997088548263205,
  "final_text_color_score": 0.6910042867478761,
  "final_clip_score": 0.7780412435531616
}