{
  "sum_areas": 0.3545289628280444,
  "final_score": 0.9381412898881782,
  "final_size_score": 0.9566212965027553,
  "final_matched_text_score": 0.9488148892066885,
  "final_position_score": 0.8351331749228257,
  "final_text_color_score": 0.9923641186090365,
  "final_clip_score": 0.957772970199585
}