{
  "sum_areas": 0.5938967523008266,
  "final_score": 0.9502196796706053,
  "final_size_score": 0.995843244874962,
  "final_matched_text_score": 0.9455109422236403,
  "final_position_score": 0.9462204677866731,
  "final_text_color_score": 0.9446430424026866,
  "final_clip_score": 0.9188807010650635
}