{
  "sum_areas": 0.14159827816228562,
  "final_score": 0.8737676220366701,
  "final_size_score": 0.9962559238561887,
  "final_matched_text_score": 0.9901973505576983,
  "final_position_score": 0.7580548961722934,
  "final_text_color_score": 0.719459787123721,
  "final_clip_score": 0.9048701524734497
}