{
  "sum_areas": 0.3427293407184151,
  "final_score": 0.8400248805560164,
  "final_size_score": 0.6123844490706476,
  "final_matched_text_score": 0.9767005025625716,
  "final_position_score": 0.8567119138264443,
  "final_text_color_score": 0.840647341512008,
  "final_clip_score": 0.9136801958084106
}