{
  "sum_areas": 0.07491903985122902,
  "final_score": 0.9295519544436509,
  "final_size_score": 0.9555036089852916,
  "final_matched_text_score": 0.9953620621935694,
  "final_position_score": 0.9279008909715539,
  "final_text_color_score": 0.8540634624863572,
  "final_clip_score": 0.9149297475814819
}