{
  "sum_areas": 0.4966332344420092,
  "final_score": 0.9657237883713651,
  "final_size_score": 0.9984033202179627,
  "final_matched_text_score": 0.9933495998215843,
  "final_position_score": 0.927437589457908,
  "final_text_color_score": 0.9796561745544994,
  "final_clip_score": 0.9297722578048706
}