{
  "sum_areas": 0.0375142143372794,
  "final_score": 0.8421259438709271,
  "final_size_score": 0.5856094510788283,
  "final_matched_text_score": 1.0,
  "final_position_score": 0.9359977856828903,
  "final_text_color_score": 0.752477885444021,
  "final_clip_score": 0.9365445971488953
}