{
  "sum_areas": 0.11357704199981788,
  "final_score": 0.8670684536916419,
  "final_size_score": 0.8104476808230004,
  "final_matched_text_score": 0.9854425144747726,
  "final_position_score": 0.8888356940660651,
  "final_text_color_score": 0.72072890551115,
  "final_clip_score": 0.9298874735832214
}