{
  "sum_areas": 0.315011704175705,
  "final_score": 0.9067164456751629,
  "final_size_score": 0.9867609742128465,
  "final_matched_text_score": 0.9571267420770969,
  "final_position_score": 0.9176765970427375,
  "final_text_color_score": 0.7567158768503842,
  "final_clip_score": 0.915302038192749
}