{
  "sum_areas": 0.3462844935859706,
  "final_score": 0.9033527984179236,
  "final_size_score": 0.9854770168702053,
  "final_matched_text_score": 0.9410991714137493,
  "final_position_score": 0.8459868779817332,
  "final_text_color_score": 0.8211844968764811,
  "final_clip_score": 0.9230164289474487
}