{
  "sum_areas": 0.4422957502847712,
  "final_score": 0.8981567809500188,
  "final_size_score": 0.9478817375678068,
  "final_matched_text_score": 0.9445243929350831,
  "final_position_score": 0.8320416318220872,
  "final_text_color_score": 0.8326694363399118,
  "final_clip_score": 0.9336667060852051
}