{
  "sum_areas": 0.5171825334464607,
  "final_score": 0.9495787874112113,
  "final_size_score": 1.0,
  "final_matched_text_score": 0.9700304804403174,
  "final_position_score": 0.9489428136223662,
  "final_text_color_score": 0.9546765490984144,
  "final_clip_score": 0.8742440938949585
}