{
  "sum_areas": 0.25422233021949964,
  "final_score": 0.9059568617557284,
  "final_size_score": 0.9741776131237042,
  "final_matched_text_score": 0.9995525963237493,
  "final_position_score": 0.8531422406810015,
  "final_text_color_score": 0.7854033161124983,
  "final_clip_score": 0.9175085425376892
}