{
  "sum_areas": 0.19482153546757325,
  "final_score": 0.8724359384438435,
  "final_size_score": 0.9735926506288413,
  "final_matched_text_score": 0.9855136109273107,
  "final_position_score": 0.7742002211314942,
  "final_text_color_score": 0.7231292529657145,
  "final_clip_score": 0.9057439565658569
}