{
  "sum_areas": 0.082578125,
  "final_score": 0.9146922690293746,
  "final_size_score": 1.0,
  "final_matched_text_score": 0.9209702437268247,
  "final_position_score": 0.8450272817460318,
  "final_text_color_score": 0.9587736079010983,
  "final_clip_score": 0.8486902117729187
}