{
  "sum_areas": 0.2907910156249999,
  "final_score": 0.8689615988123208,
  "final_size_score": 0.886758236222588,
  "final_matched_text_score": 0.9312826610961845,
  "final_position_score": 0.856467013888889,
  "final_text_color_score": 0.8134041592394406,
  "final_clip_score": 0.856895923614502
}