{
  "sum_areas": 0.0866221845246098,
  "final_score": 0.8574360696585117,
  "final_size_score": 0.946543861914207,
  "final_matched_text_score": 0.9755926051603011,
  "final_position_score": 0.8958492199615486,
  "final_text_color_score": 0.5518959866730667,
  "final_clip_score": 0.9172986745834351
}