{
  "sum_areas": 0.4627340593799192,
  "final_score": 0.7349273827937015,
  "final_size_score": 0.42821028214625134,
  "final_matched_text_score": 0.9349494641491809,
  "final_position_score": 0.8261141699775352,
  "final_text_color_score": 0.650592318221663,
  "final_clip_score": 0.834770679473877
}