{
  "sum_areas": 0.13955353513862345,
  "final_score": 0.8590087186978734,
  "final_size_score": 0.9832173319001436,
  "final_matched_text_score": 0.847719027412674,
  "final_position_score": 0.8405181261032144,
  "final_text_color_score": 0.716771671855073,
  "final_clip_score": 0.9068174362182617
}