{
  "sum_areas": 0.24997358566009323,
  "final_score": 0.8850794973106524,
  "final_size_score": 0.7377147921523681,
  "final_matched_text_score": 0.9840351645398998,
  "final_position_score": 0.8679186404492122,
  "final_text_color_score": 0.902835672801827,
  "final_clip_score": 0.9328932166099548
}