{
  "sum_areas": 0.4871093953603622,
  "final_score": 0.8411817482061109,
  "final_size_score": 0.8036487277361132,
  "final_matched_text_score": 0.878725437122086,
  "final_position_score": 0.8971383484570103,
  "final_text_color_score": 0.7423053272942022,
  "final_clip_score": 0.8840909004211426
}