{
  "sum_areas": 0.12557238507644894,
  "final_score": 0.5144597520858735,
  "final_size_score": 0.09543841508247311,
  "final_matched_text_score": 0.6578227252167795,
  "final_position_score": 0.5248522387661436,
  "final_text_color_score": 0.4219777397624083,
  "final_clip_score": 0.8722076416015625
}