{
  "sum_areas": 0.07819479673971863,
  "final_score": 0.6460453031680431,
  "final_size_score": 0.33390082777778074,
  "final_matched_text_score": 0.7857142857142857,
  "final_position_score": 0.7129018984487734,
  "final_text_color_score": 0.5435828716857829,
  "final_clip_score": 0.8541266322135925
}