{
  "sum_areas": 0.18361587568526042,
  "final_score": 0.6368145193705471,
  "final_size_score": 0.1406750000224821,
  "final_matched_text_score": 0.8596358428805237,
  "final_position_score": 0.6138671875000001,
  "final_text_color_score": 0.6915640973182595,
  "final_clip_score": 0.8783304691314697
}