{
  "sum_areas": 0.06522358012024775,
  "final_score": 0.5452707205819437,
  "final_size_score": 0.031356144381323635,
  "final_matched_text_score": 0.5555555555555556,
  "final_position_score": 0.6776008764567117,
  "final_text_color_score": 0.6669131314470054,
  "final_clip_score": 0.7949278950691223
}