{
  "sum_areas": 0.15350845379229064,
  "final_score": 0.5926803159338373,
  "final_size_score": 0.11776361277371021,
  "final_matched_text_score": 0.75,
  "final_position_score": 0.5766766760260676,
  "final_text_color_score": 0.7181230588290033,
  "final_clip_score": 0.8008382320404053
}