{
  "sum_areas": 0.10428819444444444,
  "final_score": 0.6072952859911193,
  "final_size_score": 0.04177418012318961,
  "final_matched_text_score": 0.9117647058823529,
  "final_position_score": 0.7822916666666667,
  "final_text_color_score": 0.48562138215856954,
  "final_clip_score": 0.8150244951248169
}