{
  "sum_areas": 0.07043579910225846,
  "final_score": 0.6218574886808744,
  "final_size_score": 0.050772339766204905,
  "final_matched_text_score": 0.8478260869565217,
  "final_position_score": 0.6135383707985049,
  "final_text_color_score": 0.7283200842452618,
  "final_clip_score": 0.8688305616378784
}