{
  "sum_areas": 0.16556701388888884,
  "final_score": 0.46202911265201535,
  "final_size_score": 0.01789541621490124,
  "final_matched_text_score": 0.7792207792207793,
  "final_position_score": 0.3125868055555556,
  "final_text_color_score": 0.4948520161377067,
  "final_clip_score": 0.705590546131134
}