{
  "sum_areas": 0.08761649559040191,
  "final_score": 0.5724227239758676,
  "final_size_score": 0.040579796869935444,
  "final_matched_text_score": 0.7662337662337663,
  "final_position_score": 0.4811968372014744,
  "final_text_color_score": 0.6894764733964882,
  "final_clip_score": 0.8846267461776733
}