{
  "sum_areas": 0.20843923660552227,
  "final_score": 0.5600192912546059,
  "final_size_score": 0.20386939075086688,
  "final_matched_text_score": 0.6061629467840648,
  "final_position_score": 0.6090704826364176,
  "final_text_color_score": 0.5576272921266131,
  "final_clip_score": 0.8233663439750671
}