{
  "sum_areas": 0.08361927779513062,
  "final_score": 0.5138413229596284,
  "final_size_score": 0.011787570079856912,
  "final_matched_text_score": 0.5263157894736842,
  "final_position_score": 0.8023900655772385,
  "final_text_color_score": 0.3996097198187294,
  "final_clip_score": 0.8291034698486328
}