{
  "sum_areas": 0.15734909796509072,
  "final_score": 0.5178865503659436,
  "final_size_score": 0.024103517826127917,
  "final_matched_text_score": 0.9117647058823529,
  "final_position_score": 0.255078125,
  "final_text_color_score": 0.526136068000082,
  "final_clip_score": 0.8723503351211548
}