{
  "sum_areas": 0.13982450354436388,
  "final_score": 0.6584271418082979,
  "final_size_score": 0.21151298681819727,
  "final_matched_text_score": 0.8203805660195111,
  "final_position_score": 0.730415634096313,
  "final_text_color_score": 0.681186676259384,
  "final_clip_score": 0.8486398458480835
}