{
  "sum_areas": 0.047001621060543564,
  "final_score": 0.6256759961321781,
  "final_size_score": 0.029248757923323886,
  "final_matched_text_score": 1.0,
  "final_position_score": 0.6891176617661766,
  "final_text_color_score": 0.6545518085566864,
  "final_clip_score": 0.7554617524147034
}