{
  "sum_areas": 0.068289964924271,
  "final_score": 0.53754117971072,
  "final_size_score": 0.053513432406372824,
  "final_matched_text_score": 0.7142857142857142,
  "final_position_score": 0.5533475914404223,
  "final_text_color_score": 0.54076035089274,
  "final_clip_score": 0.8257988095283508
}