{
  "sum_areas": 0.28429787070097345,
  "final_score": 0.6313899743594624,
  "final_size_score": 0.051945100933138415,
  "final_matched_text_score": 0.6595441595441596,
  "final_position_score": 0.7095857150100336,
  "final_text_color_score": 0.8390533974391308,
  "final_clip_score": 0.8968214988708496
}