{
  "sum_areas": 0.1354739225417953,
  "final_score": 0.522602533592719,
  "final_size_score": 0.005129086624274085,
  "final_matched_text_score": 0.8235294117647058,
  "final_position_score": 0.3828125,
  "final_text_color_score": 0.6419264866980281,
  "final_clip_score": 0.7596151828765869
}