{
  "sum_areas": 0.15254117201357217,
  "final_score": 0.6801673004552038,
  "final_size_score": 0.2051073901841397,
  "final_matched_text_score": 0.9855072463768116,
  "final_position_score": 0.71484375,
  "final_text_color_score": 0.6274233251228735,
  "final_clip_score": 0.8679547905921936
}