{
  "sum_areas": 0.19408819662429944,
  "final_score": 0.5618783682483269,
  "final_size_score": 0.014164364070186933,
  "final_matched_text_score": 0.5441176470588236,
  "final_position_score": 0.8201171875000001,
  "final_text_color_score": 0.6669131314470054,
  "final_clip_score": 0.7640795111656189
}