{
  "sum_areas": 0.12442274305555552,
  "final_score": 0.6409498049002056,
  "final_size_score": 0.26458994662852764,
  "final_matched_text_score": 0.668459439111613,
  "final_position_score": 0.6653645833333334,
  "final_text_color_score": 0.8279522176551846,
  "final_clip_score": 0.7783828377723694
}