{
  "sum_areas": 0.12509521661673925,
  "final_score": 0.6185272670252661,
  "final_size_score": 0.2655535515396372,
  "final_matched_text_score": 0.7120833333333334,
  "final_position_score": 0.5638022251724764,
  "final_text_color_score": 0.7204929532875175,
  "final_clip_score": 0.8307042717933655
}