{
  "sum_areas": 0.08282394377587993,
  "final_score": 0.6100908786532617,
  "final_size_score": 0.2083763181676816,
  "final_matched_text_score": 0.5714285714285714,
  "final_position_score": 0.8265625,
  "final_text_color_score": 0.6654465546229671,
  "final_clip_score": 0.7786404490470886
}