{
  "sum_areas": 0.14517114675599546,
  "final_score": 0.5188284253582236,
  "final_size_score": 0.07010636773977488,
  "final_matched_text_score": 0.866867469879518,
  "final_position_score": 0.40322348005543507,
  "final_text_color_score": 0.4483714648857382,
  "final_clip_score": 0.8055733442306519
}