{
  "sum_areas": 0.4076659691931615,
  "final_score": 0.9139096807996794,
  "final_size_score": 0.943073159561852,
  "final_matched_text_score": 0.9569724628289038,
  "final_position_score": 0.9409799617950761,
  "final_text_color_score": 0.8302399938657571,
  "final_clip_score": 0.8982828259468079
}