{
  "sum_areas": 0.21038539590185248,
  "final_score": 0.9040453020342917,
  "final_size_score": 0.9480730230270484,
  "final_matched_text_score": 0.9786998244639383,
  "final_position_score": 0.8718655704519734,
  "final_text_color_score": 0.8259598783460517,
  "final_clip_score": 0.8956282138824463
}