{
  "sum_areas": 0.20125083584073783,
  "final_score": 0.6471128820785088,
  "final_size_score": 0.1067168197157362,
  "final_matched_text_score": 0.9932432432432432,
  "final_position_score": 0.7685237169952849,
  "final_text_color_score": 0.5756530181335926,
  "final_clip_score": 0.7914276123046875
}