{
  "sum_areas": 0.12789103407368496,
  "final_score": 0.8480996317221268,
  "final_size_score": 0.7036505727776099,
  "final_matched_text_score": 0.9627040382739187,
  "final_position_score": 0.7688343410621635,
  "final_text_color_score": 0.8841201963536618,
  "final_clip_score": 0.92118901014328
}