{
  "sum_areas": 0.1502521157881301,
  "final_score": 0.9245337699711156,
  "final_size_score": 0.9828365535571172,
  "final_matched_text_score": 0.9761737690719038,
  "final_position_score": 0.9468981939354136,
  "final_text_color_score": 0.7774152119074766,
  "final_clip_score": 0.939345121383667
}