{
  "sum_areas": 0.2968871602610154,
  "final_score": 0.9061824825127683,
  "final_size_score": 0.9943861948586749,
  "final_matched_text_score": 0.9549109229974546,
  "final_position_score": 0.7202544633354618,
  "final_text_color_score": 0.9447348548097507,
  "final_clip_score": 0.9166259765625
}