{
  "sum_areas": 0.07441840277777778,
  "final_score": 0.9151145946163393,
  "final_size_score": 1.0,
  "final_matched_text_score": 0.9229189398719494,
  "final_position_score": 0.897718253968254,
  "final_text_color_score": 0.8926135679759287,
  "final_clip_score": 0.862322211265564
}