{
  "sum_areas": 0.15633217690750031,
  "final_score": 0.8798445148102818,
  "final_size_score": 0.958856947620184,
  "final_matched_text_score": 0.9658255890989651,
  "final_position_score": 0.8289396434536924,
  "final_text_color_score": 0.7414599810711034,
  "final_clip_score": 0.9041404128074646
}