{
  "sum_areas": 0.3884652711682176,
  "final_score": 0.840164282334915,
  "final_size_score": 0.5724535641148488,
  "final_matched_text_score": 0.9955260921298656,
  "final_position_score": 0.8686361845665462,
  "final_text_color_score": 0.8166575390563683,
  "final_clip_score": 0.9475480318069458
}