{
  "sum_areas": 0.31819985035558634,
  "final_score": 0.7839945929743108,
  "final_size_score": 0.36376999835910195,
  "final_matched_text_score": 0.9877930915134476,
  "final_position_score": 0.8285909357151573,
  "final_text_color_score": 0.8482585635933871,
  "final_clip_score": 0.8915603756904602
}