{
  "sum_areas": 0.24317310734158892,
  "final_score": 0.8211938079654044,
  "final_size_score": 0.5106346824671056,
  "final_matched_text_score": 0.95503246795069,
  "final_position_score": 0.8450162112354084,
  "final_text_color_score": 0.8903285029189962,
  "final_clip_score": 0.9049571752548218
}