{
  "sum_areas": 0.22575365136759631,
  "final_score": 0.9460321007376002,
  "final_size_score": 1.0000000000000002,
  "final_matched_text_score": 0.9970149253731344,
  "final_position_score": 0.9390835030546877,
  "final_text_color_score": 0.8620533915786907,
  "final_clip_score": 0.932008683681488
}