{
  "sum_areas": 0.574779332598502,
  "final_score": 0.9093757999632441,
  "final_size_score": 0.9999571632051251,
  "final_matched_text_score": 0.9844395280235988,
  "final_position_score": 0.7889722251166214,
  "final_text_color_score": 0.8656037299972121,
  "final_clip_score": 0.9079063534736633
}