{
  "sum_areas": 0.3380207559512018,
  "final_score": 0.8662650933446369,
  "final_size_score": 0.9999999999999999,
  "final_matched_text_score": 0.8890188468498639,
  "final_position_score": 0.688931012282092,
  "final_text_color_score": 0.8442488490157889,
  "final_clip_score": 0.9091267585754395
}