{
  "sum_areas": 0.31165960653243463,
  "final_score": 0.7162591697333647,
  "final_size_score": 0.3283166805517952,
  "final_matched_text_score": 0.9394523364817827,
  "final_position_score": 0.8100874117023542,
  "final_text_color_score": 0.6987185413298163,
  "final_clip_score": 0.8047208786010742
}