{
  "sum_areas": 0.6069979077912857,
  "final_score": 0.8837211350934272,
  "final_size_score": 1.0,
  "final_matched_text_score": 0.9395504508631233,
  "final_position_score": 0.8673693075549762,
  "final_text_color_score": 0.6952269527011967,
  "final_clip_score": 0.9164589643478394
}