{
  "sum_areas": 0.3003765211521109,
  "final_score": 0.9108024347595208,
  "final_size_score": 0.9998683880738132,
  "final_matched_text_score": 0.9941044780808281,
  "final_position_score": 0.8477911882264886,
  "final_text_color_score": 0.8275199857380381,
  "final_clip_score": 0.8847281336784363
}