{
  "sum_areas": 0.3996567363094652,
  "final_score": 0.9449379461842334,
  "final_size_score": 0.9157111020192054,
  "final_matched_text_score": 0.9934287270368579,
  "final_position_score": 0.9679516603967115,
  "final_text_color_score": 0.9625698791942215,
  "final_clip_score": 0.8850283622741699
}