{
  "sum_areas": 0.16508631930795484,
  "final_score": 0.8342428558537978,
  "final_size_score": 0.9406194879686668,
  "final_matched_text_score": 0.9934555450660252,
  "final_position_score": 0.6601498038868959,
  "final_text_color_score": 0.7057099046696357,
  "final_clip_score": 0.8712795376777649
}