{
  "sum_areas": 0.23809364985110607,
  "final_score": 0.7420889150948908,
  "final_size_score": 0.5740318832497628,
  "final_matched_text_score": 0.986017091402823,
  "final_position_score": 0.611408491071534,
  "final_text_color_score": 0.7449815965591109,
  "final_clip_score": 0.7940055131912231
}