{
  "sum_areas": 0.30607414136786854,
  "final_score": 0.8926716989897145,
  "final_size_score": 0.9937745227399563,
  "final_matched_text_score": 0.934431888727696,
  "final_position_score": 0.7424633641312407,
  "final_text_color_score": 0.8743203798111048,
  "final_clip_score": 0.9183683395385742
}