{
  "sum_areas": 0.20585459241405843,
  "final_score": 0.8772358956209907,
  "final_size_score": 0.9136540921913281,
  "final_matched_text_score": 0.9997176736307171,
  "final_position_score": 0.8392848785931999,
  "final_text_color_score": 0.7637387169447133,
  "final_clip_score": 0.8697841167449951
}