{
  "sum_areas": 0.4674622496456376,
  "final_score": 0.7535180867700423,
  "final_size_score": 0.591449482182989,
  "final_matched_text_score": 0.9450354499323115,
  "final_position_score": 0.6079532809534701,
  "final_text_color_score": 0.7844586020070266,
  "final_clip_score": 0.8386936187744141
}