{
  "sum_areas": 0.23462247648672335,
  "final_score": 0.7878541000037056,
  "final_size_score": 0.47127169516684253,
  "final_matched_text_score": 0.9456947335896384,
  "final_position_score": 0.7071211241356957,
  "final_text_color_score": 0.9010923137340165,
  "final_clip_score": 0.914090633392334
}