{
  "sum_areas": 0.3688679775140067,
  "final_score": 0.8031682499559214,
  "final_size_score": 0.4321727692255271,
  "final_matched_text_score": 0.9515882505318618,
  "final_position_score": 0.7881382716541279,
  "final_text_color_score": 0.9130605773332391,
  "final_clip_score": 0.9308813810348511
}