{
  "sum_areas": 0.2839592221581494,
  "final_score": 0.9066587396557138,
  "final_size_score": 0.9510828022432516,
  "final_matched_text_score": 0.954908297568296,
  "final_position_score": 0.8945493170065016,
  "final_text_color_score": 0.8257114337546787,
  "final_clip_score": 0.9070418477058411
}