{
  "sum_areas": 0.22084365948212045,
  "final_score": 0.875323566134512,
  "final_size_score": 0.7663291979353173,
  "final_matched_text_score": 0.9853486358392551,
  "final_position_score": 0.8604796151893246,
  "final_text_color_score": 0.8336049882989338,
  "final_clip_score": 0.930855393409729
}