{
  "sum_areas": 0.214780383030021,
  "final_score": 0.8736067788972396,
  "final_size_score": 0.9023289233495474,
  "final_matched_text_score": 0.9733005942683361,
  "final_position_score": 0.8121585212211778,
  "final_text_color_score": 0.7841210158644215,
  "final_clip_score": 0.8961248397827148
}