{
  "sum_areas": 0.4172531819356256,
  "final_score": 0.9067390392405139,
  "final_size_score": 0.9953570215906838,
  "final_matched_text_score": 0.9430126826983182,
  "final_position_score": 0.8025095170446732,
  "final_text_color_score": 0.8453286801949742,
  "final_clip_score": 0.9474872946739197
}