{
  "sum_areas": 0.3428912696965403,
  "final_score": 0.9471468276054446,
  "final_size_score": 0.9935064171486102,
  "final_matched_text_score": 0.990390461093799,
  "final_position_score": 0.9251188948246927,
  "final_text_color_score": 0.9058184373440009,
  "final_clip_score": 0.9208999276161194
}