{
  "sum_areas": 0.2319878472222222,
  "final_score": 0.9181135534895177,
  "final_size_score": 0.9701637043966324,
  "final_matched_text_score": 0.965473177434058,
  "final_position_score": 0.7306270424836601,
  "final_text_color_score": 0.981183959595946,
  "final_clip_score": 0.9431198835372925
}