{
  "sum_areas": 0.3825852298820791,
  "final_score": 0.8671180815267958,
  "final_size_score": 0.6196498808278035,
  "final_matched_text_score": 0.9816367623604466,
  "final_position_score": 0.8978102779737316,
  "final_text_color_score": 0.9229090753277404,
  "final_clip_score": 0.9135844111442566
}