{
  "sum_areas": 0.2067791450475796,
  "final_score": 0.8076131704862757,
  "final_size_score": 0.4092006253265565,
  "final_matched_text_score": 0.9752203829096018,
  "final_position_score": 0.9039966963368448,
  "final_text_color_score": 0.8773785770308914,
  "final_clip_score": 0.8722695708274841
}