{
  "sum_areas": 0.2723656185506532,
  "final_score": 0.900336150881341,
  "final_size_score": 0.9836438998233386,
  "final_matched_text_score": 0.9459949163497463,
  "final_position_score": 0.8335295662238535,
  "final_text_color_score": 0.8622127523350834,
  "final_clip_score": 0.8762996196746826
}