{
  "sum_areas": 0.19408414076357217,
  "final_score": 0.9460237662457693,
  "final_size_score": 0.9951806364705195,
  "final_matched_text_score": 0.9951635191156148,
  "final_position_score": 0.8141225961538463,
  "final_text_color_score": 0.9764589594861195,
  "final_clip_score": 0.9491931200027466
}