{
  "sum_areas": 0.37792735926627746,
  "final_score": 0.962329754237941,
  "final_size_score": 0.9338939397810282,
  "final_matched_text_score": 0.9938152725052781,
  "final_position_score": 0.9613212962244271,
  "final_text_color_score": 0.9842734264439249,
  "final_clip_score": 0.9383448362350464
}