{
  "sum_areas": 0.4458977084512445,
  "final_score": 0.9439037463534664,
  "final_size_score": 0.9959363835842024,
  "final_matched_text_score": 0.9635780832436518,
  "final_position_score": 0.8783209042907368,
  "final_text_color_score": 0.9626793971782815,
  "final_clip_score": 0.919003963470459
}