{
  "sum_areas": 0.2526227110480505,
  "final_score": 0.9152726969018512,
  "final_size_score": 0.9721449537855956,
  "final_matched_text_score": 0.984440903373872,
  "final_position_score": 0.928452332669056,
  "final_text_color_score": 0.777155744738715,
  "final_clip_score": 0.9141695499420166
}