{
  "sum_areas": 0.20097602611399065,
  "final_score": 0.9611096181135559,
  "final_size_score": 1.0,
  "final_matched_text_score": 0.9997781721384206,
  "final_position_score": 0.9623581782440279,
  "final_text_color_score": 0.897402223469327,
  "final_clip_score": 0.9460095167160034
}