{
  "sum_areas": 0.44863138576509026,
  "final_score": 0.9423750766289904,
  "final_size_score": 1.0,
  "final_matched_text_score": 0.9915752916332954,
  "final_position_score": 0.8573095514015172,
  "final_text_color_score": 0.9789387403359695,
  "final_clip_score": 0.8840517997741699
}