{
  "sum_areas": 0.6241420050135078,
  "final_score": 0.8974851154998831,
  "final_size_score": 1.0,
  "final_matched_text_score": 0.9355176218422583,
  "final_position_score": 0.8954134025206344,
  "final_text_color_score": 0.6963438344475578,
  "final_clip_score": 0.9601507186889648
}