{
  "sum_areas": 0.08380887069178788,
  "final_score": 0.9208013508278889,
  "final_size_score": 0.9304580021922011,
  "final_matched_text_score": 0.9839001580289708,
  "final_position_score": 0.8955488168030563,
  "final_text_color_score": 0.8717581919559146,
  "final_clip_score": 0.9223415851593018
}