{
  "sum_areas": 0.07913595265776577,
  "final_score": 0.8409720514658112,
  "final_size_score": 1.0,
  "final_matched_text_score": 0.9756613756613757,
  "final_position_score": 0.8019255316156615,
  "final_text_color_score": 0.5211675932923749,
  "final_clip_score": 0.9061057567596436
}