{
  "sum_areas": 0.1991651962798986,
  "final_score": 0.9090525089862856,
  "final_size_score": 0.9973616068278076,
  "final_matched_text_score": 0.9241778075858658,
  "final_position_score": 0.946185513036329,
  "final_text_color_score": 0.7509300086862598,
  "final_clip_score": 0.926607608795166
}