{
  "sum_areas": 0.1860600969662719,
  "final_score": 0.9096900645528075,
  "final_size_score": 0.9662029924835678,
  "final_matched_text_score": 0.9782239614430454,
  "final_position_score": 0.8945685455886794,
  "final_text_color_score": 0.811012554877163,
  "final_clip_score": 0.898442268371582
}