{
  "sum_areas": 0.020315755208333335,
  "final_score": 0.9277956565772151,
  "final_size_score": 0.9801313892004486,
  "final_matched_text_score": 1.0,
  "final_position_score": 0.804513888888889,
  "final_text_color_score": 0.9960362528207245,
  "final_clip_score": 0.8582967519760132
}