{
  "sum_areas": 0.3175698269688039,
  "final_score": 0.8848823438704936,
  "final_size_score": 0.895087904066067,
  "final_matched_text_score": 0.9858339379682503,
  "final_position_score": 0.8355765347102215,
  "final_text_color_score": 0.8580289517769353,
  "final_clip_score": 0.8498843908309937
}