{
  "sum_areas": 0.5837960429482811,
  "final_score": 0.9198727197823248,
  "final_size_score": 0.9985941196612103,
  "final_matched_text_score": 0.8877320473212232,
  "final_position_score": 0.9231113534572148,
  "final_text_color_score": 0.8588576580618189,
  "final_clip_score": 0.9310684204101562
}