{
  "sum_areas": 0.2316636298929615,
  "final_score": 0.8934122426058085,
  "final_size_score": 0.991835940458899,
  "final_matched_text_score": 0.9858864015317218,
  "final_position_score": 0.8605394776978456,
  "final_text_color_score": 0.684448971911896,
  "final_clip_score": 0.9443504214286804
}