{
  "sum_areas": 0.02793118824318792,
  "final_score": 0.8891662637489154,
  "final_size_score": 0.9303348962542525,
  "final_matched_text_score": 1.0,
  "final_position_score": 0.8650532245978907,
  "final_text_color_score": 0.7469894901974266,
  "final_clip_score": 0.9034537076950073
}