{
  "sum_areas": 0.5194178109783154,
  "final_score": 0.7265628962857781,
  "final_size_score": 0.16242629370500622,
  "final_matched_text_score": 0.9664622547884483,
  "final_position_score": 0.8761864567218478,
  "final_text_color_score": 0.7640749683476822,
  "final_clip_score": 0.8636645078659058
}