{
  "sum_areas": 0.3863074865070864,
  "final_score": 0.880576701141616,
  "final_size_score": 0.9557935289845173,
  "final_matched_text_score": 0.9291152161601193,
  "final_position_score": 0.7752745567595033,
  "final_text_color_score": 0.8195449556388094,
  "final_clip_score": 0.9231552481651306
}