{
  "sum_areas": 0.018798828125,
  "final_score": 0.9308715716502522,
  "final_size_score": 0.9535930735930738,
  "final_matched_text_score": 1.0,
  "final_position_score": 0.8156249999999999,
  "final_text_color_score": 0.9960362528207245,
  "final_clip_score": 0.8891035318374634
}