{
  "sum_areas": 0.24345486977187059,
  "final_score": 0.9307394742617365,
  "final_size_score": 0.9961579654146044,
  "final_matched_text_score": 0.9952574525745258,
  "final_position_score": 0.8090494791666667,
  "final_text_color_score": 0.9399401853726738,
  "final_clip_score": 0.9132922887802124
}