{
  "sum_areas": 0.1477163224034754,
  "final_score": 0.8419968156040172,
  "final_size_score": 0.6677608197312431,
  "final_matched_text_score": 0.9837401627317595,
  "final_position_score": 0.790106074370356,
  "final_text_color_score": 0.8441059144667568,
  "final_clip_score": 0.9242711067199707
}