{
  "sum_areas": 0.07181943628918362,
  "final_score": 0.928286685722215,
  "final_size_score": 0.9949365701967678,
  "final_matched_text_score": 0.9947541409726284,
  "final_position_score": 0.9166764908038179,
  "final_text_color_score": 0.8075157915716377,
  "final_clip_score": 0.9275504350662231
}