{
  "sum_areas": 0.3184131191068603,
  "final_score": 0.9404617074822283,
  "final_size_score": 0.9860092468734061,
  "final_matched_text_score": 0.9459949163497463,
  "final_position_score": 0.9302187103021966,
  "final_text_color_score": 0.8696838999697776,
  "final_clip_score": 0.9704017639160156
}