{
  "sum_areas": 0.7240156396494981,
  "final_score": 0.9213682327861801,
  "final_size_score": 0.9924870906178425,
  "final_matched_text_score": 0.9449145451220001,
  "final_position_score": 0.8947980566017726,
  "final_text_color_score": 0.8356300170070707,
  "final_clip_score": 0.9390114545822144
}