{
  "sum_areas": 0.09235666966502143,
  "final_score": 0.7576847673985276,
  "final_size_score": 0.35120791578279215,
  "final_matched_text_score": 0.874702380952381,
  "final_position_score": 0.7515872198866651,
  "final_text_color_score": 0.9044674656955067,
  "final_clip_score": 0.906458854675293
}