{
  "sum_areas": 0.2717354219463058,
  "final_score": 0.8579808426325173,
  "final_size_score": 0.8355710017552831,
  "final_matched_text_score": 0.977394489975403,
  "final_position_score": 0.7651925295314024,
  "final_text_color_score": 0.8373393177206584,
  "final_clip_score": 0.8744068741798401
}