{
  "sum_areas": 0.14448119741348509,
  "final_score": 0.922432470059357,
  "final_size_score": 0.9787290624025435,
  "final_matched_text_score": 0.9288317874692751,
  "final_position_score": 0.8559356092838664,
  "final_text_color_score": 0.906307993382616,
  "final_clip_score": 0.9423578977584839
}