{
  "sum_areas": 0.45450324829208416,
  "final_score": 0.8906929215363569,
  "final_size_score": 0.8648486727068939,
  "final_matched_text_score": 0.9443061805848117,
  "final_position_score": 0.9247743021317555,
  "final_text_color_score": 0.8028702558395613,
  "final_clip_score": 0.9166651964187622
}