{
  "sum_areas": 0.045715990536952786,
  "final_score": 0.6952224738327256,
  "final_size_score": 0.46408406580905004,
  "final_matched_text_score": 1.0,
  "final_position_score": 0.6887590856062722,
  "final_text_color_score": 0.5502690370270228,
  "final_clip_score": 0.773000180721283
}