{
  "sum_areas": 0.2941850325480184,
  "final_score": 0.9062119108668416,
  "final_size_score": 0.9723279361011518,
  "final_matched_text_score": 0.9545247443056122,
  "final_position_score": 0.9036929646211462,
  "final_text_color_score": 0.7791233162543878,
  "final_clip_score": 0.9213905930519104
}