{
  "sum_areas": 0.21004177439296212,
  "final_score": 0.8518178156987833,
  "final_size_score": 0.8273455266814386,
  "final_matched_text_score": 0.9867534412642763,
  "final_position_score": 0.7217044811186536,
  "final_text_color_score": 0.8241726299903093,
  "final_clip_score": 0.8991129994392395
}