{
  "sum_areas": 0.30612600682994817,
  "final_score": 0.8953305706604389,
  "final_size_score": 0.9803950816272845,
  "final_matched_text_score": 0.9378728798003387,
  "final_position_score": 0.8306353736462908,
  "final_text_color_score": 0.7900428093201989,
  "final_clip_score": 0.937706708908081
}