{
  "sum_areas": 0.5536323772014056,
  "final_score": 0.8835250335064132,
  "final_size_score": 0.985653306249414,
  "final_matched_text_score": 0.9671607403533236,
  "final_position_score": 0.7027206328634334,
  "final_text_color_score": 0.8500858384267644,
  "final_clip_score": 0.9120046496391296
}