{
  "sum_areas": 0.24066549022295328,
  "final_score": 0.933330980097572,
  "final_size_score": 0.9862377908327398,
  "final_matched_text_score": 0.9878864825682924,
  "final_position_score": 0.7690960038986355,
  "final_text_color_score": 0.9876011690561118,
  "final_clip_score": 0.9358334541320801
}