{
  "sum_areas": 0.2429014756944444,
  "final_score": 0.8101378973639414,
  "final_size_score": 0.47593117065282464,
  "final_matched_text_score": 0.952854520855318,
  "final_position_score": 0.8960325591985427,
  "final_text_color_score": 0.8941047499451134,
  "final_clip_score": 0.8317664861679077
}