{
  "sum_areas": 0.005,
  "final_score": 0.9591865778335482,
  "final_size_score": 0.9672309027777777,
  "final_matched_text_score": 1.0,
  "final_position_score": 0.9722222222222223,
  "final_text_color_score": 0.90567845124431,
  "final_clip_score": 0.9508013129234314
}