{
  "sum_areas": 0.022127821180555556,
  "final_score": 0.9273829309365951,
  "final_size_score": 1.0,
  "final_matched_text_score": 1.0,
  "final_position_score": 0.7996527777777778,
  "final_text_color_score": 0.9960362528207245,
  "final_clip_score": 0.8412256240844727
}