{
  "sum_areas": 0.28510236896172414,
  "final_score": 0.8885058641777084,
  "final_size_score": 0.9660120085143906,
  "final_matched_text_score": 0.987353166076054,
  "final_position_score": 0.7758799293743688,
  "final_text_color_score": 0.8118967638445048,
  "final_clip_score": 0.9013874530792236
}