{
  "sum_areas": 0.11672646503590393,
  "final_score": 0.9208401839915006,
  "final_size_score": 0.8806780810208275,
  "final_matched_text_score": 0.9842454248797798,
  "final_position_score": 0.924560365771593,
  "final_text_color_score": 0.8821197687366574,
  "final_clip_score": 0.932597279548645
}