{
  "sum_areas": 0.22060541279394527,
  "final_score": 0.8806918687354127,
  "final_size_score": 0.7520686358939073,
  "final_matched_text_score": 0.9933931323383657,
  "final_position_score": 0.864996021327681,
  "final_text_color_score": 0.8569165683840769,
  "final_clip_score": 0.9360849857330322
}