{
  "sum_areas": 0.5407528912619639,
  "final_score": 0.8915731772097608,
  "final_size_score": 0.9857616059213135,
  "final_matched_text_score": 0.9991078509119746,
  "final_position_score": 0.8394680624944612,
  "final_text_color_score": 0.869041159785172,
  "final_clip_score": 0.7644872069358826
}