{
  "sum_areas": 0.21649610394827187,
  "final_score": 0.9161330231100735,
  "final_size_score": 0.9975728150095079,
  "final_matched_text_score": 0.983212318180914,
  "final_position_score": 0.9332771236462951,
  "final_text_color_score": 0.7638652412209747,
  "final_clip_score": 0.9027376174926758
}