{
  "sum_areas": 0.17759815406018872,
  "final_score": 0.9315187929151478,
  "final_size_score": 0.994733267163748,
  "final_matched_text_score": 0.9951635191156148,
  "final_position_score": 0.764640592366823,
  "final_text_color_score": 0.9568404199101133,
  "final_clip_score": 0.9462161660194397
}