{
  "sum_areas": 0.4792709340812514,
  "final_score": 0.8002605735936759,
  "final_size_score": 0.3894676901893964,
  "final_matched_text_score": 0.9479670708635775,
  "final_position_score": 0.9047766188067722,
  "final_text_color_score": 0.815667442069052,
  "final_clip_score": 0.9434240460395813
}