{
  "sum_areas": 0.3425281047617714,
  "final_score": 0.7848250089565555,
  "final_size_score": 0.3238005856219345,
  "final_matched_text_score": 0.9721349822114128,
  "final_position_score": 0.7304949810224418,
  "final_text_color_score": 0.970744279633653,
  "final_clip_score": 0.926950216293335
}