{
  "sum_areas": 0.19572647596621945,
  "final_score": 0.9065159839781503,
  "final_size_score": 0.8709215051320734,
  "final_matched_text_score": 0.9555945785083593,
  "final_position_score": 0.9158160960528126,
  "final_text_color_score": 0.9480030555013086,
  "final_clip_score": 0.8422446846961975
}