{
  "sum_areas": 0.09538166067342267,
  "final_score": 0.8874182699686302,
  "final_size_score": 0.9789503165994052,
  "final_matched_text_score": 0.9681518287496412,
  "final_position_score": 0.8501385405599597,
  "final_text_color_score": 0.7163628814558122,
  "final_clip_score": 0.9234877824783325
}