{
  "sum_areas": 0.1618688063427364,
  "final_score": 0.9135197653478855,
  "final_size_score": 1.0,
  "final_matched_text_score": 0.9912548836375021,
  "final_position_score": 0.78549945843877,
  "final_text_color_score": 0.9114933455945512,
  "final_clip_score": 0.8793511390686035
}