{
  "sum_areas": 0.2944200738153504,
  "final_score": 0.8965583715757222,
  "final_size_score": 0.9917198328052244,
  "final_matched_text_score": 0.9906771470867284,
  "final_position_score": 0.8268753183982062,
  "final_text_color_score": 0.812225886073132,
  "final_clip_score": 0.8612936735153198
}