{
  "sum_areas": 0.5119280565692385,
  "final_score": 0.9230826245325905,
  "final_size_score": 0.9997987569216025,
  "final_matched_text_score": 0.8908139711494093,
  "final_position_score": 0.9033651242148252,
  "final_text_color_score": 0.8509607887944732,
  "final_clip_score": 0.9704744815826416
}