{
  "sum_areas": 0.05448572011934375,
  "final_score": 0.9093219897406801,
  "final_size_score": 0.9043336385851524,
  "final_matched_text_score": 0.9663461538461539,
  "final_position_score": 0.867908653846154,
  "final_text_color_score": 0.8492848443296267,
  "final_clip_score": 0.9587366580963135
}