{
  "sum_areas": 0.10155806024368501,
  "final_score": 0.8858793798510338,
  "final_size_score": 0.9730109763740603,
  "final_matched_text_score": 0.8636153069920255,
  "final_position_score": 0.8381558121636705,
  "final_text_color_score": 0.8571418260871675,
  "final_clip_score": 0.8974729776382446
}