{
  "sum_areas": 0.17292544858865921,
  "final_score": 0.8893004451973904,
  "final_size_score": 0.9841617148016236,
  "final_matched_text_score": 0.9756801700143909,
  "final_position_score": 0.8528636899480374,
  "final_text_color_score": 0.7373656223799734,
  "final_clip_score": 0.896431028842926
}