{
  "sum_areas": 0.1576989250665336,
  "final_score": 0.9326877461382335,
  "final_size_score": 0.9391073994605784,
  "final_matched_text_score": 0.9650717479406193,
  "final_position_score": 0.9213026007450456,
  "final_text_color_score": 0.8873906907358421,
  "final_clip_score": 0.950566291809082
}