{
  "sum_areas": 0.17824279770703375,
  "final_score": 0.84540514008973,
  "final_size_score": 0.6967626603775962,
  "final_matched_text_score": 1.0,
  "final_position_score": 0.7491193942759276,
  "final_text_color_score": 0.8785676760990806,
  "final_clip_score": 0.9025759696960449
}