{
  "sum_areas": 0.31482150488066013,
  "final_score": 0.6016476974080995,
  "final_size_score": 0.03554723027790613,
  "final_matched_text_score": 1.0,
  "final_position_score": 0.5497831252504508,
  "final_text_color_score": 0.6492002052387947,
  "final_clip_score": 0.773707926273346
}