{
  "sum_areas": 0.17929221034528742,
  "final_score": 0.8226424443659051,
  "final_size_score": 0.7628070372693377,
  "final_matched_text_score": 0.9106719348358324,
  "final_position_score": 0.8197685272339357,
  "final_text_color_score": 0.7177495397092,
  "final_clip_score": 0.9022151827812195
}