{
  "sum_areas": 0.31310515260670496,
  "final_score": 0.7380924789560716,
  "final_size_score": 0.7407499802311938,
  "final_matched_text_score": 0.9333827784824098,
  "final_position_score": 0.6058883502331465,
  "final_text_color_score": 0.5332331721632583,
  "final_clip_score": 0.8772081136703491
}