{
  "sum_areas": 0.5243326770304426,
  "final_score": 0.9041957994276736,
  "final_size_score": 0.9856645998173498,
  "final_matched_text_score": 0.9439218349736644,
  "final_position_score": 0.9103651663255192,
  "final_text_color_score": 0.7703878119573506,
  "final_clip_score": 0.9106395840644836
}