{
  "sum_areas": 0.7850000777605515,
  "final_score": 0.6713294647145043,
  "final_size_score": 0.10076745906163644,
  "final_matched_text_score": 0.9225918763714501,
  "final_position_score": 0.772005495596322,
  "final_text_color_score": 0.7157187232025977,
  "final_clip_score": 0.8455637693405151
}