{
  "sum_areas": 0.4762318386212189,
  "final_score": 0.8864147814753758,
  "final_size_score": 0.9464807785359005,
  "final_matched_text_score": 0.9680434864795409,
  "final_position_score": 0.8133724739844483,
  "final_text_color_score": 0.8215614233093927,
  "final_clip_score": 0.8826157450675964
}