{
  "sum_areas": 0.14660440535844876,
  "final_score": 0.8792790073120291,
  "final_size_score": 0.9999999999999998,
  "final_matched_text_score": 0.9697131343694594,
  "final_position_score": 0.7277051962837389,
  "final_text_color_score": 0.8272374376040291,
  "final_clip_score": 0.8717392683029175
}