{
  "sum_areas": 0.32342640055565197,
  "final_score": 0.666479808843345,
  "final_size_score": 0.10936853471551337,
  "final_matched_text_score": 0.9484283832109918,
  "final_position_score": 0.6831152904235637,
  "final_text_color_score": 0.7610822562272211,
  "final_clip_score": 0.8304045796394348
}