{
  "sum_areas": 0.07337766661163042,
  "final_score": 0.8015122423876051,
  "final_size_score": 0.6079017080266657,
  "final_matched_text_score": 0.9673325681270071,
  "final_position_score": 0.7373278098228323,
  "final_text_color_score": 0.8336382184068933,
  "final_clip_score": 0.8613609075546265
}