{
  "sum_areas": 0.15103746546673247,
  "final_score": 0.922383158637242,
  "final_size_score": 0.9999999999999998,
  "final_matched_text_score": 0.9917615943378655,
  "final_position_score": 0.8729542412603124,
  "final_text_color_score": 0.8881754925039561,
  "final_clip_score": 0.8590244650840759
}