{
  "sum_areas": 0.08244234912359108,
  "final_score": 0.9298620207630499,
  "final_size_score": 0.9999123142986773,
  "final_matched_text_score": 0.9920895304753573,
  "final_position_score": 0.8471659766699879,
  "final_text_color_score": 0.9057989157483014,
  "final_clip_score": 0.9043433666229248
}