{
  "sum_areas": 0.028993055555555557,
  "final_score": 0.9364427238332296,
  "final_size_score": 0.9839446107784431,
  "final_matched_text_score": 1.0,
  "final_position_score": 0.85,
  "final_text_color_score": 0.9839651214972933,
  "final_clip_score": 0.8643038868904114
}