{
  "sum_areas": 0.5307947158354173,
  "final_score": 0.9250318037032639,
  "final_size_score": 0.9998978416130314,
  "final_matched_text_score": 0.9970291146761735,
  "final_position_score": 0.925737012911836,
  "final_text_color_score": 0.8300004113491221,
  "final_clip_score": 0.872494637966156
}