{
  "sum_areas": 0.43651707206044144,
  "final_score": 0.9370229095077369,
  "final_size_score": 0.9460869119613016,
  "final_matched_text_score": 0.9426103536368975,
  "final_position_score": 0.9364408656576336,
  "final_text_color_score": 0.9180104786684107,
  "final_clip_score": 0.9419659376144409
}