{
  "sum_areas": 0.06958003584956711,
  "final_score": 0.9240633004363158,
  "final_size_score": 0.9833142350710525,
  "final_matched_text_score": 0.995475113122172,
  "final_position_score": 0.9041924221611723,
  "final_text_color_score": 0.8230276143650241,
  "final_clip_score": 0.9143071174621582
}