{
  "sum_areas": 0.4717673402261798,
  "final_score": 0.8772903806827603,
  "final_size_score": 0.9725180283432804,
  "final_matched_text_score": 0.893892382937835,
  "final_position_score": 0.9068992786249861,
  "final_text_color_score": 0.7059499832830911,
  "final_clip_score": 0.9071922302246094
}