{
  "sum_areas": 0.5661491442034595,
  "final_score": 0.9394352925884552,
  "final_size_score": 0.9963813512983537,
  "final_matched_text_score": 0.9615710003229282,
  "final_position_score": 0.9324985870856101,
  "final_text_color_score": 0.9133742077833569,
  "final_clip_score": 0.8933513164520264
}