{
  "sum_areas": 0.2028578809273425,
  "final_score": 0.8652630167255332,
  "final_size_score": 0.953146879308923,
  "final_matched_text_score": 0.9342565597667638,
  "final_position_score": 0.744694436195563,
  "final_text_color_score": 0.8035765919394848,
  "final_clip_score": 0.8906406164169312
}