{
  "sum_areas": 0.2539483624991911,
  "final_score": 0.9088891714944403,
  "final_size_score": 0.9849142875552535,
  "final_matched_text_score": 0.9445549293834209,
  "final_position_score": 0.9322444505691563,
  "final_text_color_score": 0.8329250467530068,
  "final_clip_score": 0.8498071432113647
}