{
  "sum_areas": 0.39708805523994506,
  "final_score": 0.9269557773546542,
  "final_size_score": 0.9957929827982933,
  "final_matched_text_score": 0.9915154068367839,
  "final_position_score": 0.8771842439114544,
  "final_text_color_score": 0.8755740435252013,
  "final_clip_score": 0.8947122097015381
}