{
  "sum_areas": 0.2906506347882674,
  "final_score": 0.7806911101366224,
  "final_size_score": 0.3493833647510463,
  "final_matched_text_score": 0.9820476815992512,
  "final_position_score": 0.8289150381476362,
  "final_text_color_score": 0.8595426694055455,
  "final_clip_score": 0.8835667967796326
}