{
  "sum_areas": 0.15884608754995225,
  "final_score": 0.9116603098858391,
  "final_size_score": 0.9942604991928444,
  "final_matched_text_score": 0.9806727871856773,
  "final_position_score": 0.8002748238163064,
  "final_text_color_score": 0.8671851621996075,
  "final_clip_score": 0.9159082770347595
}