{
  "sum_areas": 0.16398980590729106,
  "final_score": 0.8318090968006194,
  "final_size_score": 0.7612487198491177,
  "final_matched_text_score": 0.9892675713243446,
  "final_position_score": 0.8847575336800405,
  "final_text_color_score": 0.6133271014828157,
  "final_clip_score": 0.9104445576667786
}