{
  "sum_areas": 0.31225298110181837,
  "final_score": 0.9293019667264306,
  "final_size_score": 1.0,
  "final_matched_text_score": 0.990723060574648,
  "final_position_score": 0.8682089055594291,
  "final_text_color_score": 0.9074791669746991,
  "final_clip_score": 0.8800987005233765
}