{
  "sum_areas": 0.5408703341586864,
  "final_score": 0.7585074279679129,
  "final_size_score": 0.26601278399639167,
  "final_matched_text_score": 0.9729778054318683,
  "final_position_score": 0.9051040379899283,
  "final_text_color_score": 0.753968125252492,
  "final_clip_score": 0.8944743871688843
}