{
  "sum_areas": 0.2618620601157502,
  "final_score": 0.9191098426001828,
  "final_size_score": 0.9984579588897438,
  "final_matched_text_score": 0.9849127152634886,
  "final_position_score": 0.9149929878425047,
  "final_text_color_score": 0.7949440825756116,
  "final_clip_score": 0.9022414684295654
}