{
  "sum_areas": 0.28296068456257456,
  "final_score": 0.7418634695416918,
  "final_size_score": 0.0659921005283178,
  "final_matched_text_score": 1.0,
  "final_position_score": 0.9059201662602007,
  "final_text_color_score": 0.8325073314959597,
  "final_clip_score": 0.9048977494239807
}