{
  "sum_areas": 0.3013168284860095,
  "final_score": 0.8870960489231238,
  "final_size_score": 0.9920603136468292,
  "final_matched_text_score": 0.9496155320591807,
  "final_position_score": 0.793913974047108,
  "final_text_color_score": 0.7697591086775025,
  "final_clip_score": 0.9301313161849976
}