{
  "sum_areas": 0.3198175780151522,
  "final_score": 0.9095796749519076,
  "final_size_score": 0.9878322797709262,
  "final_matched_text_score": 0.9933176391215176,
  "final_position_score": 0.8841226850216976,
  "final_text_color_score": 0.7705714705371693,
  "final_clip_score": 0.9120543003082275
}