{
  "sum_areas": 0.10453299699909945,
  "final_score": 0.9090099237528246,
  "final_size_score": 0.9778222832952986,
  "final_matched_text_score": 0.9508928571428572,
  "final_position_score": 0.8522927613249645,
  "final_text_color_score": 0.8269078683338584,
  "final_clip_score": 0.9371338486671448
}