{
  "sum_areas": 0.068056640625,
  "final_score": 0.9475480459476819,
  "final_size_score": 1.0,
  "final_matched_text_score": 0.987012987012987,
  "final_position_score": 0.8821428571428571,
  "final_text_color_score": 0.90768139667189,
  "final_clip_score": 0.960902988910675
}