{
  "sum_areas": 0.11536702170285865,
  "final_score": 0.8965247055453975,
  "final_size_score": 0.9892130820876428,
  "final_matched_text_score": 0.9843584565609189,
  "final_position_score": 0.7987991828339591,
  "final_text_color_score": 0.8853058066946015,
  "final_clip_score": 0.8249469995498657
}