{
  "sum_areas": 0.32640909181492805,
  "final_score": 0.7962242886471183,
  "final_size_score": 0.747639972827141,
  "final_matched_text_score": 0.9688908679914695,
  "final_position_score": 0.7656219637586117,
  "final_text_color_score": 0.640021778821791,
  "final_clip_score": 0.8589468598365784
}