{
  "sum_areas": 0.3285661626644411,
  "final_score": 0.8505814746590904,
  "final_size_score": 0.7669124012962656,
  "final_matched_text_score": 0.9437529645068239,
  "final_position_score": 0.8662786830397821,
  "final_text_color_score": 0.8157512368213551,
  "final_clip_score": 0.8602120876312256
}