{
  "sum_areas": 0.21405510984382145,
  "final_score": 0.8961799185724284,
  "final_size_score": 0.9780265241923779,
  "final_matched_text_score": 0.9574930054442593,
  "final_position_score": 0.7571545082082913,
  "final_text_color_score": 0.865355753495912,
  "final_clip_score": 0.9228698015213013
}