{
  "sum_areas": 0.21149683272874106,
  "final_score": 0.8984128316048667,
  "final_size_score": 0.9935693205125063,
  "final_matched_text_score": 0.9373337562589211,
  "final_position_score": 0.8513317764563979,
  "final_text_color_score": 0.8274591308653862,
  "final_clip_score": 0.8823701739311218
}