{
  "sum_areas": 0.11769656753406303,
  "final_score": 0.8943598754076248,
  "final_size_score": 0.9324963867143262,
  "final_matched_text_score": 0.9826333636891986,
  "final_position_score": 0.8960699594298608,
  "final_text_color_score": 0.7635588232411156,
  "final_clip_score": 0.897040843963623
}