{
  "sum_areas": 0.10994809384725532,
  "final_score": 0.9215542071180126,
  "final_size_score": 0.8230877056031344,
  "final_matched_text_score": 0.9996629592180655,
  "final_position_score": 0.9500720845532983,
  "final_text_color_score": 0.8746905175845833,
  "final_clip_score": 0.9602577686309814
}