{
  "sum_areas": 0.13918327487244897,
  "final_score": 0.9309294191052836,
  "final_size_score": 1.0,
  "final_matched_text_score": 0.9888302068041073,
  "final_position_score": 0.8992887259070296,
  "final_text_color_score": 0.8424635265848117,
  "final_clip_score": 0.9240646362304688
}