{
  "sum_areas": 0.03962261418678038,
  "final_score": 0.8318076980047228,
  "final_size_score": 0.553171678830952,
  "final_matched_text_score": 1.0,
  "final_position_score": 0.9025104214431482,
  "final_text_color_score": 0.8316438243274553,
  "final_clip_score": 0.8717125654220581
}