{
  "sum_areas": 0.5097202459161932,
  "final_score": 0.8086638516345416,
  "final_size_score": 0.41141359469271915,
  "final_matched_text_score": 0.9431426610015473,
  "final_position_score": 0.8841382575757574,
  "final_text_color_score": 0.8927433576689493,
  "final_clip_score": 0.9118813872337341
}