{
  "sum_areas": 0.30795764215416666,
  "final_score": 0.8589952111133844,
  "final_size_score": 0.6426792998905673,
  "final_matched_text_score": 0.9889177318703712,
  "final_position_score": 0.8525471495000911,
  "final_text_color_score": 0.8826651272126916,
  "final_clip_score": 0.9281667470932007
}