{
  "sum_areas": 0.27699499433806873,
  "final_score": 0.7713943215753353,
  "final_size_score": 0.3965146319140078,
  "final_matched_text_score": 0.9774976487307047,
  "final_position_score": 0.899791285221624,
  "final_text_color_score": 0.8077890995207158,
  "final_clip_score": 0.775378942489624
}