{
  "sum_areas": 0.2509325509311753,
  "final_score": 0.833501718862552,
  "final_size_score": 0.5570966050975543,
  "final_matched_text_score": 0.9428882540055326,
  "final_position_score": 0.8902043986267666,
  "final_text_color_score": 0.9141290432708338,
  "final_clip_score": 0.8631902933120728
}