{
  "sum_areas": 0.0697953048210996,
  "final_score": 0.9066887412115527,
  "final_size_score": 0.9542274752509365,
  "final_matched_text_score": 0.9958037705560866,
  "final_position_score": 0.9258764948962535,
  "final_text_color_score": 0.7999474357676946,
  "final_clip_score": 0.857588529586792
}