{
  "sum_areas": 0.33033610624041726,
  "final_score": 0.921695318046057,
  "final_size_score": 0.9824124419330654,
  "final_matched_text_score": 0.9608923234521545,
  "final_position_score": 0.8620622704606046,
  "final_text_color_score": 0.8945277014715576,
  "final_clip_score": 0.9085818529129028
}