{
  "sum_areas": 0.31955082443114013,
  "final_score": 0.8873941445411884,
  "final_size_score": 0.9999999999999998,
  "final_matched_text_score": 0.9391973139916935,
  "final_position_score": 0.7185988407889201,
  "final_text_color_score": 0.8608984367722213,
  "final_clip_score": 0.9182761311531067
}