{
  "sum_areas": 0.35358205873034343,
  "final_score": 0.9039900395378275,
  "final_size_score": 0.9970675779277353,
  "final_matched_text_score": 0.9919183069577829,
  "final_position_score": 0.844586256047655,
  "final_text_color_score": 0.7595130751046586,
  "final_clip_score": 0.9268649816513062
}