{
  "sum_areas": 0.1819389584719055,
  "final_score": 0.919679727293482,
  "final_size_score": 0.9948589239077623,
  "final_matched_text_score": 0.9951635191156148,
  "final_position_score": 0.8013641019854496,
  "final_text_color_score": 0.8648393257267718,
  "final_clip_score": 0.9421727657318115
}