{
  "sum_areas": 0.18411564561345645,
  "final_score": 0.90529277601094,
  "final_size_score": 0.8715848993284107,
  "final_matched_text_score": 0.998949419448812,
  "final_position_score": 0.9272641349906554,
  "final_text_color_score": 0.8738927989331542,
  "final_clip_score": 0.8547726273536682
}