{
  "sum_areas": 0.12129076942287427,
  "final_score": 0.864502928320291,
  "final_size_score": 0.850140245199976,
  "final_matched_text_score": 0.9056433519749728,
  "final_position_score": 0.887703299573301,
  "final_text_color_score": 0.7634215441581669,
  "final_clip_score": 0.9156062006950378
}