{
  "sum_areas": 0.08325110306256756,
  "final_score": 0.8283483981669186,
  "final_size_score": 1.0,
  "final_matched_text_score": 0.9755926051603011,
  "final_position_score": 0.8040283981366102,
  "final_text_color_score": 0.4664484874041664,
  "final_clip_score": 0.8956725001335144
}