{
  "sum_areas": 0.46000043920540246,
  "final_score": 0.8753223738386237,
  "final_size_score": 0.9620620976695472,
  "final_matched_text_score": 0.8810462321008288,
  "final_position_score": 0.8759377604049228,
  "final_text_color_score": 0.7235141461366544,
  "final_clip_score": 0.9340516328811646
}