{
  "sum_areas": 0.1837826379481427,
  "final_score": 0.7927102051053879,
  "final_size_score": 0.7277051761671715,
  "final_matched_text_score": 0.9930966469428009,
  "final_position_score": 0.552128426778006,
  "final_text_color_score": 0.7961647467006677,
  "final_clip_score": 0.8944560289382935
}