{
  "sum_areas": 0.20401724615239678,
  "final_score": 0.7540443159152528,
  "final_size_score": 0.524330579819013,
  "final_matched_text_score": 0.9340183951271088,
  "final_position_score": 0.7892031702404373,
  "final_text_color_score": 0.6785835026117504,
  "final_clip_score": 0.8440859317779541
}