{
  "sum_areas": 0.08403320211004771,
  "final_score": 0.920354351132242,
  "final_size_score": 0.995520117989412,
  "final_matched_text_score": 0.9890538993523296,
  "final_position_score": 0.8116172808025709,
  "final_text_color_score": 0.8630998933994648,
  "final_clip_score": 0.9424805641174316
}