{
  "sum_areas": 0.22152947271492998,
  "final_score": 0.8942576418058027,
  "final_size_score": 0.7404350293812705,
  "final_matched_text_score": 0.9901446240081876,
  "final_position_score": 0.9073900758595468,
  "final_text_color_score": 0.8972689588106172,
  "final_clip_score": 0.9360495209693909
}