{
  "sum_areas": 0.3430180849446879,
  "final_score": 0.8952910943393766,
  "final_size_score": 0.9940675850282884,
  "final_matched_text_score": 0.9309675849982721,
  "final_position_score": 0.9241587728473455,
  "final_text_color_score": 0.680402943942148,
  "final_clip_score": 0.9468585848808289
}