{
  "sum_areas": 0.2562287375672398,
  "final_score": 0.8577701351196887,
  "final_size_score": 0.620776121062474,
  "final_matched_text_score": 0.9628984674201622,
  "final_position_score": 0.904911911912604,
  "final_text_color_score": 0.9080651953486193,
  "final_clip_score": 0.8921989798545837
}