{
  "sum_areas": 0.1916784614463563,
  "final_score": 0.9176008191478764,
  "final_size_score": 0.9757705049422376,
  "final_matched_text_score": 0.9832912176290293,
  "final_position_score": 0.8969147385272213,
  "final_text_color_score": 0.8076404180728998,
  "final_clip_score": 0.9243872165679932
}