{
  "sum_areas": 0.25482367322753957,
  "final_score": 0.941986822562393,
  "final_size_score": 1.0,
  "final_matched_text_score": 0.9427102942913113,
  "final_position_score": 0.9322338806929509,
  "final_text_color_score": 0.8708767619587142,
  "final_clip_score": 0.964113175868988
}