{
  "sum_areas": 0.3561506375560474,
  "final_score": 0.898921586693715,
  "final_size_score": 0.9959868452328909,
  "final_matched_text_score": 0.945089758355908,
  "final_position_score": 0.8042088720225311,
  "final_text_color_score": 0.8173092442227539,
  "final_clip_score": 0.932013213634491
}