{
  "sum_areas": 0.3545850364655122,
  "final_score": 0.7397315752060979,
  "final_size_score": 0.4052145742156493,
  "final_matched_text_score": 0.9179632867154355,
  "final_position_score": 0.6076540822410892,
  "final_text_color_score": 0.886577577946511,
  "final_clip_score": 0.8812483549118042
}