{
  "sum_areas": 0.1791198683191325,
  "final_score": 0.7493515536508628,
  "final_size_score": 0.13664565088047256,
  "final_matched_text_score": 0.892063492063492,
  "final_position_score": 0.8491886649018834,
  "final_text_color_score": 0.9629156130268738,
  "final_clip_score": 0.9059443473815918
}