{
  "sum_areas": 0.1818366061332709,
  "final_score": 0.9628358993493669,
  "final_size_score": 1.0,
  "final_matched_text_score": 0.9997781721384206,
  "final_position_score": 0.9490274714931154,
  "final_text_color_score": 0.9066499504129666,
  "final_clip_score": 0.9587239027023315
}