{
  "sum_areas": 0.19520109112564593,
  "final_score": 0.8677850165226912,
  "final_size_score": 0.9593395974577232,
  "final_matched_text_score": 0.9391243611223197,
  "final_position_score": 0.8429514132911661,
  "final_text_color_score": 0.7132187771332384,
  "final_clip_score": 0.8842909336090088
}