{
  "sum_areas": 0.2547517112555051,
  "final_score": 0.7335258868068857,
  "final_size_score": 0.4266144388893417,
  "final_matched_text_score": 0.9382207574413334,
  "final_position_score": 0.6793689374235374,
  "final_text_color_score": 0.7798871947923921,
  "final_clip_score": 0.8435381054878235
}