{
  "sum_areas": 0.510178710062645,
  "final_score": 0.8794362298361555,
  "final_size_score": 0.969855647724275,
  "final_matched_text_score": 0.952406881043638,
  "final_position_score": 0.7478951387793635,
  "final_text_color_score": 0.7614659064076712,
  "final_clip_score": 0.9655575752258301
}