{
  "sum_areas": 0.20359424107368915,
  "final_score": 0.8677852520462302,
  "final_size_score": 0.9968222218355732,
  "final_matched_text_score": 0.986385485612355,
  "final_position_score": 0.6774698017537566,
  "final_text_color_score": 0.7716976283640604,
  "final_clip_score": 0.9065511226654053
}