{
  "sum_areas": 0.6172453680467783,
  "final_score": 0.859713967597429,
  "final_size_score": 0.5081983368338462,
  "final_matched_text_score": 0.969027857560415,
  "final_position_score": 0.9587048259711157,
  "final_text_color_score": 0.9622655971780427,
  "final_clip_score": 0.9003732204437256
}