{
  "sum_areas": 0.32399762166472024,
  "final_score": 0.7405583729959999,
  "final_size_score": 0.04123234536528161,
  "final_matched_text_score": 0.9977678571428572,
  "final_position_score": 0.915868490776452,
  "final_text_color_score": 0.8416631581150864,
  "final_clip_score": 0.9062600135803223
}