{
  "sum_areas": 0.3566694053571364,
  "final_score": 0.938765635854153,
  "final_size_score": 0.9961960869379444,
  "final_matched_text_score": 0.992468312570085,
  "final_position_score": 0.8919711574353322,
  "final_text_color_score": 0.8927256032462869,
  "final_clip_score": 0.9204670190811157
}