{
  "sum_areas": 0.19062175020123598,
  "final_score": 0.9019343064333758,
  "final_size_score": 0.9997926095396333,
  "final_matched_text_score": 0.9852669747484555,
  "final_position_score": 0.8887694333367954,
  "final_text_color_score": 0.794315171745669,
  "final_clip_score": 0.8415273427963257
}