{
  "sum_areas": 0.09162016677513297,
  "final_score": 0.9021113435071846,
  "final_size_score": 0.9999210979912388,
  "final_matched_text_score": 0.9904014636157493,
  "final_position_score": 0.776956025598188,
  "final_text_color_score": 0.8131586158654143,
  "final_clip_score": 0.930119514465332
}