{
  "sum_areas": 0.11229160508879527,
  "final_score": 0.894335161971096,
  "final_size_score": 0.9726315201233624,
  "final_matched_text_score": 0.9288317874692751,
  "final_position_score": 0.8319032793625282,
  "final_text_color_score": 0.8464321677321625,
  "final_clip_score": 0.8918770551681519
}