{
  "sum_areas": 0.07076570598453509,
  "final_score": 0.841297630568911,
  "final_size_score": 1.0,
  "final_matched_text_score": 0.9749442888266419,
  "final_position_score": 0.7980192311155122,
  "final_text_color_score": 0.5316573028280912,
  "final_clip_score": 0.9018673300743103
}