{
  "sum_areas": 0.21852416409215897,
  "final_score": 0.866288731412338,
  "final_size_score": 0.7472012160944911,
  "final_matched_text_score": 0.9786694597125657,
  "final_position_score": 0.8430370601636253,
  "final_text_color_score": 0.8409029159487957,
  "final_clip_score": 0.9216330051422119
}