{
  "sum_areas": 0.48903826335731915,
  "final_score": 0.9567901805945557,
  "final_size_score": 0.9999999999999998,
  "final_matched_text_score": 0.9942167947653954,
  "final_position_score": 0.8369529589771789,
  "final_text_color_score": 0.9751961911537269,
  "final_clip_score": 0.977584958076477
}