{
  "sum_areas": 0.16879697474551414,
  "final_score": 0.912130216899247,
  "final_size_score": 1.0,
  "final_matched_text_score": 0.9912548836375021,
  "final_position_score": 0.767713260701825,
  "final_text_color_score": 0.9004731089191149,
  "final_clip_score": 0.901209831237793
}