{
  "sum_areas": 0.4852804558231884,
  "final_score": 0.7331321828369642,
  "final_size_score": 0.03442698523987653,
  "final_matched_text_score": 1.0,
  "final_position_score": 0.861338300611869,
  "final_text_color_score": 0.919807151198371,
  "final_clip_score": 0.8500884771347046
}