{
  "sum_areas": 0.07320975545710748,
  "final_score": 0.842976625773185,
  "final_size_score": 0.6224573834593301,
  "final_matched_text_score": 0.9618976792916336,
  "final_position_score": 0.8405835799010384,
  "final_text_color_score": 0.9073950811159615,
  "final_clip_score": 0.8825494050979614
}