{
  "sum_areas": 0.07269422743055555,
  "final_score": 0.9362026821558846,
  "final_size_score": 1.0000000000000002,
  "final_matched_text_score": 0.9249304971830458,
  "final_position_score": 0.8758928571428571,
  "final_text_color_score": 0.9437057792051372,
  "final_clip_score": 0.9364842772483826
}