{
  "sum_areas": 0.31013455727187067,
  "final_score": 0.9255512447393244,
  "final_size_score": 0.9969840122368995,
  "final_matched_text_score": 0.9948198198198198,
  "final_position_score": 0.7609049479166666,
  "final_text_color_score": 0.9338023646827082,
  "final_clip_score": 0.9412450790405273
}