{
  "sum_areas": 0.10134613922204014,
  "final_score": 0.8924957917837804,
  "final_size_score": 0.7937386477986036,
  "final_matched_text_score": 0.9854425144747726,
  "final_position_score": 0.8669043337645282,
  "final_text_color_score": 0.9004325549449013,
  "final_clip_score": 0.9159609079360962
}