{
  "sum_areas": 0.4667465672510931,
  "final_score": 0.9158103742830094,
  "final_size_score": 0.9419065515001723,
  "final_matched_text_score": 0.9456386037815739,
  "final_position_score": 0.9267523297553081,
  "final_text_color_score": 0.8446324781901264,
  "final_clip_score": 0.9201219081878662
}