{
  "sum_areas": 0.23820882267400312,
  "final_score": 0.724148972520458,
  "final_size_score": 0.4299738852553702,
  "final_matched_text_score": 0.9064714451534482,
  "final_position_score": 0.8559027856030742,
  "final_text_color_score": 0.5639349073913312,
  "final_clip_score": 0.8644618391990662
}