{
  "sum_areas": 0.1853151720664371,
  "final_score": 0.8876789936218158,
  "final_size_score": 0.9449222391177349,
  "final_matched_text_score": 0.997903924007414,
  "final_position_score": 0.8661061019778904,
  "final_text_color_score": 0.7277884323761564,
  "final_clip_score": 0.9016742706298828
}