{
  "sum_areas": 0.5289203175834285,
  "final_score": 0.9021859697798162,
  "final_size_score": 0.9998052221202378,
  "final_matched_text_score": 0.9066728855817543,
  "final_position_score": 0.9132354355136892,
  "final_text_color_score": 0.7340307988627208,
  "final_clip_score": 0.9571855068206787
}