{
  "sum_areas": 0.1952892153721268,
  "final_score": 0.918357621780379,
  "final_size_score": 1.0,
  "final_matched_text_score": 0.998192864622894,
  "final_position_score": 0.8930446708782402,
  "final_text_color_score": 0.8006262951414833,
  "final_clip_score": 0.8999242782592773
}