{
  "sum_areas": 0.2983758413187452,
  "final_score": 0.9243528424304315,
  "final_size_score": 1.0,
  "final_matched_text_score": 0.9425072922510896,
  "final_position_score": 0.9090926490141437,
  "final_text_color_score": 0.8182948427291175,
  "final_clip_score": 0.9518694281578064
}