{
  "sum_areas": 0.2670499296656192,
  "final_score": 0.9007020638784266,
  "final_size_score": 0.9856221028173825,
  "final_matched_text_score": 0.9644919609851261,
  "final_position_score": 0.8923359747144087,
  "final_text_color_score": 0.7343296480932325,
  "final_clip_score": 0.9267306327819824
}