{
  "sum_areas": 0.19019705878363719,
  "final_score": 0.8333659943848488,
  "final_size_score": 0.5912855260597458,
  "final_matched_text_score": 0.9910980438611652,
  "final_position_score": 0.7139014089209402,
  "final_text_color_score": 0.9856936566032061,
  "final_clip_score": 0.884851336479187
}