{
  "sum_areas": 0.15351959802860782,
  "final_score": 0.8343622884907277,
  "final_size_score": 0.6066819131172911,
  "final_matched_text_score": 0.9586558044148281,
  "final_position_score": 0.8955713964690788,
  "final_text_color_score": 0.7741655063241443,
  "final_clip_score": 0.9367368221282959
}