{
  "sum_areas": 0.18280409479810414,
  "final_score": 0.9068585945457717,
  "final_size_score": 1.0,
  "final_matched_text_score": 0.9962750572359895,
  "final_position_score": 0.8742266671621842,
  "final_text_color_score": 0.8090685100646935,
  "final_clip_score": 0.8547227382659912
}