{
  "sum_areas": 0.23305001285714458,
  "final_score": 0.8867496575432634,
  "final_size_score": 0.8654769055009968,
  "final_matched_text_score": 0.990517156711636,
  "final_position_score": 0.9051957868126637,
  "final_text_color_score": 0.7380557774628409,
  "final_clip_score": 0.9345026612281799
}