{
  "sum_areas": 0.08015113386782392,
  "final_score": 0.9092542068140421,
  "final_size_score": 0.9061306899072834,
  "final_matched_text_score": 0.9941981110543985,
  "final_position_score": 0.8749688251856618,
  "final_text_color_score": 0.8554489251958163,
  "final_clip_score": 0.9155244827270508
}