{
  "sum_areas": 0.03677275319509839,
  "final_score": 0.9210566244903376,
  "final_size_score": 0.8648040713130952,
  "final_matched_text_score": 0.9978632478632478,
  "final_position_score": 0.9365835336538461,
  "final_text_color_score": 0.9063841992861111,
  "final_clip_score": 0.8996480703353882
}