{
  "sum_areas": 0.132331094531124,
  "final_score": 0.9190024953474221,
  "final_size_score": 0.9521427616983861,
  "final_matched_text_score": 0.981833031086417,
  "final_position_score": 0.9354464936707559,
  "final_text_color_score": 0.8070464938780477,
  "final_clip_score": 0.9185436964035034
}