{
  "sum_areas": 0.05197181930064805,
  "final_score": 0.8917578968138277,
  "final_size_score": 0.9682188379740255,
  "final_matched_text_score": 0.9965336698139203,
  "final_position_score": 0.7826982573333533,
  "final_text_color_score": 0.8791820607752315,
  "final_clip_score": 0.8321566581726074
}