{
  "sum_areas": 0.13356834646864793,
  "final_score": 0.8138952249737891,
  "final_size_score": 0.49232180210319737,
  "final_matched_text_score": 0.926123164584703,
  "final_position_score": 0.8781632087621409,
  "final_text_color_score": 0.8804306701945083,
  "final_clip_score": 0.8924372792243958
}