{
  "sum_areas": 0.05916139719241211,
  "final_score": 0.9085106549743305,
  "final_size_score": 0.9083278911252853,
  "final_matched_text_score": 0.9609940232777604,
  "final_position_score": 0.8911359672754084,
  "final_text_color_score": 0.8473614063386453,
  "final_clip_score": 0.9347339868545532
}