{
  "sum_areas": 0.09016948638587413,
  "final_score": 0.8574294037804453,
  "final_size_score": 0.9485547852171705,
  "final_matched_text_score": 0.9908377607241244,
  "final_position_score": 0.6776236221541372,
  "final_text_color_score": 0.7551950235515457,
  "final_clip_score": 0.914935827255249
}