{
  "sum_areas": 0.3181434818700857,
  "final_score": 0.634096702827868,
  "final_size_score": 0.08235183920751335,
  "final_matched_text_score": 0.7945098039215687,
  "final_position_score": 0.6437646588411277,
  "final_text_color_score": 0.7945068965982989,
  "final_clip_score": 0.8553503155708313
}