{
  "sum_areas": 0.13113147833846586,
  "final_score": 0.5353781971391468,
  "final_size_score": 0.12066794491291293,
  "final_matched_text_score": 0.7657929372215087,
  "final_position_score": 0.33395106782914724,
  "final_text_color_score": 0.6692204107016478,
  "final_clip_score": 0.7872586250305176
}