{
  "sum_areas": 0.006593967013888889,
  "final_score": 0.794045839229934,
  "final_size_score": 0.6157643574131972,
  "final_matched_text_score": 1.0,
  "final_position_score": 0.9899305555555555,
  "final_text_color_score": 0.48609688331671996,
  "final_clip_score": 0.8784373998641968
}