{
  "sum_areas": 0.4710288926511353,
  "final_score": 0.8391848186439802,
  "final_size_score": 0.8698684493297959,
  "final_matched_text_score": 0.876230275727961,
  "final_position_score": 0.861926797140492,
  "final_text_color_score": 0.6771577186656947,
  "final_clip_score": 0.910740852355957
}