{
  "sum_areas": 0.18989143243023884,
  "final_score": 0.8398425842485244,
  "final_size_score": 0.9645344367185756,
  "final_matched_text_score": 0.9942841589548176,
  "final_position_score": 0.8113826180490769,
  "final_text_color_score": 0.5551647593733319,
  "final_clip_score": 0.8738469481468201
}