{
  "sum_areas": 0.22336884566423304,
  "final_score": 0.7217752760398005,
  "final_size_score": 0.43226359227200317,
  "final_matched_text_score": 0.9685990322600737,
  "final_position_score": 0.6289333176736193,
  "final_text_color_score": 0.7103520983212176,
  "final_clip_score": 0.8687283396720886
}