{
  "sum_areas": 0.09237074435873134,
  "final_score": 0.861333357937388,
  "final_size_score": 0.7702706493448277,
  "final_matched_text_score": 0.9926963601532566,
  "final_position_score": 0.8059527503440691,
  "final_text_color_score": 0.8846574588456406,
  "final_clip_score": 0.8530895709991455
}