{
  "sum_areas": 0.20347745916147988,
  "final_score": 0.8602693368514981,
  "final_size_score": 0.8528018825433511,
  "final_matched_text_score": 0.9929225352112676,
  "final_position_score": 0.8666248828949836,
  "final_text_color_score": 0.7137454347744224,
  "final_clip_score": 0.8752519488334656
}