{
  "sum_areas": 0.2341503609118299,
  "final_score": 0.814889126470175,
  "final_size_score": 0.5171337972791156,
  "final_matched_text_score": 0.9692357271729868,
  "final_position_score": 0.837692061875922,
  "final_text_color_score": 0.8873717321800768,
  "final_clip_score": 0.8630123138427734
}