{
  "sum_areas": 0.05331195168372553,
  "final_score": 0.7921386460831401,
  "final_size_score": 0.7722334350506069,
  "final_matched_text_score": 0.9928698752228164,
  "final_position_score": 0.4653477954217121,
  "final_text_color_score": 0.8057465469083702,
  "final_clip_score": 0.9244955778121948
}