{
  "sum_areas": 0.17890592064093272,
  "final_score": 0.8492108000627404,
  "final_size_score": 0.8556895488508859,
  "final_matched_text_score": 0.963882783882784,
  "final_position_score": 0.8498867784883409,
  "final_text_color_score": 0.6861088275186624,
  "final_clip_score": 0.8904860615730286
}