{
  "sum_areas": 0.42987813055675694,
  "final_score": 0.8209622055210097,
  "final_size_score": 0.6819781458495053,
  "final_matched_text_score": 0.995895794577766,
  "final_position_score": 0.7955166282199154,
  "final_text_color_score": 0.8663414375040046,
  "final_clip_score": 0.7650790214538574
}