{
  "sum_areas": 0.40115208500902877,
  "final_score": 0.8972907436457401,
  "final_size_score": 0.9846936402225236,
  "final_matched_text_score": 0.9296670690793913,
  "final_position_score": 0.8884730424257496,
  "final_text_color_score": 0.7796330356538674,
  "final_clip_score": 0.903986930847168
}