{
  "sum_areas": 0.09116201267031727,
  "final_score": 0.8031019553716382,
  "final_size_score": 0.7468859220319592,
  "final_matched_text_score": 0.9922667342799187,
  "final_position_score": 0.7624220749509663,
  "final_text_color_score": 0.6565659803106175,
  "final_clip_score": 0.857369065284729
}