{
  "sum_areas": 0.3192855034218325,
  "final_score": 0.8460605606889495,
  "final_size_score": 0.9625250811799141,
  "final_matched_text_score": 0.9539768400435245,
  "final_position_score": 0.6813435668177374,
  "final_text_color_score": 0.7798638934675356,
  "final_clip_score": 0.8525934219360352
}