{
  "sum_areas": 0.2726449587079371,
  "final_score": 0.8592172632855078,
  "final_size_score": 0.7992291833553804,
  "final_matched_text_score": 0.9888101566901728,
  "final_position_score": 0.70788207114305,
  "final_text_color_score": 0.9001624256857129,
  "final_clip_score": 0.9000024795532227
}