{
  "sum_areas": 0.20104843514679158,
  "final_score": 0.6614254689918334,
  "final_size_score": 0.2158285185450464,
  "final_matched_text_score": 0.9407696276891323,
  "final_position_score": 0.5402815860535932,
  "final_text_color_score": 0.7743961817784505,
  "final_clip_score": 0.8358514308929443
}