{
  "sum_areas": 0.2861456967655957,
  "final_score": 0.9247314844214523,
  "final_size_score": 0.9933409531280356,
  "final_matched_text_score": 0.9359356481261922,
  "final_position_score": 0.937678109131603,
  "final_text_color_score": 0.8341123963794803,
  "final_clip_score": 0.9225903153419495
}