{
  "sum_areas": 0.30785295935564455,
  "final_score": 0.85319397092761,
  "final_size_score": 0.9196277005437442,
  "final_matched_text_score": 0.9242505943009778,
  "final_position_score": 0.7731389091473801,
  "final_text_color_score": 0.7797682758366824,
  "final_clip_score": 0.8691843748092651
}