{
  "sum_areas": 0.5447840149098684,
  "final_score": 0.8035722858496306,
  "final_size_score": 0.9511767441582356,
  "final_matched_text_score": 0.9314799402485561,
  "final_position_score": 0.6822633442880846,
  "final_text_color_score": 0.673163218046715,
  "final_clip_score": 0.7797781825065613
}