{
  "sum_areas": 0.08682154605263157,
  "final_score": 0.9087923998071439,
  "final_size_score": 0.9452114320949159,
  "final_matched_text_score": 0.9573228872697964,
  "final_position_score": 0.8449140019689283,
  "final_text_color_score": 0.8539103876210549,
  "final_clip_score": 0.9426032900810242
}