{
  "sum_areas": 0.2208655856960208,
  "final_score": 0.92998737811659,
  "final_size_score": 0.993557041249753,
  "final_matched_text_score": 0.9788581289122573,
  "final_position_score": 0.9509177100408325,
  "final_text_color_score": 0.8050387757190046,
  "final_clip_score": 0.9215652346611023
}