{
  "sum_areas": 0.23403412203474752,
  "final_score": 0.9032862390515938,
  "final_size_score": 0.9354750771962423,
  "final_matched_text_score": 0.989947030976714,
  "final_position_score": 0.907952948520032,
  "final_text_color_score": 0.75871600966636,
  "final_clip_score": 0.9243401288986206
}