{
  "sum_areas": 0.09063808628233695,
  "final_score": 0.9270410040105477,
  "final_size_score": 0.9999202430733249,
  "final_matched_text_score": 0.9904014636157493,
  "final_position_score": 0.90423434391396,
  "final_text_color_score": 0.8131586158654143,
  "final_clip_score": 0.9274903535842896
}