{
  "sum_areas": 0.4041248072007524,
  "final_score": 0.8671168454367418,
  "final_size_score": 0.8735874579268671,
  "final_matched_text_score": 0.8935187582922777,
  "final_position_score": 0.8902517991845426,
  "final_text_color_score": 0.7357484490808948,
  "final_clip_score": 0.9424777626991272
}