{
  "sum_areas": 0.3592350086790195,
  "final_score": 0.944798478759503,
  "final_size_score": 0.9956465428550918,
  "final_matched_text_score": 0.9882468380015157,
  "final_position_score": 0.9026336533700994,
  "final_text_color_score": 0.8999653595708077,
  "final_clip_score": 0.9375
}