{
  "sum_areas": 0.24939705669496406,
  "final_score": 0.8354557175320423,
  "final_size_score": 0.5981278806652138,
  "final_matched_text_score": 0.9707609874005432,
  "final_position_score": 0.9017712682278672,
  "final_text_color_score": 0.8185235493280136,
  "final_clip_score": 0.8880949020385742
}