{
  "sum_areas": 0.19528274311174035,
  "final_score": 0.9702998114826663,
  "final_size_score": 1.0,
  "final_matched_text_score": 0.9997781721384206,
  "final_position_score": 0.9597433517298505,
  "final_text_color_score": 0.931722625937028,
  "final_clip_score": 0.9602549076080322
}