{
  "sum_areas": 0.30778110683096266,
  "final_score": 0.9298032380840807,
  "final_size_score": 0.9855259493100094,
  "final_matched_text_score": 0.9459949163497463,
  "final_position_score": 0.8957519295986925,
  "final_text_color_score": 0.9196235798123766,
  "final_clip_score": 0.9021198153495789
}