{
  "sum_areas": 0.17324728824244515,
  "final_score": 0.9168088488910144,
  "final_size_score": 0.9866195841710692,
  "final_matched_text_score": 0.973391141475294,
  "final_position_score": 0.8662621983102925,
  "final_text_color_score": 0.8204929305676915,
  "final_clip_score": 0.9372783899307251
}