{
  "sum_areas": 0.2464182695149616,
  "final_score": 0.9105590264148887,
  "final_size_score": 0.8281345396537415,
  "final_matched_text_score": 0.9865046273937418,
  "final_position_score": 0.8713048103699199,
  "final_text_color_score": 0.9713432229477511,
  "final_clip_score": 0.8955079317092896
}