{
  "sum_areas": 0.20033548405297422,
  "final_score": 0.9087423898397576,
  "final_size_score": 0.9722926143092465,
  "final_matched_text_score": 0.945519739882485,
  "final_position_score": 0.9167008528497839,
  "final_text_color_score": 0.7986611416399998,
  "final_clip_score": 0.910537600517273
}