{
  "sum_areas": 0.0818215173524201,
  "final_score": 0.9096690834834373,
  "final_size_score": 0.9066586788994694,
  "final_matched_text_score": 0.9998274672187715,
  "final_position_score": 0.8507854095348245,
  "final_text_color_score": 0.8679373890620945,
  "final_clip_score": 0.9231364727020264
}