{
  "sum_areas": 0.33815111346337284,
  "final_score": 0.8871549275866433,
  "final_size_score": 0.807121757025354,
  "final_matched_text_score": 0.9585820803356689,
  "final_position_score": 0.9338462301253806,
  "final_text_color_score": 0.8050624515350687,
  "final_clip_score": 0.9311621189117432
}