{
  "sum_areas": 0.040762267837971614,
  "final_score": 0.9339123822541119,
  "final_size_score": 0.8672772802316041,
  "final_matched_text_score": 0.982905982905983,
  "final_position_score": 0.9479290230903226,
  "final_text_color_score": 0.9281544442450727,
  "final_clip_score": 0.9432951807975769
}