{
  "sum_areas": 0.06271829228989775,
  "final_score": 0.7782682309763447,
  "final_size_score": 0.47960269298326086,
  "final_matched_text_score": 0.9980171844018505,
  "final_position_score": 0.7948999316158945,
  "final_text_color_score": 0.7539260021001998,
  "final_clip_score": 0.8648953437805176
}