{
  "sum_areas": 0.14551023392902387,
  "final_score": 0.8293556796732622,
  "final_size_score": 0.7325987082618962,
  "final_matched_text_score": 0.9565599818408808,
  "final_position_score": 0.7189898207497146,
  "final_text_color_score": 0.8550070027634529,
  "final_clip_score": 0.8836228847503662
}