{
  "sum_areas": 0.1960610892758894,
  "final_score": 0.8737887148864593,
  "final_size_score": 0.6438711777779144,
  "final_matched_text_score": 0.9855536865537639,
  "final_position_score": 0.8717377065875234,
  "final_text_color_score": 0.9189850888631313,
  "final_clip_score": 0.9487959146499634
}