{
  "sum_areas": 0.09853563155486475,
  "final_score": 0.913550945577775,
  "final_size_score": 0.9803635994200353,
  "final_matched_text_score": 0.9416574584726373,
  "final_position_score": 0.7618077216076247,
  "final_text_color_score": 0.9253312685561196,
  "final_clip_score": 0.9585946798324585
}