{
  "sum_areas": 0.16433580244018042,
  "final_score": 0.9307088191146777,
  "final_size_score": 0.9775968148141745,
  "final_matched_text_score": 0.9974442033938601,
  "final_position_score": 0.8708023652955234,
  "final_text_color_score": 0.8851927107423156,
  "final_clip_score": 0.9225080013275146
}