{
  "sum_areas": 0.10589615342219509,
  "final_score": 0.8786952800584125,
  "final_size_score": 0.9312939669258119,
  "final_matched_text_score": 0.9687592017939252,
  "final_position_score": 0.7639325333098261,
  "final_text_color_score": 0.8581377872670157,
  "final_clip_score": 0.8713529109954834
}