{
  "sum_areas": 0.3709983562441972,
  "final_score": 0.8344148840450732,
  "final_size_score": 0.8663188357871203,
  "final_matched_text_score": 0.9804732111737184,
  "final_position_score": 0.5599377641171834,
  "final_text_color_score": 0.8619800700009207,
  "final_clip_score": 0.9033645391464233
}