{
  "sum_areas": 0.35617351450931733,
  "final_score": 0.9332742966265176,
  "final_size_score": 0.9971106924415647,
  "final_matched_text_score": 0.9570990053198772,
  "final_position_score": 0.845439399954628,
  "final_text_color_score": 0.902313689718733,
  "final_clip_score": 0.9644086956977844
}