{
  "sum_areas": 0.2631692781529434,
  "final_score": 0.7225583772631735,
  "final_size_score": 0.4759728547523584,
  "final_matched_text_score": 0.9359653182519782,
  "final_position_score": 0.7524655575509593,
  "final_text_color_score": 0.5885314906261419,
  "final_clip_score": 0.8598566651344299
}