{
  "sum_areas": 0.34124246369276096,
  "final_score": 0.8235443044421935,
  "final_size_score": 0.7382077551905075,
  "final_matched_text_score": 0.9558334824316287,
  "final_position_score": 0.7467737197181962,
  "final_text_color_score": 0.7664149195344837,
  "final_clip_score": 0.9104916453361511
}