{
  "sum_areas": 0.28729709809863774,
  "final_score": 0.9332497308214563,
  "final_size_score": 0.9941778313586211,
  "final_matched_text_score": 0.9396643633191456,
  "final_position_score": 0.9285247554649455,
  "final_text_color_score": 0.8636320224917907,
  "final_clip_score": 0.9402496814727783
}