{
  "sum_areas": 0.3777731190723686,
  "final_score": 0.8730293886682823,
  "final_size_score": 0.8644516683715443,
  "final_matched_text_score": 0.9367001457928674,
  "final_position_score": 0.7688553282273713,
  "final_text_color_score": 0.8924247140126774,
  "final_clip_score": 0.9027150869369507
}