{
  "sum_areas": 0.5686970516113032,
  "final_score": 0.9443627824926651,
  "final_size_score": 0.9982422381587132,
  "final_matched_text_score": 0.9997348183505702,
  "final_position_score": 0.927448578931274,
  "final_text_color_score": 0.894404181449343,
  "final_clip_score": 0.9019840955734253
}