{
  "sum_areas": 0.09488887274182564,
  "final_score": 0.9188021405200882,
  "final_size_score": 0.9788409989350259,
  "final_matched_text_score": 0.948713033068972,
  "final_position_score": 0.8746622582611778,
  "final_text_color_score": 0.8353289296234724,
  "final_clip_score": 0.956465482711792
}