{
  "sum_areas": 0.11123249662710236,
  "final_score": 0.8875365072727149,
  "final_size_score": 0.7479904591529726,
  "final_matched_text_score": 0.9771677998824814,
  "final_position_score": 0.861789355409531,
  "final_text_color_score": 0.9216688003403725,
  "final_clip_score": 0.9290661215782166
}