{
  "sum_areas": 0.12966589671606696,
  "final_score": 0.774958406838797,
  "final_size_score": 0.44626119413155285,
  "final_matched_text_score": 0.9866638550213429,
  "final_position_score": 0.8220353044578607,
  "final_text_color_score": 0.740288078116645,
  "final_clip_score": 0.8795436024665833
}