{
  "sum_areas": 0.16690431636316053,
  "final_score": 0.8186647218291218,
  "final_size_score": 0.5597651015367637,
  "final_matched_text_score": 0.995475113122172,
  "final_position_score": 0.8109396658185735,
  "final_text_color_score": 0.8174457191771324,
  "final_clip_score": 0.9096980094909668
}