{
  "sum_areas": 0.20998297905094118,
  "final_score": 0.9290032674780886,
  "final_size_score": 0.9928893312045629,
  "final_matched_text_score": 0.9942551293487958,
  "final_position_score": 0.9409283727066526,
  "final_text_color_score": 0.7687169330473624,
  "final_clip_score": 0.9482265710830688
}