{
  "sum_areas": 0.5793972801013035,
  "final_score": 0.8756000997831029,
  "final_size_score": 0.9212986176253315,
  "final_matched_text_score": 0.9870767763471626,
  "final_position_score": 0.8248029070675408,
  "final_text_color_score": 0.8838715729326999,
  "final_clip_score": 0.7609506249427795
}