{
  "sum_areas": 0.0651291232638889,
  "final_score": 0.9582461077765766,
  "final_size_score": 1.0,
  "final_matched_text_score": 0.9786096256684492,
  "final_position_score": 0.9511904761904761,
  "final_text_color_score": 0.9258728927925429,
  "final_clip_score": 0.9355575442314148
}