{
  "sum_areas": 0.08989413282514841,
  "final_score": 0.8843745583235674,
  "final_size_score": 1.0,
  "final_matched_text_score": 0.9928389377868051,
  "final_position_score": 0.661219920517012,
  "final_text_color_score": 0.817498279036218,
  "final_clip_score": 0.9503156542778015
}