{
  "sum_areas": 0.22437205098602545,
  "final_score": 0.7784613131405292,
  "final_size_score": 0.3706361776472513,
  "final_matched_text_score": 0.9399534190527812,
  "final_position_score": 0.8476321601976318,
  "final_text_color_score": 0.869769418218129,
  "final_clip_score": 0.864315390586853
}