{
  "sum_areas": 0.14898542765591735,
  "final_score": 0.9183985902922784,
  "final_size_score": 0.9996747021439543,
  "final_matched_text_score": 0.9834706993136542,
  "final_position_score": 0.8383007437300453,
  "final_text_color_score": 0.8540084485390576,
  "final_clip_score": 0.9165383577346802
}