{
  "sum_areas": 0.1904909711292298,
  "final_score": 0.8598064292606774,
  "final_size_score": 0.8251447748559112,
  "final_matched_text_score": 1.0,
  "final_position_score": 0.7805440146181871,
  "final_text_color_score": 0.7591992771440774,
  "final_clip_score": 0.9341440796852112
}