{
  "sum_areas": 0.2316526483356978,
  "final_score": 0.9398213489883536,
  "final_size_score": 0.9928053200399788,
  "final_matched_text_score": 0.9584211459082346,
  "final_position_score": 0.8170136577966154,
  "final_text_color_score": 0.964105628193093,
  "final_clip_score": 0.9667609930038452
}