{
  "sum_areas": 0.25416877182275666,
  "final_score": 0.9010600347366609,
  "final_size_score": 0.9849273695387387,
  "final_matched_text_score": 0.9445549293834209,
  "final_position_score": 0.8688764684475233,
  "final_text_color_score": 0.8367432757060169,
  "final_clip_score": 0.870198130607605
}