{
  "sum_areas": 0.18972423780420042,
  "final_score": 0.7344796713961026,
  "final_size_score": 0.4594823963215874,
  "final_matched_text_score": 0.8947184065044769,
  "final_position_score": 0.8271178574237623,
  "final_text_color_score": 0.6833299485007059,
  "final_clip_score": 0.8077497482299805
}