{
  "sum_areas": 0.3943869652402642,
  "final_score": 0.8941119493226011,
  "final_size_score": 0.9956621493059483,
  "final_matched_text_score": 0.9071565732554362,
  "final_position_score": 0.8735252064913759,
  "final_text_color_score": 0.7763258052959927,
  "final_clip_score": 0.9178900122642517
}