{
  "sum_areas": 0.13925368572645253,
  "final_score": 0.9167471521275892,
  "final_size_score": 1.0,
  "final_matched_text_score": 0.9900826601671461,
  "final_position_score": 0.8708341682066624,
  "final_text_color_score": 0.8276557538202286,
  "final_clip_score": 0.8951631784439087
}