{
  "sum_areas": 0.163409807914729,
  "final_score": 0.9632489751400346,
  "final_size_score": 1.0,
  "final_matched_text_score": 1.0,
  "final_position_score": 0.9583107518925874,
  "final_text_color_score": 0.9070075815254816,
  "final_clip_score": 0.9509265422821045
}