{
  "sum_areas": 0.28511812459693003,
  "final_score": 0.9091995522771521,
  "final_size_score": 0.9811870713796611,
  "final_matched_text_score": 0.9776033996397464,
  "final_position_score": 0.8886937139600397,
  "final_text_color_score": 0.8278580993593464,
  "final_clip_score": 0.8706554770469666
}