{
  "sum_areas": 0.35423932612445247,
  "final_score": 0.9018122650249194,
  "final_size_score": 0.8993514093470131,
  "final_matched_text_score": 0.9988087095303237,
  "final_position_score": 0.8535452617093908,
  "final_text_color_score": 0.8747923535344512,
  "final_clip_score": 0.882563591003418
}