{
  "sum_areas": 0.2069633043575806,
  "final_score": 0.918259617479124,
  "final_size_score": 0.9729813264115952,
  "final_matched_text_score": 0.9704415812357893,
  "final_position_score": 0.9103455354828879,
  "final_text_color_score": 0.812869974866086,
  "final_clip_score": 0.9246596693992615
}