{
  "sum_areas": 0.40415189393939394,
  "final_score": 0.7639417276807926,
  "final_size_score": 0.37784066146747636,
  "final_matched_text_score": 0.9580647967084592,
  "final_position_score": 0.8099559476981353,
  "final_text_color_score": 0.7775309426281585,
  "final_clip_score": 0.8963162899017334
}