{
  "sum_areas": 0.17101095583928613,
  "final_score": 0.9208594682221065,
  "final_size_score": 0.9641861237805613,
  "final_matched_text_score": 0.9951323664386706,
  "final_position_score": 0.8591133870328687,
  "final_text_color_score": 0.8746645828540984,
  "final_clip_score": 0.9112008810043335
}