{
  "sum_areas": 0.11964214992768676,
  "final_score": 0.8998951932193648,
  "final_size_score": 0.9806230229468409,
  "final_matched_text_score": 0.9309164603275257,
  "final_position_score": 0.8601853293493926,
  "final_text_color_score": 0.7876283106843682,
  "final_clip_score": 0.9401228427886963
}