{
  "sum_areas": 0.37184122069379305,
  "final_score": 0.8861400230523739,
  "final_size_score": 0.9967542932212397,
  "final_matched_text_score": 0.9444336917562723,
  "final_position_score": 0.7724497991967872,
  "final_text_color_score": 0.8191932209801477,
  "final_clip_score": 0.8978691101074219
}