{
  "sum_areas": 0.2858172973590445,
  "final_score": 0.9332921403330009,
  "final_size_score": 0.9986177997981776,
  "final_matched_text_score": 0.9804522110709459,
  "final_position_score": 0.9240325952588326,
  "final_text_color_score": 0.8179794343813473,
  "final_clip_score": 0.9453786611557007
}