{
  "sum_areas": 0.08489796724888535,
  "final_score": 0.7280153962536492,
  "final_size_score": 0.3298775911398294,
  "final_matched_text_score": 0.9571428571428571,
  "final_position_score": 0.6773183887026376,
  "final_text_color_score": 0.7846705201908197,
  "final_clip_score": 0.891067624092102
}