{
  "sum_areas": 0.3873317902549742,
  "final_score": 0.8866260596216586,
  "final_size_score": 0.9117934446141814,
  "final_matched_text_score": 0.9315793538508578,
  "final_position_score": 0.8934169614599885,
  "final_text_color_score": 0.7636128436718517,
  "final_clip_score": 0.9327276945114136
}