{
  "sum_areas": 0.02988498263888889,
  "final_score": 0.9553090090466037,
  "final_size_score": 1.0,
  "final_matched_text_score": 1.0,
  "final_position_score": 0.8746527777777777,
  "final_text_color_score": 0.9839651214972933,
  "final_clip_score": 0.9179271459579468
}