{
  "sum_areas": 0.21606212710916378,
  "final_score": 0.91679906126591,
  "final_size_score": 0.993705197842418,
  "final_matched_text_score": 0.9373337562589211,
  "final_position_score": 0.9432601912106825,
  "final_text_color_score": 0.8626695148802911,
  "final_clip_score": 0.8470266461372375
}