{
  "sum_areas": 0.2616497708734545,
  "final_score": 0.908263832057191,
  "final_size_score": 0.995698147565938,
  "final_matched_text_score": 0.9511080507664815,
  "final_position_score": 0.8372046606978532,
  "final_text_color_score": 0.8221197693800725,
  "final_clip_score": 0.9351885318756104
}