{
  "sum_areas": 0.13172088855069145,
  "final_score": 0.8514394249865502,
  "final_size_score": 0.7697681388313101,
  "final_matched_text_score": 0.9665361131661748,
  "final_position_score": 0.8539108853747723,
  "final_text_color_score": 0.7310543580896683,
  "final_clip_score": 0.9359276294708252
}