{
  "sum_areas": 0.1302370101686508,
  "final_score": 0.9215042761327015,
  "final_size_score": 0.9968675729966398,
  "final_matched_text_score": 0.9946524064171123,
  "final_position_score": 0.8963062032664305,
  "final_text_color_score": 0.8027100438314082,
  "final_clip_score": 0.9169851541519165
}