{
  "sum_areas": 0.1043791863265281,
  "final_score": 0.926353843017796,
  "final_size_score": 0.9949837964606433,
  "final_matched_text_score": 0.9905074365704287,
  "final_position_score": 0.8026248769346221,
  "final_text_color_score": 0.8979889377191105,
  "final_clip_score": 0.9456641674041748
}