{
  "sum_areas": 0.007115885416666666,
  "final_score": 0.9072922924357301,
  "final_size_score": 0.7407746264104911,
  "final_matched_text_score": 1.0,
  "final_position_score": 0.9746527777777778,
  "final_text_color_score": 0.8840997060692993,
  "final_clip_score": 0.9369343519210815
}