{
  "sum_areas": 0.3135794245647969,
  "final_score": 0.8869583579055272,
  "final_size_score": 0.7508923170768579,
  "final_matched_text_score": 0.9929219611844434,
  "final_position_score": 0.907617403374551,
  "final_text_color_score": 0.9074365935256339,
  "final_clip_score": 0.8759235143661499
}