{
  "sum_areas": 0.23730366647794343,
  "final_score": 0.7858599783037276,
  "final_size_score": 0.48254292997125126,
  "final_matched_text_score": 0.9120375037806231,
  "final_position_score": 0.7900979414347364,
  "final_text_color_score": 0.8091112981885639,
  "final_clip_score": 0.9355102181434631
}