{
  "sum_areas": 0.09729315140385617,
  "final_score": 0.910272080233451,
  "final_size_score": 0.8899377948098747,
  "final_matched_text_score": 0.972479457414895,
  "final_position_score": 0.8747540087686062,
  "final_text_color_score": 0.8607832830876976,
  "final_clip_score": 0.9534058570861816
}