{
  "sum_areas": 0.18954689582143536,
  "final_score": 0.961162786939558,
  "final_size_score": 1.0,
  "final_matched_text_score": 0.9997781721384206,
  "final_position_score": 0.9412376451435606,
  "final_text_color_score": 0.9260294325517643,
  "final_clip_score": 0.9387686848640442
}