{
  "sum_areas": 0.2142068148333555,
  "final_score": 0.9031038933542356,
  "final_size_score": 0.9960669309133642,
  "final_matched_text_score": 0.982503526118921,
  "final_position_score": 0.8999295613039667,
  "final_text_color_score": 0.7182910968419086,
  "final_clip_score": 0.9187283515930176
}