{
  "sum_areas": 0.2130821682024883,
  "final_score": 0.8897306793896125,
  "final_size_score": 0.7280848046280018,
  "final_matched_text_score": 0.9922535259774744,
  "final_position_score": 0.9162215566069762,
  "final_text_color_score": 0.8734554186482688,
  "final_clip_score": 0.9386380910873413
}