{
  "sum_areas": 0.40716854964897553,
  "final_score": 0.8625019144784262,
  "final_size_score": 0.9536381165879843,
  "final_matched_text_score": 0.97787631831256,
  "final_position_score": 0.823875578732113,
  "final_text_color_score": 0.7102509245355354,
  "final_clip_score": 0.846868634223938
}