{
  "sum_areas": 0.21423177083333328,
  "final_score": 0.891456254442343,
  "final_size_score": 0.9894142912133553,
  "final_matched_text_score": 0.9234223892987546,
  "final_position_score": 0.834435970568783,
  "final_text_color_score": 0.8049273490055773,
  "final_clip_score": 0.9050812721252441
}