{
  "sum_areas": 0.5649717898029389,
  "final_score": 0.9208944887679889,
  "final_size_score": 0.9969225505670247,
  "final_matched_text_score": 1.0,
  "final_position_score": 0.7230780602126369,
  "final_text_color_score": 0.943127810309428,
  "final_clip_score": 0.9413440227508545
}