{
  "sum_areas": 0.23432846426038276,
  "final_score": 0.8220167117645076,
  "final_size_score": 0.4456574647703497,
  "final_matched_text_score": 0.9348408901040479,
  "final_position_score": 0.8205097885680407,
  "final_text_color_score": 0.9696768286300697,
  "final_clip_score": 0.9393985867500305
}