{
  "sum_areas": 0.08959329558637064,
  "final_score": 0.870462770356033,
  "final_size_score": 0.9999999999999999,
  "final_matched_text_score": 0.9755926051603011,
  "final_position_score": 0.909140872210518,
  "final_text_color_score": 0.5329092108503858,
  "final_clip_score": 0.93467116355896
}