{
  "sum_areas": 0.3371863008720931,
  "final_score": 0.7891644349190821,
  "final_size_score": 0.4434149576151044,
  "final_matched_text_score": 1.0,
  "final_position_score": 0.8967583363614342,
  "final_text_color_score": 0.8312494808614865,
  "final_clip_score": 0.7743993997573853
}