{
  "sum_areas": 0.14357112645381886,
  "final_score": 0.9201845225606363,
  "final_size_score": 0.9928375374137751,
  "final_matched_text_score": 0.9863292893974712,
  "final_position_score": 0.8516629179713099,
  "final_text_color_score": 0.8624248735214185,
  "final_clip_score": 0.9076679944992065
}