{
  "sum_areas": 0.02842111250234592,
  "final_score": 0.908508512467828,
  "final_size_score": 0.9315357860624536,
  "final_matched_text_score": 1.0,
  "final_position_score": 0.9240399351116546,
  "final_text_color_score": 0.7486344026960984,
  "final_clip_score": 0.9383324384689331
}