{
  "sum_areas": 0.26885256809699637,
  "final_score": 0.6967370931241013,
  "final_size_score": 0.4267707040421794,
  "final_matched_text_score": 0.9510649898391508,
  "final_position_score": 0.7095626491316053,
  "final_text_color_score": 0.5572188290360982,
  "final_clip_score": 0.8390682935714722
}