{
  "sum_areas": 0.1959599297850208,
  "final_score": 0.9652827415903025,
  "final_size_score": 1.0,
  "final_matched_text_score": 0.9997781721384206,
  "final_position_score": 0.9554734660854632,
  "final_text_color_score": 0.9297497400538614,
  "final_clip_score": 0.9414123296737671
}