{
  "sum_areas": 0.3447947347676143,
  "final_score": 0.9616128841342628,
  "final_size_score": 1.0000000000000002,
  "final_matched_text_score": 0.9867198273233143,
  "final_position_score": 0.9465833146990322,
  "final_text_color_score": 0.9712018323141282,
  "final_clip_score": 0.9035594463348389
}