{
  "sum_areas": 0.09090556007496649,
  "final_score": 0.9308565388899033,
  "final_size_score": 0.9374092322848532,
  "final_matched_text_score": 0.9871428626806731,
  "final_position_score": 0.9268093467539976,
  "final_text_color_score": 0.8734684758211175,
  "final_clip_score": 0.9294527769088745
}