{
  "sum_areas": 0.1760364349592884,
  "final_score": 0.8706746721650656,
  "final_size_score": 0.8174858446787474,
  "final_matched_text_score": 0.9871407446839973,
  "final_position_score": 0.9296908087597552,
  "final_text_color_score": 0.7145679952116776,
  "final_clip_score": 0.9044879674911499
}