{
  "sum_areas": 0.5203390810404941,
  "final_score": 0.941576411684851,
  "final_size_score": 0.9999786121823547,
  "final_matched_text_score": 0.9942167947653954,
  "final_position_score": 0.8254295281670572,
  "final_text_color_score": 0.9771265161813041,
  "final_clip_score": 0.9111306071281433
}