{
  "sum_areas": 0.10751747880040721,
  "final_score": 0.9017704768858652,
  "final_size_score": 0.8055777353639939,
  "final_matched_text_score": 0.9847146401985112,
  "final_position_score": 0.9080782760561515,
  "final_text_color_score": 0.9037948307644659,
  "final_clip_score": 0.9066869020462036
}