{
  "sum_areas": 0.2018467275691277,
  "final_score": 0.9341954550631617,
  "final_size_score": 0.9953659787259808,
  "final_matched_text_score": 0.9951635191156148,
  "final_position_score": 0.7673076923076922,
  "final_text_color_score": 0.9708503751216596,
  "final_clip_score": 0.9422897100448608
}