{
  "sum_areas": 0.12144860558862106,
  "final_score": 0.92010436790593,
  "final_size_score": 0.9746950529461166,
  "final_matched_text_score": 0.9150069026766483,
  "final_position_score": 0.8728039176882033,
  "final_text_color_score": 0.885528676313133,
  "final_clip_score": 0.9524872899055481
}