{
  "sum_areas": 0.47727819587237125,
  "final_score": 0.8945042040820926,
  "final_size_score": 0.9978054934858785,
  "final_matched_text_score": 0.8965106315990002,
  "final_position_score": 0.915390737209098,
  "final_text_color_score": 0.7182419478045965,
  "final_clip_score": 0.9445722103118896
}