{
  "sum_areas": 0.36334528274961075,
  "final_score": 0.8788048394078309,
  "final_size_score": 0.9940669031065383,
  "final_matched_text_score": 0.9022896321837487,
  "final_position_score": 0.7927108436714049,
  "final_text_color_score": 0.7842227701877532,
  "final_clip_score": 0.9207340478897095
}