{
  "sum_areas": 0.26145737944371983,
  "final_score": 0.8183284618106029,
  "final_size_score": 0.6464961733612239,
  "final_matched_text_score": 0.9720150578596642,
  "final_position_score": 0.8303169435248686,
  "final_text_color_score": 0.7441038834527653,
  "final_clip_score": 0.8987102508544922
}