{
  "sum_areas": 0.005944010416666667,
  "final_score": 0.9274936849972356,
  "final_size_score": 0.8081416575392478,
  "final_matched_text_score": 1.0,
  "final_position_score": 0.9840277777777777,
  "final_text_color_score": 0.8840997060692993,
  "final_clip_score": 0.9611992835998535
}