{
  "sum_areas": 0.1147684377114217,
  "final_score": 0.8846073210567491,
  "final_size_score": 0.9911957724911152,
  "final_matched_text_score": 0.9550106236720409,
  "final_position_score": 0.7776923922965897,
  "final_text_color_score": 0.8175979951992441,
  "final_clip_score": 0.8815398216247559
}