{
  "sum_areas": 0.18484127725523258,
  "final_score": 0.9215745559420407,
  "final_size_score": 0.9654276757628403,
  "final_matched_text_score": 0.9940988345120387,
  "final_position_score": 0.8758488896822157,
  "final_text_color_score": 0.836434984180446,
  "final_clip_score": 0.9360623955726624
}