{
  "sum_areas": 0.2061015286796537,
  "final_score": 0.879221298166878,
  "final_size_score": 0.7001879714670635,
  "final_matched_text_score": 0.9910245682931709,
  "final_position_score": 0.8715737573438467,
  "final_text_color_score": 0.9010260634049916,
  "final_clip_score": 0.9322941303253174
}