{
  "sum_areas": 0.1393956633696139,
  "final_score": 0.9123182594391349,
  "final_size_score": 0.9822506897790482,
  "final_matched_text_score": 0.9709300854998391,
  "final_position_score": 0.8006581759359225,
  "final_text_color_score": 0.8976691116707142,
  "final_clip_score": 0.9100832343101501
}