{
  "sum_areas": 0.18781283461722387,
  "final_score": 0.9322688830240526,
  "final_size_score": 0.9892619538726682,
  "final_matched_text_score": 0.9938830349636645,
  "final_position_score": 0.870741921827641,
  "final_text_color_score": 0.904609558766135,
  "final_clip_score": 0.902847945690155
}