{
  "sum_areas": 0.0396670767971284,
  "final_score": 0.8988179568589061,
  "final_size_score": 0.7296504201562373,
  "final_matched_text_score": 1.0,
  "final_position_score": 0.8945039226807512,
  "final_text_color_score": 0.9356795434587326,
  "final_clip_score": 0.9342558979988098
}