{
  "sum_areas": 0.13394736555390913,
  "final_score": 0.8651138489297772,
  "final_size_score": 0.7134217234107888,
  "final_matched_text_score": 0.9934444825983464,
  "final_position_score": 0.8353305033008585,
  "final_text_color_score": 0.8445570608286993,
  "final_clip_score": 0.9388154745101929
}