{
  "sum_areas": 0.5519431102127121,
  "final_score": 0.920831353542895,
  "final_size_score": 0.9997979195819371,
  "final_matched_text_score": 0.9851962245404867,
  "final_position_score": 0.799657918239805,
  "final_text_color_score": 0.9245823296732302,
  "final_clip_score": 0.8949223756790161
}