{
  "sum_areas": 0.20478702278391167,
  "final_score": 0.6997877335633517,
  "final_size_score": 0.12245799391932724,
  "final_matched_text_score": 0.9607683982683982,
  "final_position_score": 0.8001340591665685,
  "final_text_color_score": 0.8382169426969,
  "final_clip_score": 0.777361273765564
}