{
  "sum_areas": 0.24958234644705324,
  "final_score": 0.917418991884267,
  "final_size_score": 0.9857573982449499,
  "final_matched_text_score": 0.9997771036476482,
  "final_position_score": 0.8530006625077354,
  "final_text_color_score": 0.830724917053167,
  "final_clip_score": 0.9178348779678345
}