{
  "sum_areas": 0.47000589120862846,
  "final_score": 0.7651233293236857,
  "final_size_score": 0.4305091108152922,
  "final_matched_text_score": 0.9349494641491809,
  "final_position_score": 0.8254872299036273,
  "final_text_color_score": 0.7828426242439193,
  "final_clip_score": 0.8518282175064087
}