{
  "sum_areas": 0.2210831445673186,
  "final_score": 0.9622763177614133,
  "final_size_score": 1.0,
  "final_matched_text_score": 0.9995577178239717,
  "final_position_score": 0.959737700614915,
  "final_text_color_score": 0.9318740207481231,
  "final_clip_score": 0.9202121496200562
}