{
  "sum_areas": 0.2111660787094207,
  "final_score": 0.9079644306471331,
  "final_size_score": 0.8803683159949143,
  "final_matched_text_score": 0.9555945785083593,
  "final_position_score": 0.8885008885958531,
  "final_text_color_score": 0.9452780183070102,
  "final_clip_score": 0.8700803518295288
}