{
  "sum_areas": 0.2904329427083333,
  "final_score": 0.8897157184957813,
  "final_size_score": 0.8866186211766289,
  "final_matched_text_score": 0.9316327143334476,
  "final_position_score": 0.856467013888889,
  "final_text_color_score": 0.9109423429944911,
  "final_clip_score": 0.8629179000854492
}