{
  "sum_areas": 0.24315950656909696,
  "final_score": 0.8397604849180269,
  "final_size_score": 0.8267603583417695,
  "final_matched_text_score": 0.9772199930835069,
  "final_position_score": 0.8526038610907494,
  "final_text_color_score": 0.642787221854992,
  "final_clip_score": 0.8994309902191162
}