{
  "sum_areas": 0.14614940530106968,
  "final_score": 0.918148029086397,
  "final_size_score": 1.0000000000000004,
  "final_matched_text_score": 0.9853617993677969,
  "final_position_score": 0.7777580083965954,
  "final_text_color_score": 0.9121559960271193,
  "final_clip_score": 0.9154643416404724
}