{
  "sum_areas": 0.3621443243037186,
  "final_score": 0.836544695232599,
  "final_size_score": 0.5067433648522988,
  "final_matched_text_score": 0.9614433440212713,
  "final_position_score": 0.7825520833333334,
  "final_text_color_score": 0.9774975986136843,
  "final_clip_score": 0.9544870853424072
}