{
  "sum_areas": 0.07596152559978823,
  "final_score": 0.9451602369654556,
  "final_size_score": 0.9955725167855868,
  "final_matched_text_score": 0.9934982540024557,
  "final_position_score": 0.9658233513467953,
  "final_text_color_score": 0.8358855430314907,
  "final_clip_score": 0.9350215196609497
}