{
  "sum_areas": 0.20421426492250513,
  "final_score": 0.8809558155012509,
  "final_size_score": 0.9814428959619024,
  "final_matched_text_score": 0.9866503313420297,
  "final_position_score": 0.7772253608884993,
  "final_text_color_score": 0.7207331104686083,
  "final_clip_score": 0.9387273788452148
}