{
  "sum_areas": 0.6340215623051746,
  "final_score": 0.8859747605408059,
  "final_size_score": 0.9816656882834243,
  "final_matched_text_score": 0.928320304200167,
  "final_position_score": 0.8632369157336036,
  "final_text_color_score": 0.7338348563551204,
  "final_clip_score": 0.9228160381317139
}