{
  "sum_areas": 0.26122547448363004,
  "final_score": 0.7432088894691466,
  "final_size_score": 0.24222835159535336,
  "final_matched_text_score": 0.9848634567014013,
  "final_position_score": 0.7732391831965003,
  "final_text_color_score": 0.8385594035949402,
  "final_clip_score": 0.8771540522575378
}