{
  "sum_areas": 0.6719441884096594,
  "final_score": 0.8575362223528327,
  "final_size_score": 0.48272921068374175,
  "final_matched_text_score": 0.9929623091264101,
  "final_position_score": 0.9434572047721081,
  "final_text_color_score": 0.9854879059044381,
  "final_clip_score": 0.8830444812774658
}