{
  "sum_areas": 0.13827244277807801,
  "final_score": 0.872479492119069,
  "final_size_score": 0.9830618407013166,
  "final_matched_text_score": 0.847719027412674,
  "final_position_score": 0.8448344673882584,
  "final_text_color_score": 0.7948440347686936,
  "final_clip_score": 0.8919380903244019
}