{
  "sum_areas": 0.023225911458333335,
  "final_score": 0.933491172047164,
  "final_size_score": 0.9747722494744218,
  "final_matched_text_score": 1.0,
  "final_position_score": 0.809375,
  "final_text_color_score": 0.9960362528207245,
  "final_clip_score": 0.8872723579406738
}