{
  "sum_areas": 0.35847466418525503,
  "final_score": 0.9477882183906522,
  "final_size_score": 0.9950801713783822,
  "final_matched_text_score": 0.9879254912948562,
  "final_position_score": 0.9452926102814598,
  "final_text_color_score": 0.8714316888563507,
  "final_clip_score": 0.9392111301422119
}