{
  "sum_areas": 0.4431817471166063,
  "final_score": 0.9245667359257412,
  "final_size_score": 0.9429981286817017,
  "final_matched_text_score": 0.9478400473271563,
  "final_position_score": 0.836771040503875,
  "final_text_color_score": 0.9744243732798522,
  "final_clip_score": 0.9208000898361206
}