{
  "sum_areas": 0.34818999676657914,
  "final_score": 0.8994265844313759,
  "final_size_score": 0.985556495289467,
  "final_matched_text_score": 0.9421893046643641,
  "final_position_score": 0.8455046135669528,
  "final_text_color_score": 0.8275998953586599,
  "final_clip_score": 0.8962826132774353
}