{
  "sum_areas": 0.33071228709524975,
  "final_score": 0.755763453913847,
  "final_size_score": 0.4574418914253542,
  "final_matched_text_score": 0.8728289285117913,
  "final_position_score": 0.8181837157940097,
  "final_text_color_score": 0.7044762816400513,
  "final_clip_score": 0.9258864521980286
}