{
  "sum_areas": 0.47996053200692046,
  "final_score": 0.9650531782248918,
  "final_size_score": 0.998347855309674,
  "final_matched_text_score": 0.9933495998215843,
  "final_position_score": 0.9283046667356201,
  "final_text_color_score": 0.9426984664087643,
  "final_clip_score": 0.9625653028488159
}