{
  "sum_areas": 0.23515903113423245,
  "final_score": 0.9406977972166217,
  "final_size_score": 0.9977312175362227,
  "final_matched_text_score": 0.9818386918072878,
  "final_position_score": 0.9412782126647975,
  "final_text_color_score": 0.8403656379586201,
  "final_clip_score": 0.9422752261161804
}