{
  "sum_areas": 0.15407182631227845,
  "final_score": 0.8493504040355703,
  "final_size_score": 0.6244266435381944,
  "final_matched_text_score": 0.9641985642845697,
  "final_position_score": 0.887495669512144,
  "final_text_color_score": 0.844114967572862,
  "final_clip_score": 0.9265161752700806
}