{
  "sum_areas": 0.17220827151583196,
  "final_score": 0.9267553818573409,
  "final_size_score": 0.980914206958153,
  "final_matched_text_score": 0.9929863865709455,
  "final_position_score": 0.8638026422781774,
  "final_text_color_score": 0.8709410412238735,
  "final_clip_score": 0.9251326322555542
}