{
  "sum_areas": 0.18768229166666664,
  "final_score": 0.8892283639268899,
  "final_size_score": 0.9391390314971554,
  "final_matched_text_score": 0.9799352567137202,
  "final_position_score": 0.862140625,
  "final_text_color_score": 0.8776866396236468,
  "final_clip_score": 0.7872402667999268
}