{
  "sum_areas": 0.01864970833142723,
  "final_score": 0.9137558873646197,
  "final_size_score": 0.8952942966857871,
  "final_matched_text_score": 1.0,
  "final_position_score": 0.8598177083333333,
  "final_text_color_score": 0.8875937018120648,
  "final_clip_score": 0.9260737299919128
}