{
  "sum_areas": 0.09557697223075586,
  "final_score": 0.9047682462103585,
  "final_size_score": 0.9461123441845756,
  "final_matched_text_score": 0.9811309416525844,
  "final_position_score": 0.9219702716316224,
  "final_text_color_score": 0.8003386973905348,
  "final_clip_score": 0.8742889761924744
}