{
  "sum_areas": 0.21072096641777896,
  "final_score": 0.9137419817413394,
  "final_size_score": 0.9688249571510238,
  "final_matched_text_score": 0.9859649122807016,
  "final_position_score": 0.9265545371640984,
  "final_text_color_score": 0.7529686391271693,
  "final_clip_score": 0.9343968629837036
}