{
  "sum_areas": 0.22435460248271563,
  "final_score": 0.799952065701028,
  "final_size_score": 0.5512187187684984,
  "final_matched_text_score": 0.9977324263038548,
  "final_position_score": 0.7883482819059674,
  "final_text_color_score": 0.7742627642434936,
  "final_clip_score": 0.8881981372833252
}