{
  "sum_areas": 0.4400027301465686,
  "final_score": 0.8927655050759186,
  "final_size_score": 0.9983692750725098,
  "final_matched_text_score": 0.8886194932331846,
  "final_position_score": 0.8888242393226732,
  "final_text_color_score": 0.811018358197697,
  "final_clip_score": 0.8769961595535278
}