{
  "sum_areas": 0.10547407648073422,
  "final_score": 0.8814431208835114,
  "final_size_score": 0.8155834097240681,
  "final_matched_text_score": 0.999647639182523,
  "final_position_score": 0.8480055124741027,
  "final_text_color_score": 0.848173803359434,
  "final_clip_score": 0.8958052396774292
}