{
  "sum_areas": 0.32505169928214644,
  "final_score": 0.9089059412432063,
  "final_size_score": 0.9765541917090312,
  "final_matched_text_score": 0.9746913211901284,
  "final_position_score": 0.9081347738245402,
  "final_text_color_score": 0.7987499119697483,
  "final_clip_score": 0.886399507522583
}