{
  "sum_areas": 0.06492438947826977,
  "final_score": 0.5719922675225381,
  "final_size_score": 0.18930675728179297,
  "final_matched_text_score": 0.880382775119617,
  "final_position_score": 0.40634334533449495,
  "final_text_color_score": 0.5957816064298245,
  "final_clip_score": 0.7881468534469604
}