{
  "sum_areas": 0.30254447374454563,
  "final_score": 0.8361091158460845,
  "final_size_score": 0.6009024909996016,
  "final_matched_text_score": 0.9813620324832694,
  "final_position_score": 0.8480433671637937,
  "final_text_color_score": 0.8477116079753897,
  "final_clip_score": 0.9025260806083679
}