{
  "sum_areas": 0.41850674599177146,
  "final_score": 0.8627464853734481,
  "final_size_score": 0.9744546630068066,
  "final_matched_text_score": 0.9718568454462979,
  "final_position_score": 0.8726205410706861,
  "final_text_color_score": 0.5722454671604964,
  "final_clip_score": 0.9225549101829529
}