{
  "sum_areas": 0.17542158968983596,
  "final_score": 0.9136991087120947,
  "final_size_score": 0.995886680792401,
  "final_matched_text_score": 0.994331983805668,
  "final_position_score": 0.8278545673076921,
  "final_text_color_score": 0.8653639086395752,
  "final_clip_score": 0.8850584030151367
}