{
  "sum_areas": 0.5800940289863317,
  "final_score": 0.9445443851336116,
  "final_size_score": 0.9939947083409629,
  "final_matched_text_score": 0.9944742955020061,
  "final_position_score": 0.8760753819013778,
  "final_text_color_score": 0.9715614291220142,
  "final_clip_score": 0.8866161108016968
}