{
  "sum_areas": 0.14194380947587007,
  "final_score": 0.9319769454678211,
  "final_size_score": 0.9912327659973543,
  "final_matched_text_score": 0.9883785774857401,
  "final_position_score": 0.8922406187114937,
  "final_text_color_score": 0.9245090434495705,
  "final_clip_score": 0.8635237216949463
}