{
  "sum_areas": 0.34476476527083205,
  "final_score": 0.9037947530062642,
  "final_size_score": 0.9880033550455551,
  "final_matched_text_score": 0.9936938523371615,
  "final_position_score": 0.8462835674943534,
  "final_text_color_score": 0.7919975906791528,
  "final_clip_score": 0.8989953994750977
}