{
  "sum_areas": 0.11839234403325505,
  "final_score": 0.8933784653025989,
  "final_size_score": 0.9798314200920196,
  "final_matched_text_score": 0.9422526340475431,
  "final_position_score": 0.806427479426085,
  "final_text_color_score": 0.8261691363769122,
  "final_clip_score": 0.9122116565704346
}