{
  "sum_areas": 0.485348993992611,
  "final_score": 0.9043470071917312,
  "final_size_score": 1.0,
  "final_matched_text_score": 0.9501466946709634,
  "final_position_score": 0.9154077902249445,
  "final_text_color_score": 0.752647688399479,
  "final_clip_score": 0.903532862663269
}