{
  "sum_areas": 0.19766103549374497,
  "final_score": 0.7921578140920692,
  "final_size_score": 0.39395073401236064,
  "final_matched_text_score": 0.9858333333333335,
  "final_position_score": 0.7972153904258052,
  "final_text_color_score": 0.8901161331318092,
  "final_clip_score": 0.8936734795570374
}