{
  "sum_areas": 0.62613444416303,
  "final_score": 0.9239886324051677,
  "final_size_score": 0.9999999999999998,
  "final_matched_text_score": 0.959390117624066,
  "final_position_score": 0.8915207870212936,
  "final_text_color_score": 0.8376735623502665,
  "final_clip_score": 0.9313586950302124
}