{
  "sum_areas": 0.18730015324332713,
  "final_score": 0.7950311508595855,
  "final_size_score": 0.22291296846319925,
  "final_matched_text_score": 0.9375968760584146,
  "final_position_score": 0.8968227447830007,
  "final_text_color_score": 0.960334866577175,
  "final_clip_score": 0.9574882984161377
}