{
  "sum_areas": 0.42599323942404993,
  "final_score": 0.9265759217603758,
  "final_size_score": 0.9952892555148258,
  "final_matched_text_score": 0.9831299594826991,
  "final_position_score": 0.8935951379847481,
  "final_text_color_score": 0.8558049645293234,
  "final_clip_score": 0.9050602912902832
}