{
  "sum_areas": 0.21677756659655237,
  "final_score": 0.870846717511999,
  "final_size_score": 0.7566915444300819,
  "final_matched_text_score": 0.9965274999599942,
  "final_position_score": 0.8678457721015842,
  "final_text_color_score": 0.8291675351064203,
  "final_clip_score": 0.9040012359619141
}