{
  "sum_areas": 0.5079926136050549,
  "final_score": 0.9355621230265001,
  "final_size_score": 0.9984059091952309,
  "final_matched_text_score": 0.970776555448737,
  "final_position_score": 0.9125573845263975,
  "final_text_color_score": 0.9095493073363417,
  "final_clip_score": 0.8865214586257935
}