{
  "sum_areas": 0.29206472091521907,
  "final_score": 0.6857543983601536,
  "final_size_score": 0.11664119294564884,
  "final_matched_text_score": 0.6732673267326733,
  "final_position_score": 0.8919286521084338,
  "final_text_color_score": 0.8661097772894027,
  "final_clip_score": 0.8808250427246094
}