{
  "sum_areas": 0.04323168910082972,
  "final_score": 0.6995712114831172,
  "final_size_score": 0.6228249081851547,
  "final_matched_text_score": 0.75,
  "final_position_score": 0.8402343750000001,
  "final_text_color_score": 0.4930006860117421,
  "final_clip_score": 0.791796088218689
}