{
  "sum_areas": 0.1124880642361111,
  "final_score": 0.48132055896888615,
  "final_size_score": 0.10604905998900348,
  "final_matched_text_score": 0.626938775510204,
  "final_position_score": 0.58125,
  "final_text_color_score": 0.20590692006147093,
  "final_clip_score": 0.8864580392837524
}