{
  "sum_areas": 0.1373472681415924,
  "final_score": 0.6107860397745379,
  "final_size_score": 0.17712852046011596,
  "final_matched_text_score": 0.8111891522778265,
  "final_position_score": 0.6604511969646075,
  "final_text_color_score": 0.5215629419287755,
  "final_clip_score": 0.8835983872413635
}