{
  "sum_areas": 0.3031421536213428,
  "final_score": 0.6467679349692173,
  "final_size_score": 0.5194143217813495,
  "final_matched_text_score": 0.6812333319071863,
  "final_position_score": 0.7590094551840242,
  "final_text_color_score": 0.44531429605317707,
  "final_clip_score": 0.8288682699203491
}