{
  "sum_areas": 0.23457215057443243,
  "final_score": 0.4690237877367087,
  "final_size_score": 0.01171371906041865,
  "final_matched_text_score": 0.9166666666666666,
  "final_position_score": 0.35624999999999996,
  "final_text_color_score": 0.22726664057242485,
  "final_clip_score": 0.8332219123840332
}