{
  "sum_areas": 0.2279172680344118,
  "final_score": 0.5639947442607354,
  "final_size_score": 0.18785956974392268,
  "final_matched_text_score": 0.8375462465688027,
  "final_position_score": 0.5526575357016237,
  "final_text_color_score": 0.4526474188689481,
  "final_clip_score": 0.7892629504203796
}