{
  "sum_areas": 0.07047673864595747,
  "final_score": 0.5300137196426759,
  "final_size_score": 0.017782426835828185,
  "final_matched_text_score": 0.5,
  "final_position_score": 0.729296875,
  "final_text_color_score": 0.5419389290222045,
  "final_clip_score": 0.8610503673553467
}