{
  "sum_areas": 0.288426611029027,
  "final_score": 0.6222944608442007,
  "final_size_score": 0.20890389589322358,
  "final_matched_text_score": 0.8237406817915293,
  "final_position_score": 0.6949352749341495,
  "final_text_color_score": 0.5508484590827224,
  "final_clip_score": 0.8330439925193787
}