{
  "sum_areas": 0.19385708009224825,
  "final_score": 0.47530170296144303,
  "final_size_score": 0.011672814055293952,
  "final_matched_text_score": 0.7380952380952381,
  "final_position_score": 0.14786673760037464,
  "final_text_color_score": 0.702783341526645,
  "final_clip_score": 0.7760903835296631
}