{
  "sum_areas": 0.09843307291666666,
  "final_score": 0.6134871384585914,
  "final_size_score": 0.04211829632549613,
  "final_matched_text_score": 0.7407407407407407,
  "final_position_score": 0.7585937500000001,
  "final_text_color_score": 0.8661097772894027,
  "final_clip_score": 0.6598731279373169
}