{
  "sum_areas": 0.2855786829349494,
  "final_score": 0.6494348740089907,
  "final_size_score": 0.11208862228230913,
  "final_matched_text_score": 0.83744557329463,
  "final_position_score": 0.7019266036926688,
  "final_text_color_score": 0.717418745221451,
  "final_clip_score": 0.878294825553894
}