{
  "sum_areas": 0.11725424271533783,
  "final_score": 0.6020979729427804,
  "final_size_score": 0.035180305037071424,
  "final_matched_text_score": 0.5625,
  "final_position_score": 0.8767050912584053,
  "final_text_color_score": 0.6464526930583181,
  "final_clip_score": 0.8896517753601074
}