{
  "sum_areas": 0.09765917636547794,
  "final_score": 0.5219088041990357,
  "final_size_score": 0.04517882974638314,
  "final_matched_text_score": 0.7468919968919968,
  "final_position_score": 0.33989891973886693,
  "final_text_color_score": 0.6541687107866021,
  "final_clip_score": 0.8234055638313293
}