{
  "sum_areas": 0.2063954265897002,
  "final_score": 0.34354446146773576,
  "final_size_score": 0.012660481574399992,
  "final_matched_text_score": 0.5185185185185185,
  "final_position_score": 0.2621093750000001,
  "final_text_color_score": 0.1829451178918171,
  "final_clip_score": 0.7414888143539429
}