{
  "sum_areas": 0.08689462014725567,
  "final_score": 0.611805403407426,
  "final_size_score": 0.1989295079891524,
  "final_matched_text_score": 0.7641549595572584,
  "final_position_score": 0.6850691655510932,
  "final_text_color_score": 0.6666667169932142,
  "final_clip_score": 0.7442066669464111
}