{
  "sum_areas": 0.2109309101623512,
  "final_score": 0.5909791417966647,
  "final_size_score": 0.1128538385151243,
  "final_matched_text_score": 0.6828479588556734,
  "final_position_score": 0.47376514784294727,
  "final_text_color_score": 0.7865956081375591,
  "final_clip_score": 0.898833155632019
}