{
  "sum_areas": 0.18581865150300364,
  "final_score": 0.4838889858074984,
  "final_size_score": 0.015874215345936596,
  "final_matched_text_score": 0.712121212121212,
  "final_position_score": 0.3663300111720278,
  "final_text_color_score": 0.4630784342421566,
  "final_clip_score": 0.8620410561561584
}