{
  "sum_areas": 0.11131161771402545,
  "final_score": 0.5090848085012845,
  "final_size_score": 0.07219729637475408,
  "final_matched_text_score": 0.6478813559322034,
  "final_position_score": 0.7355009818989071,
  "final_text_color_score": 0.30715722110573296,
  "final_clip_score": 0.7826871871948242
}