{
  "sum_areas": 0.14525896912283084,
  "final_score": 0.49580775281559664,
  "final_size_score": 0.059414907485819686,
  "final_matched_text_score": 0.7162162162162162,
  "final_position_score": 0.3790780722764522,
  "final_text_color_score": 0.4805517923350298,
  "final_clip_score": 0.8437777757644653
}