{
  "sum_areas": 0.18098712358912925,
  "final_score": 0.6402069390608656,
  "final_size_score": 0.08740808265703674,
  "final_matched_text_score": 0.7091503267973857,
  "final_position_score": 0.7817365967365968,
  "final_text_color_score": 0.846631126166989,
  "final_clip_score": 0.7761085629463196
}