{
  "sum_areas": 0.5808312965846436,
  "final_score": 0.8879489126855429,
  "final_size_score": 0.9991684390839398,
  "final_matched_text_score": 0.8888686813747153,
  "final_position_score": 0.8787261333469469,
  "final_text_color_score": 0.9024959084685475,
  "final_clip_score": 0.7704854011535645
}