{
  "sum_areas": 0.3749032753790096,
  "final_score": 0.8203735166693154,
  "final_size_score": 0.5955825049400155,
  "final_matched_text_score": 0.9822169309525,
  "final_position_score": 0.9264062533772235,
  "final_text_color_score": 0.688147526496424,
  "final_clip_score": 0.9095143675804138
}