{
  "sum_areas": 0.4409165278422462,
  "final_score": 0.9048936895202631,
  "final_size_score": 0.9998565926621596,
  "final_matched_text_score": 0.921442018334355,
  "final_position_score": 0.8798964281837264,
  "final_text_color_score": 0.8109985709271775,
  "final_clip_score": 0.9122748374938965
}