{
  "sum_areas": 0.1720226789624521,
  "final_score": 0.909832948423555,
  "final_size_score": 0.9364825185531551,
  "final_matched_text_score": 0.9844541757898029,
  "final_position_score": 0.9191943961382281,
  "final_text_color_score": 0.773793859766471,
  "final_clip_score": 0.9352397918701172
}