{
  "sum_areas": 0.25913202509132205,
  "final_score": 0.9330448709382886,
  "final_size_score": 0.9784382998335872,
  "final_matched_text_score": 0.9888293871839209,
  "final_position_score": 0.9525997526063411,
  "final_text_color_score": 0.8183747506846587,
  "final_clip_score": 0.9269821643829346
}