{
  "sum_areas": 0.16075465298283026,
  "final_score": 0.9156940173579212,
  "final_size_score": 0.9999527510652402,
  "final_matched_text_score": 0.9819315792328523,
  "final_position_score": 0.8726979619940598,
  "final_text_color_score": 0.8160308532743091,
  "final_clip_score": 0.9078569412231445
}