{
  "sum_areas": 0.38665396724957724,
  "final_score": 0.8747190553421403,
  "final_size_score": 0.9843583289487777,
  "final_matched_text_score": 0.9856327689510153,
  "final_position_score": 0.8399107514477805,
  "final_text_color_score": 0.6582365267665089,
  "final_clip_score": 0.9054569005966187
}