{
  "sum_areas": 0.019623359967245006,
  "final_score": 0.9110151065124271,
  "final_size_score": 0.9004894762820185,
  "final_matched_text_score": 1.0,
  "final_position_score": 0.9288666753546004,
  "final_text_color_score": 0.774876285146097,
  "final_clip_score": 0.950843095779419
}