{
  "sum_areas": 0.17002216787644225,
  "final_score": 0.9604136468077393,
  "final_size_score": 1.0,
  "final_matched_text_score": 0.9900455595082069,
  "final_position_score": 0.9520177438948857,
  "final_text_color_score": 0.9087023426496109,
  "final_clip_score": 0.9513025879859924
}