{
  "sum_areas": 0.45197289608036895,
  "final_score": 0.7598880651807058,
  "final_size_score": 0.4298572253725448,
  "final_matched_text_score": 0.9458553883650361,
  "final_position_score": 0.8220318363282586,
  "final_text_color_score": 0.7309919402145205,
  "final_clip_score": 0.870703935623169
}