{
  "sum_areas": 0.14916941955094706,
  "final_score": 0.8917674286489948,
  "final_size_score": 0.9951627820469442,
  "final_matched_text_score": 0.994331983805668,
  "final_position_score": 0.8119371952935415,
  "final_text_color_score": 0.7559302294010665,
  "final_clip_score": 0.9014749526977539
}