{
  "sum_areas": 0.21721304301993458,
  "final_score": 0.9077837148225172,
  "final_size_score": 0.9985635882980728,
  "final_matched_text_score": 0.987773825304939,
  "final_position_score": 0.9147320970577651,
  "final_text_color_score": 0.7092923827724872,
  "final_clip_score": 0.9285566806793213
}