{
  "sum_areas": 0.02893771701388889,
  "final_score": 0.9518086610165318,
  "final_size_score": 0.9527916307323109,
  "final_matched_text_score": 1.0,
  "final_position_score": 0.8767361111111112,
  "final_text_color_score": 0.9839651214972933,
  "final_clip_score": 0.9455504417419434
}