{
  "sum_areas": 0.6149430379130298,
  "final_score": 0.9128631934173632,
  "final_size_score": 0.9810968687477405,
  "final_matched_text_score": 0.9373214286921482,
  "final_position_score": 0.9241636708155958,
  "final_text_color_score": 0.7733039970956437,
  "final_clip_score": 0.9484300017356873
}