{
  "sum_areas": 0.45920855413064415,
  "final_score": 0.9257227787254486,
  "final_size_score": 0.9952228240700862,
  "final_matched_text_score": 0.9850095998580617,
  "final_position_score": 0.8957584273160326,
  "final_text_color_score": 0.8461669295214289,
  "final_clip_score": 0.9064561128616333
}