{
  "sum_areas": 0.36215726723535746,
  "final_score": 0.8707290096621654,
  "final_size_score": 0.9931051381731737,
  "final_matched_text_score": 0.9666836695648173,
  "final_position_score": 0.8467328916479538,
  "final_text_color_score": 0.6676431061956948,
  "final_clip_score": 0.879480242729187
}