{
  "sum_areas": 0.12213695015838641,
  "final_score": 0.9118260221997935,
  "final_size_score": 0.9810188219803012,
  "final_matched_text_score": 0.9377151462994837,
  "final_position_score": 0.8482695234626423,
  "final_text_color_score": 0.8444197410712679,
  "final_clip_score": 0.9477068781852722
}