{
  "sum_areas": 0.06786892361111112,
  "final_score": 0.9093305226525271,
  "final_size_score": 0.9999999999999998,
  "final_matched_text_score": 0.910957459909725,
  "final_position_score": 0.8318514384920636,
  "final_text_color_score": 0.8926135679759287,
  "final_clip_score": 0.9112301468849182
}