{
  "sum_areas": 0.1754834693768604,
  "final_score": 0.8592224306770291,
  "final_size_score": 0.8076972795214614,
  "final_matched_text_score": 0.9894140225363635,
  "final_position_score": 0.8425381624852109,
  "final_text_color_score": 0.7601604656365437,
  "final_clip_score": 0.8963022232055664
}