{
  "sum_areas": 0.14194770939429494,
  "final_score": 0.9148116269611144,
  "final_size_score": 0.9826093197369883,
  "final_matched_text_score": 0.975618595585708,
  "final_position_score": 0.7682316463958678,
  "final_text_color_score": 0.921508094189913,
  "final_clip_score": 0.9260904788970947
}