{
  "sum_areas": 0.11860864313292369,
  "final_score": 0.9138114510956505,
  "final_size_score": 0.9398772618880975,
  "final_matched_text_score": 1.0,
  "final_position_score": 0.8009547957032652,
  "final_text_color_score": 0.9219577933306153,
  "final_clip_score": 0.9062674045562744
}