{
  "sum_areas": 0.2898746553248436,
  "final_score": 0.9034563000676876,
  "final_size_score": 0.9446737160889407,
  "final_matched_text_score": 0.9653476658150636,
  "final_position_score": 0.8002033638601982,
  "final_text_color_score": 0.9074075517505961,
  "final_clip_score": 0.8996492028236389
}