{
  "sum_areas": 0.15249539764871495,
  "final_score": 0.8899274954211647,
  "final_size_score": 0.9758317156003287,
  "final_matched_text_score": 0.9680056388435777,
  "final_position_score": 0.7707832573943982,
  "final_text_color_score": 0.8514115042827165,
  "final_clip_score": 0.8836053609848022
}