{
  "sum_areas": 0.22628536263069168,
  "final_score": 0.9192703442200187,
  "final_size_score": 1.0,
  "final_matched_text_score": 0.9487565470768394,
  "final_position_score": 0.816014383612381,
  "final_text_color_score": 0.943528744111893,
  "final_clip_score": 0.8880520462989807
}