{
  "sum_areas": 0.10686189569978632,
  "final_score": 0.7872771233188789,
  "final_size_score": 0.5709475423946587,
  "final_matched_text_score": 0.971264367816092,
  "final_position_score": 0.7963043647613962,
  "final_text_color_score": 0.7776248505219359,
  "final_clip_score": 0.8202444911003113
}