{
  "sum_areas": 0.5214665217872577,
  "final_score": 0.8621722781599908,
  "final_size_score": 0.5779724531056637,
  "final_matched_text_score": 0.9638823327165507,
  "final_position_score": 0.9752567540682318,
  "final_text_color_score": 0.9010831534073709,
  "final_clip_score": 0.8926666975021362
}