{
  "sum_areas": 0.03088557336315434,
  "final_score": 0.9208873757570952,
  "final_size_score": 0.8903945199339769,
  "final_matched_text_score": 0.9954594017094016,
  "final_position_score": 0.9117596846879981,
  "final_text_color_score": 0.8962876984947492,
  "final_clip_score": 0.9105355739593506
}