{
  "sum_areas": 0.17134292783457875,
  "final_score": 0.8626720228981329,
  "final_size_score": 0.9814215200946136,
  "final_matched_text_score": 0.968783592217505,
  "final_position_score": 0.8829356214632338,
  "final_text_color_score": 0.5762147472886452,
  "final_clip_score": 0.9040046334266663
}