{
  "sum_areas": 0.14126071297123924,
  "final_score": 0.8845354745935179,
  "final_size_score": 0.7281020444739633,
  "final_matched_text_score": 0.9915069614514012,
  "final_position_score": 0.8771315259873612,
  "final_text_color_score": 0.8807889690837333,
  "final_clip_score": 0.9451478719711304
}