{
  "sum_areas": 0.06419309827439049,
  "final_score": 0.9232398869310773,
  "final_size_score": 0.8906251063106533,
  "final_matched_text_score": 0.9998274672187715,
  "final_position_score": 0.9574401860042284,
  "final_text_color_score": 0.8694277431225268,
  "final_clip_score": 0.8988789319992065
}