{
  "sum_areas": 0.05048463660787592,
  "final_score": 0.9016347136579924,
  "final_size_score": 0.9076763311787182,
  "final_matched_text_score": 0.9585008487447512,
  "final_position_score": 0.8351562500000002,
  "final_text_color_score": 0.8492848443296267,
  "final_clip_score": 0.9575552940368652
}