{
  "sum_areas": 0.2648279043528566,
  "final_score": 0.8973086671592623,
  "final_size_score": 0.9960648137031933,
  "final_matched_text_score": 0.950176519534774,
  "final_position_score": 0.8785501090171209,
  "final_text_color_score": 0.7876069817751706,
  "final_clip_score": 0.8741449117660522
}