{
  "sum_areas": 0.24008637849356093,
  "final_score": 0.8899772445058916,
  "final_size_score": 0.9214711161529773,
  "final_matched_text_score": 0.9959207459207459,
  "final_position_score": 0.8206758156439541,
  "final_text_color_score": 0.8578867005773132,
  "final_clip_score": 0.8539318442344666
}