{
  "sum_areas": 0.07435004340277777,
  "final_score": 0.9472423237729809,
  "final_size_score": 1.0000000000000002,
  "final_matched_text_score": 0.9182384351914445,
  "final_position_score": 0.9635912698412697,
  "final_text_color_score": 0.9587736079010983,
  "final_clip_score": 0.8956083059310913
}