{
  "sum_areas": 0.17190189830043856,
  "final_score": 0.9428967380011246,
  "final_size_score": 1.0000000000000002,
  "final_matched_text_score": 0.9963275484242496,
  "final_position_score": 0.858542663997347,
  "final_text_color_score": 0.9312527769767263,
  "final_clip_score": 0.9283607006072998
}