{
  "sum_areas": 0.20243700534690548,
  "final_score": 0.932665317092638,
  "final_size_score": 0.9953794908789348,
  "final_matched_text_score": 0.9795604395604396,
  "final_position_score": 0.8136117788461539,
  "final_text_color_score": 0.9477928310040162,
  "final_clip_score": 0.926982045173645
}