{
  "sum_areas": 0.08708621395188558,
  "final_score": 0.9017154051204284,
  "final_size_score": 0.9888308396191418,
  "final_matched_text_score": 0.9928703105173694,
  "final_position_score": 0.9323524196833433,
  "final_text_color_score": 0.6616164108947445,
  "final_clip_score": 0.9329070448875427
}