{
  "sum_areas": 0.017225477430555556,
  "final_score": 0.9400929120072196,
  "final_size_score": 1.0,
  "final_matched_text_score": 1.0,
  "final_position_score": 0.8041666666666667,
  "final_text_color_score": 0.9960362528207245,
  "final_clip_score": 0.900261640548706
}