{
  "sum_areas": 0.19269981149278007,
  "final_score": 0.9700576623200163,
  "final_size_score": 1.0,
  "final_matched_text_score": 0.9997781721384206,
  "final_position_score": 0.9362457232204461,
  "final_text_color_score": 0.9562736506696202,
  "final_clip_score": 0.9579907655715942
}