{
  "sum_areas": 0.3281225239152034,
  "final_score": 0.7587179042996,
  "final_size_score": 0.30229305165304937,
  "final_matched_text_score": 0.9761944156481359,
  "final_position_score": 0.8005864820052208,
  "final_text_color_score": 0.8548474365485881,
  "final_clip_score": 0.8596681356430054
}