{
  "sum_areas": 0.006399739583333334,
  "final_score": 0.8803776081507044,
  "final_size_score": 0.750593421498813,
  "final_matched_text_score": 1.0,
  "final_position_score": 0.9881944444444445,
  "final_text_color_score": 0.7051920212763292,
  "final_clip_score": 0.9579081535339355
}