{
  "sum_areas": 0.6013377070491212,
  "final_score": 0.9120399481834256,
  "final_size_score": 0.9957181731438443,
  "final_matched_text_score": 0.9475351185545511,
  "final_position_score": 0.8902624130968313,
  "final_text_color_score": 0.7880738400083147,
  "final_clip_score": 0.9386101961135864
}