{
  "sum_areas": 0.3823824288651149,
  "final_score": 0.8550476197981045,
  "final_size_score": 0.9141691188250297,
  "final_matched_text_score": 0.9862507224268072,
  "final_position_score": 0.8195399924663092,
  "final_text_color_score": 0.7344138262617564,
  "final_clip_score": 0.8208644390106201
}