{
  "sum_areas": 0.21771101169194582,
  "final_score": 0.9092324452578637,
  "final_size_score": 0.9480369198097262,
  "final_matched_text_score": 0.9787751010854234,
  "final_position_score": 0.9602915816618376,
  "final_text_color_score": 0.7185029320132764,
  "final_clip_score": 0.9405556917190552
}