{
  "sum_areas": 0.19608491315602997,
  "final_score": 0.7710045800087472,
  "final_size_score": 0.40485033463872094,
  "final_matched_text_score": 0.9741199322499784,
  "final_position_score": 0.8335279171854637,
  "final_text_color_score": 0.7835069266057113,
  "final_clip_score": 0.8590177893638611
}