{
  "sum_areas": 0.08290746533892521,
  "final_score": 0.8718001162356952,
  "final_size_score": 0.9999999999999998,
  "final_matched_text_score": 0.9762020822665984,
  "final_position_score": 0.9310647601444927,
  "final_text_color_score": 0.5461378997437946,
  "final_clip_score": 0.9055958390235901
}