{
  "sum_areas": 0.5739582324708469,
  "final_score": 0.9372546183365608,
  "final_size_score": 0.9994580443484622,
  "final_matched_text_score": 0.9889980683631477,
  "final_position_score": 0.9130909587033285,
  "final_text_color_score": 0.8506708111080136,
  "final_clip_score": 0.9340552091598511
}