{
  "sum_areas": 0.42840690449685864,
  "final_score": 0.8005820104662599,
  "final_size_score": 0.4749976941531149,
  "final_matched_text_score": 0.9368579170642986,
  "final_position_score": 0.817745058244451,
  "final_text_color_score": 0.8547315330044752,
  "final_clip_score": 0.9185778498649597
}