{
  "sum_areas": 0.4316988280959726,
  "final_score": 0.882982065738334,
  "final_size_score": 0.9560374042720641,
  "final_matched_text_score": 0.8741890750499377,
  "final_position_score": 0.8877742734959576,
  "final_text_color_score": 0.771841435843804,
  "final_clip_score": 0.9250681400299072
}