{
  "sum_areas": 0.5370524237484491,
  "final_score": 0.8677811086597598,
  "final_size_score": 0.9852103932225476,
  "final_matched_text_score": 0.9658471699674566,
  "final_position_score": 0.7793034225291774,
  "final_text_color_score": 0.7581631832204857,
  "final_clip_score": 0.8503813743591309
}