{
  "sum_areas": 0.21128427549646767,
  "final_score": 0.5323814587210038,
  "final_size_score": 0.027213042516562556,
  "final_matched_text_score": 0.5261904761904762,
  "final_position_score": 0.5130441626206457,
  "final_text_color_score": 0.7556087693246065,
  "final_clip_score": 0.8398508429527283
}