{
  "sum_areas": 0.13487019958751037,
  "final_score": 0.6716449386758975,
  "final_size_score": 0.4051556859792671,
  "final_matched_text_score": 0.728021284521962,
  "final_position_score": 0.7290665085021582,
  "final_text_color_score": 0.7163027504402478,
  "final_clip_score": 0.779678463935852
}