{
  "sum_areas": 0.26858683142111633,
  "final_score": 0.5944664120955133,
  "final_size_score": 0.08703174081522964,
  "final_matched_text_score": 0.875,
  "final_position_score": 0.6255859375,
  "final_text_color_score": 0.5048753790762469,
  "final_clip_score": 0.8798390030860901
}