{
  "sum_areas": 0.24019656659196317,
  "final_score": 0.5493050453749464,
  "final_size_score": 0.13642994103791573,
  "final_matched_text_score": 0.6115484383668451,
  "final_position_score": 0.681315073225143,
  "final_text_color_score": 0.6107089518647624,
  "final_clip_score": 0.7065228223800659
}