{
  "sum_areas": 0.2797366006779884,
  "final_score": 0.70088357592822,
  "final_size_score": 0.02319038060030912,
  "final_matched_text_score": 0.88,
  "final_position_score": 0.82578125,
  "final_text_color_score": 0.9003660211889232,
  "final_clip_score": 0.8750802278518677
}