{
  "sum_areas": 0.0857381995174964,
  "final_score": 0.6987324464733445,
  "final_size_score": 0.4129738438070581,
  "final_matched_text_score": 0.8,
  "final_position_score": 0.8303706709956711,
  "final_text_color_score": 0.5876210699199502,
  "final_clip_score": 0.862696647644043
}