{
  "sum_areas": 0.07019899198673506,
  "final_score": 0.7461245665716492,
  "final_size_score": 0.38358654007144205,
  "final_matched_text_score": 0.7857142857142857,
  "final_position_score": 0.776896723054169,
  "final_text_color_score": 0.9943204179905171,
  "final_clip_score": 0.790104866027832
}