{
  "sum_areas": 0.14324613990952736,
  "final_score": 0.6260503886748034,
  "final_size_score": 0.25134392224904184,
  "final_matched_text_score": 0.8845679012345679,
  "final_position_score": 0.7037760416666666,
  "final_text_color_score": 0.4737029851794597,
  "final_clip_score": 0.816861093044281
}