{
  "sum_areas": 0.20474209439328275,
  "final_score": 0.5974773157534919,
  "final_size_score": 0.10937180253048386,
  "final_matched_text_score": 1.0,
  "final_position_score": 0.5030719573853377,
  "final_text_color_score": 0.6669131314470054,
  "final_clip_score": 0.7080296874046326
}