{
  "sum_areas": 0.2971887720069553,
  "final_score": 0.630280780389689,
  "final_size_score": 0.29340056567683087,
  "final_matched_text_score": 0.708134475014037,
  "final_position_score": 0.6045757259907658,
  "final_text_color_score": 0.6918822356276816,
  "final_clip_score": 0.8534108996391296
}