{
  "sum_areas": 0.0731496477956061,
  "final_score": 0.5590585927068533,
  "final_size_score": 0.015905147759922755,
  "final_matched_text_score": 0.8333333333333334,
  "final_position_score": 0.601558995941494,
  "final_text_color_score": 0.5666418187634629,
  "final_clip_score": 0.7778536677360535
}