{
  "sum_areas": 0.3576690684445318,
  "final_score": 0.4768507167110609,
  "final_size_score": 0.015641782475514843,
  "final_matched_text_score": 0.5523809523809524,
  "final_position_score": 0.4098263473812664,
  "final_text_color_score": 0.61671454322202,
  "final_clip_score": 0.7896899580955505
}