{
  "sum_areas": 0.20685613431028843,
  "final_score": 0.44568460395175613,
  "final_size_score": 0.01651004596641194,
  "final_matched_text_score": 0.5465838509316769,
  "final_position_score": 0.6792201188986233,
  "final_text_color_score": 0.1829451178918171,
  "final_clip_score": 0.8031638860702515
}