{
  "sum_areas": 0.14022346368023886,
  "final_score": 0.5852743848757633,
  "final_size_score": 0.21134942998594222,
  "final_matched_text_score": 0.8444022770398482,
  "final_position_score": 0.5988411738776976,
  "final_text_color_score": 0.4170052240287648,
  "final_clip_score": 0.8547738194465637
}