{
  "sum_areas": 0.20473701311297327,
  "final_score": 0.5706557609442557,
  "final_size_score": 0.012972954215945126,
  "final_matched_text_score": 0.7608695652173914,
  "final_position_score": 0.6021484375,
  "final_text_color_score": 0.6548529455967798,
  "final_clip_score": 0.8224349021911621
}