{
  "sum_areas": 0.21514727522821767,
  "final_score": 0.4686908522117641,
  "final_size_score": 0.014731833042682566,
  "final_matched_text_score": 0.8823529411764706,
  "final_position_score": 0.10511587882622325,
  "final_text_color_score": 0.49731168105726703,
  "final_clip_score": 0.8439419269561768
}