{
  "sum_areas": 0.05112814015776578,
  "final_score": 0.6118360966032024,
  "final_size_score": 0.11566281400680573,
  "final_matched_text_score": 0.8272463768115942,
  "final_position_score": 0.5591654998833216,
  "final_text_color_score": 0.7135660178964128,
  "final_clip_score": 0.8435397744178772
}