{
  "sum_areas": 0.192935436663758,
  "final_score": 0.574940224416283,
  "final_size_score": 0.2380105976236203,
  "final_matched_text_score": 0.708994708994709,
  "final_position_score": 0.7023437499999999,
  "final_text_color_score": 0.3288409875822266,
  "final_clip_score": 0.8965110778808594
}