{
  "sum_areas": 0.10424153645833333,
  "final_score": 0.5481556238961842,
  "final_size_score": 0.043302209869989276,
  "final_matched_text_score": 0.8571428571428571,
  "final_position_score": 0.5756510416666667,
  "final_text_color_score": 0.4182898561078045,
  "final_clip_score": 0.8463921546936035
}