{
  "sum_areas": 0.1033968968126648,
  "final_score": 0.5659867738801608,
  "final_size_score": 0.10784441508895237,
  "final_matched_text_score": 0.7177328843995511,
  "final_position_score": 0.5814349537943889,
  "final_text_color_score": 0.5808649840759802,
  "final_clip_score": 0.8420566320419312
}