{
  "sum_areas": 0.2812624293726342,
  "final_score": 0.6600953294793434,
  "final_size_score": 0.012805632893892556,
  "final_matched_text_score": 1.0,
  "final_position_score": 0.601479347584057,
  "final_text_color_score": 0.8661097772894027,
  "final_clip_score": 0.820081889629364
}