{
  "sum_areas": 0.1790191856481721,
  "final_score": 0.9148245481118903,
  "final_size_score": 0.9989343988382131,
  "final_matched_text_score": 0.9986707687863958,
  "final_position_score": 0.8567404063679612,
  "final_text_color_score": 0.825413524827989,
  "final_clip_score": 0.8943636417388916
}