{
  "sum_areas": 0.3764990526604148,
  "final_score": 0.9150504088925211,
  "final_size_score": 0.9945330272644207,
  "final_matched_text_score": 0.9833638827311885,
  "final_position_score": 0.8620470253735337,
  "final_text_color_score": 0.8228571994788995,
  "final_clip_score": 0.912450909614563
}