{
  "sum_areas": 0.5580198585329814,
  "final_score": 0.772479252814963,
  "final_size_score": 0.3403686126226386,
  "final_matched_text_score": 0.9500483880290344,
  "final_position_score": 0.7897133431764164,
  "final_text_color_score": 0.8722062893759063,
  "final_clip_score": 0.9100596308708191
}