{
  "sum_areas": 0.21048905767306797,
  "final_score": 0.8777170304180459,
  "final_size_score": 0.7013454263240229,
  "final_matched_text_score": 0.9874916173084408,
  "final_position_score": 0.8977572194847487,
  "final_text_color_score": 0.8486000522573193,
  "final_clip_score": 0.9533908367156982
}