{
  "sum_areas": 0.3317905959179357,
  "final_score": 0.8516947738830954,
  "final_size_score": 0.5796892139096056,
  "final_matched_text_score": 0.985698082301856,
  "final_position_score": 0.8652755318583737,
  "final_text_color_score": 0.9117792038822625,
  "final_clip_score": 0.9160318374633789
}