{
  "sum_areas": 0.30823283877535385,
  "final_score": 0.911220948162168,
  "final_size_score": 0.8686307284394227,
  "final_matched_text_score": 0.9981330419153274,
  "final_position_score": 0.9548935107218892,
  "final_text_color_score": 0.8476849599249352,
  "final_clip_score": 0.8867624998092651
}