{
  "sum_areas": 0.19705468564429213,
  "final_score": 0.9000661643208923,
  "final_size_score": 0.9764315559454524,
  "final_matched_text_score": 0.9832912176290293,
  "final_position_score": 0.8785496877570036,
  "final_text_color_score": 0.7345438072029075,
  "final_clip_score": 0.9275145530700684
}