{
  "sum_areas": 0.4323061036810918,
  "final_score": 0.9450903991681193,
  "final_size_score": 0.9145159325441727,
  "final_matched_text_score": 0.95634317051942,
  "final_position_score": 0.9396277235818734,
  "final_text_color_score": 0.964629904989198,
  "final_clip_score": 0.9503352642059326
}