{
  "sum_areas": 0.4906008356544893,
  "final_score": 0.949096117711314,
  "final_size_score": 1.0000000000000002,
  "final_matched_text_score": 0.9698378942765198,
  "final_position_score": 0.9276402386379203,
  "final_text_color_score": 0.9495793203615197,
  "final_clip_score": 0.8984231352806091
}