{
  "sum_areas": 0.09218920991150512,
  "final_score": 0.7515572534820347,
  "final_size_score": 0.3645775224949535,
  "final_matched_text_score": 0.9066279115621221,
  "final_position_score": 0.7728417752698056,
  "final_text_color_score": 0.8628750053107705,
  "final_clip_score": 0.850864052772522
}