{
  "sum_areas": 0.1955988977080166,
  "final_score": 0.9470048572169039,
  "final_size_score": 0.9952179585845989,
  "final_matched_text_score": 0.9951635191156148,
  "final_position_score": 0.814002403846154,
  "final_text_color_score": 0.9695031097688632,
  "final_clip_score": 0.9611372947692871
}