{
  "sum_areas": 0.19353831281565656,
  "final_score": 0.8640792169145683,
  "final_size_score": 0.9660919850724818,
  "final_matched_text_score": 0.982424168312514,
  "final_position_score": 0.8140276116427432,
  "final_text_color_score": 0.7833042658036476,
  "final_clip_score": 0.7745480537414551
}