{
  "sum_areas": 0.6335692677300097,
  "final_score": 0.9104254530095363,
  "final_size_score": 0.998494148771884,
  "final_matched_text_score": 0.9883409785932722,
  "final_position_score": 0.8730445123487903,
  "final_text_color_score": 0.8320046624965152,
  "final_clip_score": 0.8602429628372192
}