{
  "sum_areas": 0.3126041377271622,
  "final_score": 0.8063369318212946,
  "final_size_score": 0.4335476383498876,
  "final_matched_text_score": 0.9572234247234248,
  "final_position_score": 0.8573728886255826,
  "final_text_color_score": 0.8318439539056854,
  "final_clip_score": 0.9516967535018921
}