{
  "sum_areas": 0.40503560900324637,
  "final_score": 0.8982499900772534,
  "final_size_score": 0.960591066660061,
  "final_matched_text_score": 0.9783156448795324,
  "final_position_score": 0.8781462741185037,
  "final_text_color_score": 0.8480619850032854,
  "final_clip_score": 0.826134979724884
}