{
  "sum_areas": 0.2596519093965196,
  "final_score": 0.8924736180361432,
  "final_size_score": 0.9927159570197287,
  "final_matched_text_score": 0.9802338050873387,
  "final_position_score": 0.7711714870923349,
  "final_text_color_score": 0.7945296998298854,
  "final_clip_score": 0.9237171411514282
}