{
  "sum_areas": 0.26053437046130745,
  "final_score": 0.7999707990474859,
  "final_size_score": 0.4638779110606931,
  "final_matched_text_score": 0.9160301247417296,
  "final_position_score": 0.9295934185212147,
  "final_text_color_score": 0.8204897460376933,
  "final_clip_score": 0.8698627948760986
}