{
  "sum_areas": 0.6209722655167635,
  "final_score": 0.8908634618209252,
  "final_size_score": 0.9956766273426376,
  "final_matched_text_score": 0.9023055438556968,
  "final_position_score": 0.8643442356204397,
  "final_text_color_score": 0.7417864106705571,
  "final_clip_score": 0.9502044916152954
}