{
  "sum_areas": 0.07560980902777778,
  "final_score": 0.9185399533987845,
  "final_size_score": 1.0,
  "final_matched_text_score": 0.9229189398719494,
  "final_position_score": 0.8798611111111111,
  "final_text_color_score": 0.9437057792051372,
  "final_clip_score": 0.8462139368057251
}