{
  "sum_areas": 0.23606797312481584,
  "final_score": 0.8452169788045494,
  "final_size_score": 0.8666176819928239,
  "final_matched_text_score": 0.8746686038957763,
  "final_position_score": 0.8081475475703654,
  "final_text_color_score": 0.8258944153611445,
  "final_clip_score": 0.8507566452026367
}