{
  "sum_areas": 0.0045735677083333336,
  "final_score": 0.8578931743388317,
  "final_size_score": 0.9641755634638198,
  "final_matched_text_score": 1.0,
  "final_position_score": 0.9805555555555556,
  "final_text_color_score": 0.48609688331671996,
  "final_clip_score": 0.8586378693580627
}