{
  "sum_areas": 0.08546809848501477,
  "final_score": 0.7766480284950802,
  "final_size_score": 0.5694042259020374,
  "final_matched_text_score": 0.9816433566433567,
  "final_position_score": 0.782178550597271,
  "final_text_color_score": 0.6487268112660242,
  "final_clip_score": 0.9012871980667114
}