{
  "sum_areas": 0.4069770438393803,
  "final_score": 0.8633543643421231,
  "final_size_score": 0.9536163006891477,
  "final_matched_text_score": 0.9840155971720007,
  "final_position_score": 0.8238951099821131,
  "final_text_color_score": 0.7102509245355354,
  "final_clip_score": 0.8449938893318176
}