{
  "sum_areas": 0.2531159935451154,
  "final_score": 0.7750379473502514,
  "final_size_score": 0.5472754286202625,
  "final_matched_text_score": 0.9844546485166327,
  "final_position_score": 0.7077662572690199,
  "final_text_color_score": 0.7512083364082998,
  "final_clip_score": 0.8844850659370422
}